time,fraction_neurons_with_any_gate_flip,mean_neuron_gate_flip_fraction,mass_weighted_gate_flip_fraction,frozen_gate_relative_rms_error,frozen_gate_relative_rms_error_cluster1,frozen_gate_relative_rms_error_cluster2
2.15,0.0,0.0,0.0,0.0,0.0,0.0
2.16,0.59,0.0007037500000000001,0.0009232899533299171,1.2005694869220039e-06,1.1418806358664632e-07,8.873037291533371e-06
2.17,0.63,0.0013175,0.0016719614807939917,3.6371093801624457e-06,3.259896557901902e-07,2.61786945379464e-05
2.18,0.65,0.00203625,0.0025680767017000664,7.097540998771962e-06,6.467072947682115e-07,4.9720116962400775e-05
2.19,0.665,0.00271625,0.0034778107272049512,1.173616707572017e-05,1.0861205704967085e-06,8.001937926234849e-05
2.2,0.675,0.0034062499999999996,0.004302579202007896,1.7480437888186003e-05,1.6307083806276203e-06,0.00011601450741335944
2.21,0.685,0.00411375,0.005219568425923921,2.4290002803615246e-05,2.2914146898379193e-06,0.00015692592816730596
2.22,0.69,0.0047575000000000004,0.0061257626868573,3.230278340617347e-05,3.121277521533957e-06,0.00020314210335934367
2.23,0.69,0.00536,0.006881946707653587,4.126945436605169e-05,4.095951420127004e-06,0.0002526451493507355
2.24,0.69,0.0059925,0.007692115231742745,5.121806322224999e-05,5.217732808552935e-06,0.00030526608109695966
2.25,0.69,0.00664625,0.008480326175449289,6.216004926411704e-05,6.4778540134234294e-06,0.00036075414302688604
2.2600000000000002,0.695,0.0072575,0.00918837948577996,7.397472082461242e-05,7.856735025467822e-06,0.00041812919151546586
2.27,0.7,0.007835000000000002,0.009942149383834946,8.664464007526714e-05,9.349259772079547e-06,0.00047707300720603227
2.2800000000000002,0.695,0.008425,0.010657701911554473,0.0001001999768682609,1.0966690176018312e-05,0.0005375467858518562
2.29,0.71,0.009000000000000001,0.01140451513691128,0.00011451527599619887,1.2710254475991427e-05,0.0005986970429778769
2.3000000000000003,0.715,0.009631250000000001,0.012183232587668708,0.00012962081745781308,1.4604292861613837e-05,0.0006605461002879268
2.31,0.715,0.010154999999999999,0.01286292549705163,0.00014546395693772196,1.6880152138428314e-05,0.0007225836781012167
2.3200000000000003,0.715,0.01072125,0.013522377918978076,0.0001619314874632093,1.9382332285131287e-05,0.0007842588061007229
2.33,0.715,0.011310000000000002,0.01426760574951832,0.0001790916583446111,2.2173549799444527e-05,0.0008458327751623605
2.3400000000000003,0.715,0.011877500000000001,0.014997742208690608,0.0001968885550861854,2.523593453247639e-05,0.0009070087003641783
2.35,0.715,0.01243125,0.015618516445208796,0.0002152376148812641,2.8510454124579107e-05,0.0009674170616445051
2.3600000000000003,0.71,0.012970000000000002,0.016261083086942595,0.00023413668611930424,3.202553021717306e-05,0.001027049850290609
2.37,0.71,0.01351,0.016865403602513117,0.00025358584329868226,3.585117986606909e-05,0.0010858897315193742
2.38,0.705,0.014038750000000003,0.01748421494360318,0.00027354086585769046,4.003470786896501e-05,0.001143747181248285
2.39,0.705,0.01453125,0.018066880277352523,0.00029397508373106275,4.456933919581694e-05,0.0012005576243111482
2.4,0.72,0.015032499999999999,0.018700266178340242,0.00031499335940670845,4.989353800268187e-05,0.0012565367776024908
2.41,0.72,0.015492500000000003,0.019279692731298054,0.00033646720419362546,5.586602095581348e-05,0.0013112715106837311
2.42,0.725,0.01602875,0.01988044631616133,0.00035840607044609646,6.26774576153708e-05,0.001364728946935729
2.43,0.735,0.01652875,0.020472896194630472,0.00038077076300856903,7.019407087692428e-05,0.0014168860413720963
2.44,0.735,0.01703375,0.02107883360515507,0.0004035004829192822,7.830188642498819e-05,0.0014676470916811367
2.45,0.735,0.017487500000000003,0.021556975072769678,0.0004265720112029385,8.69628562829893e-05,0.0015170291544467445
2.46,0.735,0.01794625,0.022075091143235206,0.0004498960525972493,9.632045288427437e-05,0.001564688013973444
2.47,0.735,0.01837875,0.02257708933807746,0.00047347500429919723,0.0001063409560354527,0.0016107473902064872
2.48,0.735,0.0188725,0.023125583030925566,0.0004973108392272333,0.0001169746829939807,0.0016553405132544248
2.49,0.735,0.01930875,0.023639869347641052,0.0005213266604651098,0.00012818864912882906,0.0016983162725514227
2.5,0.735,0.01975,0.024149693816318134,0.0005455733720478649,0.00014015425693915151,0.0017398121874957618
2.5100000000000002,0.735,0.02022,0.024661235477604106,0.0005699917273399465,0.00015280841807281337,0.0017797599042252976
2.52,0.735,0.0206975,0.02519427608723614,0.0005945948021005087,0.00016612884236887008,0.0018183085718247785
2.5300000000000002,0.735,0.021102500000000003,0.025662829375112255,0.0006193510999062242,0.0001801829290301199,0.001855381941119726
2.54,0.735,0.02148625,0.026122414984681458,0.000644227103030192,0.00019484940708308827,0.001891057091461388
2.5500000000000003,0.74,0.021925000000000004,0.02665702693104085,0.0006691767850906062,0.0002102227273262961,0.0019251915486625806
2.56,0.74,0.022331250000000004,0.027067178779160667,0.0006942194210653978,0.00022637076795033368,0.0019578660980909624
2.5700000000000003,0.74,0.022757500000000003,0.027559908151138034,0.0007193873973195814,0.00024349285260536442,0.0019890680522666676
2.58,0.74,0.023131250000000003,0.027969450868637686,0.0007446608058312513,0.0002615640797290235,0.0020188111417323612
2.5900000000000003,0.74,0.0235025,0.028371404268188086,0.0007699283807652,0.00028037508333146523,0.002047011000218059
2.6,0.74,0.023876249999999998,0.028791789207445757,0.0007952529358041322,0.00030012779099869815,0.0020737249890389075
2.6100000000000003,0.74,0.02422875,0.029158959839989618,0.0008205423113406373,0.0003205345837022573,0.0020990131092003548
2.62,0.735,0.024575,0.02952323682182556,0.0008457551942618473,0.00034152129250857174,0.0021228946156785643
2.6300000000000003,0.735,0.024932499999999996,0.029922948286288158,0.0008709176446476166,0.0003630903961790012,0.0021455086103032935
2.64,0.735,0.025233750000000003,0.030220073559679397,0.0008959680573113316,0.0003852173275760234,0.0021667621261436234
2.65,0.735,0.025581250000000003,0.03055208468185354,0.000920855274884547,0.0004078282775844039,0.0021866465038047067
2.66,0.74,0.025902500000000002,0.03092105253298502,0.0009455917015244915,0.0004308808098040902,0.002205302316686841
2.67,0.74,0.02624875,0.03130308803610461,0.0009701623116589561,0.00045433801452114604,0.002222782717602724
2.68,0.74,0.02655875,0.031617469885287595,0.0009944973928368358,0.0004780978314321049,0.0022390591603808157
2.69,0.74,0.0268575,0.031919389046319184,0.001018546027511185,0.0005020849376955745,0.002254130459457781
2.7,0.74,0.027152500000000003,0.03217305678620673,0.0010422754808693956,0.000526232849505633,0.002268037203989372
2.71,0.74,0.027448750000000004,0.032458472622543005,0.0010656721684462378,0.000550529687666189,0.002280808074456696
2.72,0.745,0.02771,0.03269410755905662,0.0010886837442684253,0.0005748817387056442,0.0022924585430125132
2.73,0.75,0.027965,0.03291570436049682,0.0011112968438650294,0.0005992939916774589,0.0023029931781835076
2.74,0.75,0.02820125,0.03311972169957177,0.001133548849436755,0.00062382846423729,0.002312478808892795
2.75,0.75,0.028415000000000003,0.03334037028579489,0.0011554032045250381,0.000648408730587155,0.002320943044478517
2.7600000000000002,0.75,0.02864,0.03354393441874625,0.0011767876041517834,0.0006728903124596997,0.002328403141437235
2.77,0.75,0.02888625,0.03376662775211334,0.0011977060618974008,0.0006972870738713034,0.002334886523782879
2.7800000000000002,0.75,0.029086249999999998,0.033949172587364386,0.0012181647625875436,0.0007216151954581896,0.002340417526263974
2.79,0.75,0.029282500000000003,0.03410184967838257,0.001238116631400226,0.0007457741270251499,0.002345023330932733
2.8000000000000003,0.75,0.0294825,0.034271340143096594,0.0012575758263285864,0.000769780339300532,0.0023487439284340435
2.81,0.75,0.029678750000000004,0.03443749734091312,0.0012764861759190268,0.000793523371355977,0.0023515940808372846
2.8200000000000003,0.75,0.0298825,0.0346085013128363,0.0012948395797083183,0.0008169863203106962,0.0023535946913003512
2.83,0.75,0.03008,0.034763849134360286,0.0013126283780687104,0.0008401379802741017,0.0023547842053653714
2.8400000000000003,0.745,0.03024875,0.03489380375395053,0.0013298519503481619,0.0008629729955536571,0.0023551828591049898
2.85,0.745,0.030432499999999994,0.03504243568728113,0.001346494327708887,0.0008854540901618506,0.00235481097446024
2.8600000000000003,0.745,0.030623749999999998,0.03519007509433096,0.0013625769046109563,0.0009076065805121986,0.0023537005383406436
2.87,0.75,0.030808750000000003,0.03533646214446302,0.001378098413022922,0.0009294229257301453,0.002351865219832854
2.8800000000000003,0.76,0.030984999999999995,0.0354704870840876,0.001393067095944506,0.000950910833962774,0.002349320476468035
2.89,0.76,0.03115375,0.03557494763520409,0.0014074926315861425,0.0009720765229653738,0.002346085147516292
2.9000000000000004,0.76,0.03128875,0.035636180080431595,0.00142132557658598,0.0009928154424318205,0.0023421770655822293
2.91,0.76,0.031433749999999996,0.0357112778676386,0.0014345467008893154,0.0010130815369195584,0.0023376129754277605
2.92,0.76,0.03157625,0.03579386187137662,0.0014471741517858541,0.0010328930081067555,0.002332415958392828
2.93,0.76,0.03167625,0.035816393601624384,0.0014592531165933684,0.001052322188072098,0.0023265995897343694
2.94,0.765,0.031792499999999994,0.03586630334018486,0.0014707505307628595,0.0010712951607613256,0.002320180390679816
2.95,0.765,0.031920000000000004,0.035898066178649435,0.0014816563666992413,0.0010897812041453655,0.0023131739865244654
2.96,0.765,0.03201875,0.03592094088408611,0.0014920387226888868,0.001107887084856375,0.002305598783997743
2.97,0.765,0.0321375,0.03596187366013212,0.0015018524026430764,0.0011255174600176628,0.0022974704216166563
2.98,0.765,0.032249999999999994,0.035999663756264524,0.001511080969188119,0.0011426305429973875,0.0022888030070132405
2.99,0.765,0.032326249999999994,0.03599878030798933,0.0015197282290918643,0.0011592189836926643,0.0022796130184291204
3.0,0.765,0.032407500000000006,0.036004403319722204,0.0015278205606134969,0.0011753154848459547,0.002269915469950131
3.0100000000000002,0.765,0.03250625,0.03601260591887075,0.0015353738277345842,0.0011909339468359776,0.0022597246852972736
3.02,0.765,0.032613750000000004,0.03601679498403003,0.0015423644605258363,0.0012060203477941328,0.002249054331258355
3.0300000000000002,0.765,0.0326575,0.03596079502568121,0.001548815343658383,0.0012206014279094925,0.002237917643827485
3.04,0.765,0.032725,0.03591977253259711,0.0015547473569786318,0.0012346984282142716,0.0022263300915914383
3.0500000000000003,0.765,0.03278375,0.03586596918163124,0.0015601838777054779,0.001248336743168299,0.0022143064839730458
3.06,0.765,0.0328575,0.03584990522700055,0.00156513290322881,0.0012615168376645435,0.002201859239187333
3.0700000000000003,0.765,0.03292375,0.03580673929299012,0.001569585231280395,0.001274207697610639,0.0021890050936815724
3.08,0.765,0.03299125,0.035764166929261716,0.0015735499573421303,0.0012864141556493704,0.002175753258064168
3.0900000000000003,0.765,0.0330525,0.03572138070640526,0.0015770643003899822,0.0012981844869327673,0.002162118229118754
3.1,0.765,0.033120000000000004,0.0356634815358697,0.0015801494716452666,0.001309543089203173,0.002148108976379558
3.1100000000000003,0.76,0.03319,0.03563464402206609,0.0015828053234041625,0.0013204745088665852,0.002133741738567933
3.12,0.76,0.033249999999999995,0.03558980385660438,0.0015850361963991152,0.0013309747318877565,0.002119026730103781
3.1300000000000003,0.76,0.0333375,0.035587266433822005,0.001586849194398696,0.001341041400882405,0.0021039793861437677
3.14,0.76,0.033391250000000004,0.035534663779086796,0.00158826082269357,0.0013506917185727389,0.0020886082453016146
3.1500000000000004,0.765,0.0334775,0.03554356700301812,0.0015892898587282851,0.0013599445145938722,0.0020729251569495434
3.16,0.76,0.033545000000000005,0.035508659220065415,0.001589966402292118,0.0013688395729239589,0.002056937012793835
3.1700000000000004,0.76,0.03363125,0.035517632311512184,0.0015902842008972183,0.0013773492454343878,0.0020406659443466054
3.18,0.765,0.033697500000000005,0.03548598682234014,0.0015902863346401756,0.001385533090751673,0.002024120430124112
3.19,0.765,0.033775,0.03546383143704507,0.0015899534939677164,0.0013933472189592234,0.002007315373412344
3.2,0.76,0.03387,0.03546288902942437,0.001589290045478535,0.001400790508726902,0.001990257958906611
3.21,0.765,0.033933750000000006,0.03542965164205249,0.0015883313298211505,0.0014079066411895145,0.001972962915684858
3.22,0.765,0.03399,0.03541035644739037,0.0015870645557894173,0.0014146731545837564,0.00195542723620846
3.23,0.765,0.03405625,0.035395836511931664,0.0015855061905382499,0.0014211039339208018,0.0019376659432857157
3.24,0.765,0.0341075,0.03535681200649894,0.0015836743079349369,0.0014272239758462615,0.001919678180940217
3.25,0.765,0.034165,0.035331029091445476,0.0015816104038585935,0.00143308525782102,0.0019014799203809234
3.2600000000000002,0.755,0.03422625,0.03531695392904099,0.0015793090696286682,0.0014386627273420625,0.0018830950830630098
3.27,0.765,0.034305,0.03531607080348927,0.0015767772298318995,0.0014439577630587252,0.0018645348148062168
3.2800000000000002,0.765,0.0343525,0.0352588755684033,0.0015740328359425057,0.0014489914595601488,0.0018458052070244664
3.29,0.76,0.0344325,0.0353204458834184,0.0015710827870935458,0.0014537720442674607,0.0018269043659671935
3.3000000000000003,0.76,0.034513749999999996,0.03533790107749283,0.0015679394400303225,0.001458312141641709,0.0018078379690056742
3.31,0.765,0.0346075,0.03539708593510097,0.0015646208754693126,0.0014626286808950507,0.0017886202846492504
3.3200000000000003,0.765,0.03472875,0.035466728841623336,0.0015611526774655033,0.0014667482782968258,0.0017692688248692335
3.33,0.765,0.034805,0.03549475655550034,0.001557549209751322,0.0014706770313595015,0.0017498084606791093
3.3400000000000003,0.765,0.0348775,0.035498760743937305,0.0015538260606864686,0.0014744381312143309,0.0017302334142202816
3.35,0.765,0.034978749999999996,0.035555110393551685,0.001549995405776863,0.0014780496498035727,0.0017105373080032761
3.3600000000000003,0.765,0.03507,0.03560647840255031,0.0015460736193938025,0.0014815312116469182,0.0016907229696955688
3.37,0.765,0.035147500000000005,0.03563609363812418,0.001542080145656314,0.0014848970377153222,0.0016708139133998344
3.3800000000000003,0.76,0.035215,0.035665060858701865,0.0015380310127769312,0.0014881648135381194,0.0016508158481082218
3.39,0.76,0.03533875,0.035762422224122854,0.001533944382520925,0.0014913457332249571,0.0016307551290221508
3.4000000000000004,0.765,0.03548625,0.03593619566169257,0.0015298446458509433,0.0014944751788496967,0.0016106254731909889
3.41,0.765,0.03560125,0.036073726268036545,0.0015257521094501497,0.0014975695472965002,0.001590448433433802
3.4200000000000004,0.765,0.0357025,0.03616060554371703,0.001521684560321707,0.0015006455253861579,0.0015702370263578301
3.43,0.765,0.03580375,0.03624375959743636,0.0015176631860884628,0.0015037230002900397,0.0015500081687581688
3.44,0.765,0.035945,0.03637959649118013,0.0015136921615186197,0.0015068137355195516,0.0015297412526646189
3.45,0.765,0.036076250000000004,0.03651299629672443,0.0015097956480833524,0.001509949254719212,0.0015094351787954595
3.46,0.765,0.03617375,0.03658185634754425,0.0015059936523623917,0.001513146834949193,0.0014891076294075115
3.47,0.765,0.03625375,0.03661091571753387,0.0015023172436040273,0.001516426878027213,0.001468806715667264
3.48,0.765,0.03637625,0.03674158629799013,0.001498790086974734,0.0015198192050115817,0.0014485333264114594
3.49,0.765,0.03653375,0.03690573308946619,0.0014954267632605537,0.0015233479806611079,0.0014282698244703648
3.5,0.765,0.0366625,0.03703300953021729,0.0014922444749238212,0.001527035630010597,0.0014080106826478828
3.5100000000000002,0.765,0.03678625,0.03714624777359233,0.0014892757138525712,0.0015309119190377535,0.0013877851188049738
3.52,0.765,0.0369125,0.03727415159065708,0.0014865298055158614,0.0015349835695524967,0.0013675991051820835
3.5300000000000002,0.77,0.03699499999999999,0.03733265319070881,0.001484028309779281,0.0015392769702599022,0.001347451542100775
3.54,0.77,0.03706,0.03735398577838328,0.00148180289153893,0.0015438223340125071,0.0013273675004085337
3.5500000000000003,0.77,0.037135,0.037414514556425464,0.0014798493893398374,0.0015486164279101913,0.001307329630015931
3.56,0.77,0.037228750000000005,0.037481077011952135,0.0014781813685721809,0.001553670214837398,0.0012873479255682849
3.5700000000000003,0.77,0.037335,0.03755257768280205,0.0014768321546126835,0.001559020735240085,0.0012674349768123725
3.58,0.77,0.037448749999999996,0.03763533853575355,0.0014758198209839438,0.001564689460530159,0.0012475881675377554
3.5900000000000003,0.77,0.03754,0.03766652280595925,0.001475150302593858,0.001570681581695206,0.0012278039339235
3.6,0.77,0.03764125,0.03771808433415744,0.0014748457545769105,0.0015770179711381495,0.001208096985535771
3.6100000000000003,0.77,0.037691249999999996,0.03771021256984486,0.0014749372021230184,0.0015837352380697787,0.0011884706354873527
3.62,0.77,0.03777,0.03775550713820178,0.0014754357790716915,0.0015908324010568654,0.0011689617729145672
3.6300000000000003,0.77,0.0378275,0.03778478221193802,0.0014763309676848533,0.0015982993630355743,0.0011495480086630165
3.64,0.77,0.03792375,0.03781983568426384,0.0014776412120789425,0.0016061598149749972,0.0011302212328194942
3.6500000000000004,0.77,0.03799,0.037819590398201215,0.0014793795785121653,0.001614424419048973,0.001110992019936099
3.66,0.77,0.03804875,0.03783330394018171,0.001481563755973602,0.001623099169790414,0.0010919083317016568
3.6700000000000004,0.77,0.03806125,0.0377906168827355,0.001484199495125477,0.0016321862399491928,0.0010729813528018984
3.68,0.77,0.03814625,0.0378071579506411,0.0014872887446686636,0.0016416916131814416,0.0010541928018481764
3.6900000000000004,0.77,0.03824125,0.037875391070598306,0.0014908463508025549,0.0016516337987611059,0.0010355389258972123
3.7,0.77,0.0383325,0.037922238796627955,0.0014948842355802033,0.0016620259476480446,0.0010170215071197614
3.71,0.77,0.038377499999999995,0.03790771736692777,0.001499401752134079,0.0016728593356901088,0.0009986643151756343
3.72,0.77,0.0384275,0.03791346806052436,0.00150440388132578,0.001684135053698956,0.0009804845786904636
3.73,0.77,0.038489999999999996,0.03793582500608354,0.001509911234746425,0.001695873724040847,0.0009625040761473848
3.74,0.77,0.0385575,0.03796977534979089,0.0015159122017998805,0.0017080633317945824,0.0009447114344545583
3.75,0.77,0.038621249999999996,0.03803110775475697,0.0015224023533112676,0.0017207061672292426,0.0009270742579504513
3.7600000000000002,0.77,0.038683749999999996,0.03805349869801946,0.0015293791698771412,0.0017338024390830254,0.0009095774867651619
3.77,0.77,0.038737499999999994,0.03805617982697952,0.0015368527432274303,0.0017473566384329344,0.000892257610875469
3.7800000000000002,0.77,0.03879875,0.03807495999292364,0.0015448284183971616,0.001761375385214048,0.0008751185047315687
3.79,0.77,0.038841249999999994,0.03805517127451339,0.0015532820449499687,0.0017758320578395931,0.0008581466004543529
3.8000000000000003,0.77,0.0389275,0.03809570809185334,0.0015622288361193232,0.0017907405237886295,0.000841372783929934
3.81,0.77,0.03897,0.03809894425102415,0.0015716797109278065,0.0018061200824633914,0.0008247778600736484
3.8200000000000003,0.77,0.03903375,0.038108134147392655,0.0015816128245060746,0.0018219457959719018,0.0008083569778654044
3.83,0.77,0.0390725,0.038084382177131594,0.001592021750493376,0.0018382097760234518,0.0007921185083280755
3.8400000000000003,0.77,0.0391025,0.03805094369726026,0.0016029007390886718,0.001854900301178812,0.0007760981582725326
3.85,0.77,0.03915125,0.03802238377678754,0.001614270923429918,0.001872047829486152,0.0007602885255294419
3.8600000000000003,0.77,0.039235,0.03807039344645208,0.0016261040281523394,0.0018896236460161711,0.000744668095398705
3.87,0.77,0.03931125,0.03810592968649958,0.0016384001794654626,0.0019076333990612564,0.0007292198444851893
3.8800000000000003,0.77,0.039335,0.03808311536660895,0.0016511362856323456,0.001926049495705469,0.0007139524945768601
3.89,0.77,0.0393925,0.03806163607803874,0.0016643004658468243,0.0019448595073784712,0.0006988693357747826
3.9000000000000004,0.77,0.03942999999999999,0.03804039797049463,0.0016778920112751165,0.001964060550101749,0.0006840024438315935
3.91,0.77,0.039467499999999996,0.03801547283540207,0.001691907020731906,0.001983648239202635,0.0006693719982724575
3.9200000000000004,0.77,0.039487499999999995,0.03796628253489379,0.0017063439993166177,0.0020036251946430766,0.0006549731118401462
3.93,0.77,0.039543749999999996,0.03793559420783892,0.0017211813921814735,0.0020239783867475464,0.0006407364158712483
3.9400000000000004,0.77,0.03956625,0.03788976568899607,0.001736387258855953,0.0020446682249653206,0.0006266856727784166
3.95,0.77,0.03959624999999999,0.03782296263909248,0.001751968088877036,0.002065701310004689,0.0006128560791606972
3.9600000000000004,0.77,0.039615,0.037760647275349876,0.0017679128108535496,0.0020870661196079592,0.0005992605891105618
3.97,0.77,0.03964875,0.03774247747515479,0.0017842184283559616,0.0021087639485233146,0.0005858900708081745
3.98,0.77,0.039667499999999994,0.03766566161796422,0.001800873382716423,0.002130786641123439,0.0005727252961038783
3.99,0.77,0.039702499999999995,0.0376220238941764,0.0018178737347423232,0.002153130504793148,0.0005597860229017025
4.0,0.77,0.0397225,0.03758901116365917,0.0018352089495453174,0.002175787246250798,0.000547063626633025
4.01,0.77,0.03974625,0.037534792874297764,0.0018528536864965335,0.0021987304398195127,0.0005345488294109135
4.0200000000000005,0.77,0.039741250000000006,0.03748193726360637,0.0018708047332752617,0.0022219539888183137,0.0005222942402806885
4.03,0.77,0.039795000000000004,0.03750794856719307,0.0018890446850612405,0.002245443507161511,0.0005102704219399324
4.04,0.77,0.039825,0.0375033880166296,0.0019075739281125895,0.0022692072673995015,0.000498432746493712
4.05,0.77,0.03984125,0.037451158499551086,0.0019263817608384693,0.002293231480162366,0.0004868200364475931
4.0600000000000005,0.77,0.039918749999999996,0.037511670987474634,0.0019454609369754078,0.0023175102383683924,0.0004754357486218001
4.07,0.77,0.03992875,0.037467337226739277,0.0019647948810079044,0.0023420277443562494,0.00046426671682793654
4.08,0.77,0.03999875,0.03754718766089757,0.001984376943188942,0.002366779700048646,0.0004533034793781398
4.09,0.77,0.0400825,0.03765231549253844,0.0020042241722955092,0.0023917903485720614,0.000442536387625404
4.1000000000000005,0.77,0.040139999999999995,0.03770018572187648,0.00202432704743909,0.0024170476997113868,0.0004320033983964135
4.11,0.77,0.04021375,0.03775930385952584,0.0020446759566991176,0.0024425451598439527,0.00042167576056955595
4.12,0.77,0.04025625,0.037801240867907204,0.0020652623190646514,0.0024682742551334243,0.00041156143936366856
4.13,0.77,0.04031,0.0378649509009223,0.0020860756080460516,0.0024942233691333826,0.00040167945826491045
4.140000000000001,0.77,0.04035125,0.037872052183600576,0.002107114809434781,0.002520393383814708,0.00039203615256165153
4.15,0.77,0.04038125,0.03788706101308416,0.002128364219737504,0.002546769377987217,0.00038260817775020187
4.16,0.77,0.04045375,0.0379795855671744,0.002149810739390353,0.0025733377640606045,0.00037339563524130357
4.17,0.77,0.04050625,0.0379796058741584,0.0021714682159327016,0.002600117718145788,0.0003643941805045541
4.180000000000001,0.77,0.04054625,0.03797716109502988,0.002193325929078778,0.0026270979994488437,0.0003556092544565405
4.19,0.77,0.04061,0.03800786601376696,0.0022153726239449185,0.002654266214429168,0.00034705470343391004
4.2,0.765,0.04067375,0.03805369201000182,0.0022376082354167636,0.0026816243183187725,0.0003387301022173317
4.21,0.765,0.0407225,0.038072958691350765,0.002260017319827826,0.002709156017133587,0.00033062770199951614
4.220000000000001,0.77,0.040827499999999996,0.03817830012774513,0.00228259724876015,0.0027368611169861813,0.0003227252753724823
4.23,0.76,0.040917499999999996,0.03822739637180872,0.0023053548084704697,0.002764748315491986,0.0003150443649017236
4.24,0.755,0.041051250000000004,0.03839384753579238,0.0023282890071852943,0.0027928165485902184,0.00030761563700632536
4.25,0.77,0.04120625000000001,0.038578109947212676,0.0023513900162249507,0.002821057692460394,0.000300396973564494
4.26,0.765,0.04131875000000001,0.03872775850469089,0.0023746455686832813,0.0028494576141205124,0.0002934053059393941
4.2700000000000005,0.77,0.0414025,0.03881338508489904,0.0023980527876549473,0.002878014265935059,0.00028664147454501095
4.28,0.765,0.041511250000000006,0.038973618636009164,0.0024216049303093243,0.002906719711610663,0.0002801333955531535
4.29,0.77,0.0416725,0.03920138581541809,0.0024453020335246296,0.0029355769589414897,0.0002738446024888471
4.3,0.76,0.0417975,0.03933294269633282,0.0024691470650016843,0.0029645906326294016,0.00026777940597781733
4.3100000000000005,0.765,0.041937499999999996,0.0395081997448271,0.002493131420518926,0.002993751013679139,0.00026195113089531554
4.32,0.76,0.04205875,0.03965842562632081,0.0025172515629133183,0.003023054237116698,0.00025638000384466635
4.33,0.765,0.04217750000000001,0.03980961839038701,0.002541488312449071,0.0030524789167473733,0.0002510511622992567
4.34,0.765,0.0423025,0.039952055254360706,0.002565840006542824,0.0030820237512504344,0.0002459747073297941
4.3500000000000005,0.77,0.0424325,0.04010285756987119,0.0025903134423075074,0.0031116973093613474,0.00024116959548663988
4.36,0.77,0.0425425,0.040246760393789556,0.002614893459911158,0.0031414830645550475,0.00023661457681024045
4.37,0.765,0.04266999999999999,0.040391756119985786,0.0026395720764611375,0.003171371401244743,0.00023233730161507614
4.38,0.77,0.04283875,0.04058770425159438,0.0026643659635213267,0.0032013837844268246,0.00022832358968630982
4.390000000000001,0.765,0.042947500000000007,0.0407303294503118,0.0026892708071970793,0.0032315154778373646,0.00022458513479539622
4.4,0.77,0.04309,0.04095905718907691,0.002714271110215283,0.0032617488154052595,0.00022111555246455246
4.41,0.77,0.04321,0.04111145647328743,0.002739360822408965,0.003292077662907354,0.00021790050759678035
4.42,0.77,0.04330875000000001,0.04124649609498135,0.0027645264858754616,0.0033224859957187687,0.00021495589907659634
4.430000000000001,0.77,0.043469999999999995,0.04148228582965981,0.002789772033535908,0.003352979349135508,0.0002122758691527291
4.44,0.77,0.043585000000000006,0.04165536008894644,0.002815092254704532,0.0033835519562284305,0.0002098629113362226
4.45,0.77,0.0437275,0.04185630817450804,0.002840489201254173,0.0034142061826230806,0.0002077400561476454
4.46,0.765,0.0438175,0.0420093119975714,0.002865949871685822,0.0034449266566596547,0.00020591597749438194
4.470000000000001,0.765,0.04398125,0.04223733442054361,0.0028914776845193214,0.003475718318449106,0.00020437791000236296
4.48,0.77,0.04412374999999999,0.0424523214280094,0.002917073616721936,0.0035065829894130197,0.00020311729452858707
4.49,0.77,0.0442925,0.0427067936258721,0.0029427350354454184,0.003537517964632652,0.00020213025885738625
4.5,0.77,0.04444375,0.04292657493100988,0.0029684595915786933,0.003568520324281207,0.0002014328334901006
4.51,0.77,0.044586249999999994,0.04312721699413695,0.002994247746124762,0.003599590766719675,0.00020103120529925647
4.5200000000000005,0.765,0.044753749999999995,0.04335757487367248,0.003020105386199624,0.003630736786888113,0.00020091926900222724
4.53,0.765,0.04491125,0.04358996160317708,0.0030460242651103504,0.003661948557559777,0.00020110159886747443
4.54,0.77,0.0450775,0.04383983726240343,0.0030720004259672277,0.0036932214582875633,0.0002015799291762293
4.55,0.77,0.04525875,0.0440975793635404,0.003098028975864452,0.0037245500251437257,0.00020234291081233554
4.5600000000000005,0.77,0.04538875,0.04429526977159109,0.00312410481815202,0.0037559282251227845,0.00020339072797558177
4.57,0.77,0.04552125,0.044489608121400036,0.0031502141431442032,0.003787338847119865,0.00020475029844689292
4.58,0.765,0.0456825,0.04471853076775728,0.003176358214544412,0.0038187842440880063,0.0002063891485880422
4.59,0.765,0.04583375,0.04495946983059412,0.0032025463104059476,0.0038502756032780007,0.00020830743695436063
4.6000000000000005,0.765,0.0459925,0.04521455955144136,0.0032287651487999296,0.0038817968117557796,0.00021050974566719962
4.61,0.77,0.046126249999999994,0.04540835652411127,0.0032550099486121824,0.003913342437133284,0.000212981151154701
4.62,0.77,0.046277500000000006,0.045650240939451865,0.0032812827492220563,0.00394491459578256,0.0002157331603528457
4.63,0.77,0.0464175,0.045866007373994835,0.0033075805952013093,0.003976509737408632,0.00021876167587071043
4.640000000000001,0.77,0.04655374999999999,0.046091093818239934,0.0033339021168887206,0.004008126455653084,0.00022205236488890586
4.65,0.77,0.046715,0.046325613901268506,0.003360248820383959,0.0040397671597676215,0.00022557725013737481
4.66,0.765,0.046868749999999994,0.04652540736893326,0.003386622499171479,0.004071433531025516,0.00022935011285048974
4.67,0.77,0.04699999999999999,0.04674051174072825,0.003413015055723286,0.00410311527101563,0.00023338679761460525
4.680000000000001,0.77,0.047151250000000006,0.0469710871697715,0.003439420793289969,0.004134804698288761,0.00023771251468758607
4.69,0.77,0.04730625,0.04720554440186795,0.0034658417927002604,0.0041665045839139846,0.00024230872818937986
4.7,0.77,0.04745625,0.04741706406593505,0.0034922826034706044,0.004198220825185458,0.00024715172232106714
4.71,0.765,0.04764875,0.04767643203654854,0.0035187420773298544,0.004229951885885505,0.000252239150869436
4.720000000000001,0.765,0.047781250000000004,0.04786876138958418,0.003545218705236227,0.004261696178516028,0.0002575548564190918
4.73,0.765,0.04794874999999999,0.048118358619793085,0.0035717077674292607,0.00429344808108693,0.0002630888397126092
4.74,0.765,0.048088750000000006,0.04834388042872102,0.0035982105054374546,0.004325208242982641,0.000268863930145817
4.75,0.76,0.048263749999999994,0.048615668236806,0.003624719854965154,0.004356967636931528,0.00027488972819939006
4.76,0.77,0.048432499999999996,0.04888150790686275,0.0036512405324934448,0.004388731323182107,0.00028117849129147943
4.7700000000000005,0.765,0.04859749999999999,0.049141862352819254,0.003677773332157805,0.004420500390103715,0.00028771544572971883
4.78,0.77,0.048771249999999995,0.049439964219557674,0.003704313745317162,0.004452268882525823,0.0002945086576323458
4.79,0.77,0.04895250000000001,0.04971558842147188,0.0037308629967842824,0.004484038311109352,0.00030154672434774517
4.8,0.755,0.0491225,0.04998283691389858,0.003757416586950704,0.004515802082456876,0.00030885817272010484
4.8100000000000005,0.77,0.049321250000000004,0.050307177971821514,0.0037839755861140286,0.0045475618911275245,0.00031641814924496
4.82,0.77,0.04951375,0.05062706662361273,0.0038105429492029936,0.004579320869838318,0.0003242296959113047
4.83,0.765,0.04971249999999999,0.0509276585944545,0.0038371173596912283,0.004611077712484852,0.00033227349702550827
4.84,0.77,0.049905,0.05125634812998568,0.0038636931652140556,0.004642825217272363,0.0003405519925602285
4.8500000000000005,0.765,0.05008,0.05156438959911801,0.003890269271958626,0.004674562020329535,0.00034905649699857195
4.86,0.765,0.0503025,0.05191966772189936,0.003916845860542759,0.004706287590386438,0.0003577994526724427
4.87,0.765,0.05050875,0.05225590857749597,0.003943427275765419,0.004738007037764844,0.00036677468459655186
4.88,0.765,0.050711250000000006,0.052577202589457646,0.003970014130327959,0.0047697212559672224,0.00037596803696746854
4.890000000000001,0.765,0.0509025,0.05291132043269882,0.0039966048713702225,0.004801428092312892,0.00038537823627649286
4.9,0.765,0.051132500000000004,0.05328793330462943,0.004023204291579858,0.0048331333784796615,0.0003949945558159966
4.91,0.77,0.05133,0.05361035624445328,0.004049808902536189,0.004864831971822922,0.000404834071162761
4.92,0.765,0.051538749999999994,0.053937297433725,0.004076413980124084,0.0048965193709399595,0.00041485620066379424
4.930000000000001,0.77,0.05175125,0.05426732482191483,0.0041030208578357865,0.0049281952153915455,0.00042510489807802806
4.94,0.77,0.051965000000000004,0.05458838455218927,0.00412963173770502,0.004959863282465758,0.00043554252101773847
4.95,0.77,0.05218500000000001,0.05493660133821761,0.004156240765094243,0.00499151403020638,0.00044622343945824804
4.96,0.77,0.052385,0.05525688807309099,0.004182841609637703,0.005023141152056659,0.00045710536115601565
4.970000000000001,0.77,0.0526,0.0555772647252392,0.004209441988207868,0.005054752941459645,0.00046820537407571124
4.98,0.765,0.0528275,0.055916543467692294,0.004236038499355904,0.005086345113155877,0.00047951893007102065
4.99,0.755,0.05305125,0.05628122735649379,0.00426263515972967,0.00511792057390787,0.0004910825746968417
5.0,0.755,0.05325125,0.05657827262908265,0.004289226256557836,0.0051494728793753585,0.0005028760218848368
5.010000000000001,0.77,0.053450000000000004,0.056873812425123106,0.004315807945168193,0.005180997794145588,0.0005148812763891371
5.0200000000000005,0.77,0.0536425,0.05716337917005383,0.004342380907316243,0.005212496683319242,0.0005270784179498725
5.03,0.77,0.053843749999999996,0.05746543853081455,0.004368943317330292,0.005243966518471198,0.0005394783772936734
5.04,0.77,0.0540725,0.05782600544390627,0.0043955006438962975,0.005275412475250231,0.000552104007044971
5.05,0.765,0.05429875,0.05816481847501817,0.004422058186047721,0.005306840668428024,0.0005649527997060167
5.0600000000000005,0.765,0.05447875,0.05844153439632335,0.004448608280415273,0.0053382427129862456,0.0005779987074197613
5.07,0.77,0.054667499999999994,0.05872183866614783,0.004475145881525961,0.005369612221930962,0.0005912409204115632
5.08,0.77,0.054875,0.05902864422328296,0.004501670488108577,0.0054009469804502785,0.0006047044915486611
5.09,0.77,0.055084999999999995,0.059341992213161526,0.00452818072530353,0.0054322458789442096,0.0006183705698699458
5.1000000000000005,0.77,0.055268750000000005,0.05961226250024382,0.00455467692119732,0.005463509973000267,0.0006322195298340182
5.11,0.77,0.0554525,0.05989056172230543,0.004581156330720214,0.005494735270748519,0.0006462583969963268
5.12,0.77,0.05567625,0.06022535452549897,0.004607625759052305,0.005525927842723807,0.0006605206902540445
5.13,0.765,0.055862499999999995,0.06053164330395538,0.0046340855541940045,0.005557088782706596,0.0006749863451286479
5.140000000000001,0.765,0.056073750000000006,0.060854257310809456,0.004660535565180811,0.0055882174576260355,0.0006896567593610603
5.15,0.765,0.05625125,0.06111109397840529,0.004686968376366261,0.005619305814638219,0.0007045089562414705
5.16,0.77,0.056444999999999995,0.0613771709034328,0.0047133853607179066,0.005650356764974182,0.0007195154485867878
5.17,0.765,0.05665749999999999,0.06169875804651746,0.004739789331681181,0.0056813702586750005,0.0007347312173021376
5.180000000000001,0.765,0.05687125,0.06201596247620355,0.004766180150264461,0.005712345739014185,0.0007501562254771125
5.19,0.765,0.057056249999999996,0.062307440600973714,0.004792559925585285,0.0057432868737021265,0.0007657650803996951
5.2,0.765,0.05723625,0.06256025368441188,0.004818919842570183,0.005774183752551961,0.0007815400693572419
5.21,0.765,0.057466249999999997,0.06290963761198652,0.004845266681462493,0.005805044230830205,0.0007974819788397381
5.220000000000001,0.77,0.05770125,0.06325513215020152,0.004871600050021308,0.005835864885518341,0.0008136332273251853
5.23,0.77,0.05792625,0.0635831971161436,0.004897922950235417,0.005866649878845817,0.0008299789442053684
5.24,0.77,0.058103749999999996,0.06384063253624417,0.004924230707444526,0.005897394197350438,0.000846503628448507
5.25,0.77,0.05830625,0.06414655508493736,0.004950518266893466,0.005928092208106925,0.000863194957579245
5.260000000000001,0.77,0.058505,0.06443233752776152,0.004976790741791973,0.005958748937540019,0.0008800659451877349
5.2700000000000005,0.77,0.058675,0.06468019037174633,0.005003052350104305,0.005989370880303739,0.0008970910439551335
5.28,0.77,0.058875000000000004,0.06498006647542558,0.005029297609550746,0.0060199529188396045,0.0009142443862141955
5.29,0.77,0.0590625,0.0652627344315657,0.005055524698822501,0.006050492602141559,0.0009315264948670952
5.3,0.765,0.0592475,0.0655503513318375,0.005081731874240294,0.006080986704561709,0.0009489505206925422
5.3100000000000005,0.765,0.059446250000000006,0.06583575227890914,0.005107925640923227,0.006111438015785266,0.0009665849161701635
5.32,0.765,0.05965875,0.06616504210105367,0.005134106270549604,0.006141847277870581,0.0009844180264734442
5.33,0.765,0.059838749999999996,0.06643398176651641,0.0051602701815472145,0.006172208959126358,0.001002460824117638
5.34,0.77,0.06001875,0.06672138055863304,0.0051864148768755655,0.006202523207249302,0.0010206646144914123
5.3500000000000005,0.77,0.060224999999999994,0.0670108993278289,0.005212540366393451,0.006232790663097176,0.0010390172783257305
5.36,0.77,0.06043250000000001,0.06733054325409032,0.005238651439725048,0.006263014514753273,0.0010575498290645124
5.37,0.765,0.06062875,0.06761527221365785,0.005264750548858745,0.0062931962712082555,0.00107627696902313
5.38,0.765,0.06083499999999999,0.06791969969898151,0.005290834419079144,0.006323333208968188,0.001095177639784968
5.390000000000001,0.765,0.06101625,0.06820015576264528,0.005316903191944454,0.006353424800101923,0.0011142565939624848
5.4,0.77,0.061239999999999996,0.06852687842008374,0.005342953449403826,0.006383466529586321,0.0011335141554019682
5.41,0.77,0.061427499999999996,0.06878426218384354,0.005368988308616386,0.00641346197417782,0.00115294856063069
5.42,0.77,0.06162749999999999,0.06906792302997065,0.005395004175105927,0.00644340731880089,0.0011725489743862328
5.430000000000001,0.765,0.06179625,0.06929688889372326,0.005421000938103185,0.006473304720348211,0.0011922840108160966
5.44,0.765,0.06198375,0.06957831201663409,0.0054469774011439865,0.006503150925527054,0.0012121725257582738
5.45,0.76,0.06218375,0.06986694828696109,0.005472932474363939,0.0065329447616002,0.0012322094184626727
5.46,0.765,0.06235874999999999,0.07011099156510092,0.005498865319959902,0.006562686250306121,0.0012523795621184268
5.470000000000001,0.765,0.06255875,0.07040056474526869,0.005524780386369631,0.006592380408504842,0.0012726848884440094
5.48,0.765,0.06271874999999999,0.07063076625456013,0.0055506768974172924,0.0066220266149522,0.0012931192410890772
5.49,0.77,0.06292249999999999,0.07094313882080726,0.005576555120926726,0.006651626608368981,0.0013136643187488526
5.5,0.77,0.06311875,0.07122587425444395,0.005602413676251735,0.006681177359721907,0.0013343334929589415
5.510000000000001,0.77,0.0633075,0.07149385355295158,0.0056282541339988355,0.006710678049399402,0.0013551547479884473
5.5200000000000005,0.77,0.06349874999999999,0.07175411624732322,0.005654077443717846,0.006740131037381368,0.0013761118672947462
5.53,0.77,0.06369124999999999,0.07202789603002804,0.005679887533454808,0.006769541026367729,0.001397203349420523
5.54,0.77,0.06389375,0.07231058949289702,0.005705679358223282,0.006798903752133488,0.001418406808358174
5.55,0.77,0.06407875,0.07258660641354263,0.005731454299201793,0.006828215799240402,0.0014397744025375517
5.5600000000000005,0.77,0.0642575,0.07285358594059067,0.005757209293759044,0.006857477899779617,0.0014612563268245038
5.57,0.77,0.06442375,0.07307568734495111,0.0057829427031804385,0.006886690139419929,0.00148282933313299
5.58,0.77,0.06461125,0.07334600147191192,0.0058086566298064584,0.006915852919574977,0.001504514448394006
5.59,0.77,0.06478375,0.073604060387348,0.0058343454640717735,0.006944959258728925,0.0015263116287156221
5.6000000000000005,0.77,0.064965,0.07385154604900808,0.005860013568089015,0.006974011418037954,0.0015482498365068326
5.61,0.76,0.065135,0.07409546988554633,0.005885662792678823,0.007003011966035422,0.001570323489215978
5.62,0.76,0.06533749999999999,0.07439383075846785,0.005911291862594712,0.007031959147009459,0.0015925322708694699
5.63,0.76,0.06552875,0.07466238607646043,0.005936902596963413,0.007060853400960208,0.0016148911095241482
5.640000000000001,0.76,0.06572375,0.07496054359372227,0.005962493967300049,0.007089691911881518,0.0016374125203966149
5.65,0.765,0.0659225,0.07525459734797027,0.005988067579967064,0.007118478526164263,0.0016600754386357755
5.66,0.765,0.06611125,0.07554019958649101,0.006013630509327908,0.007147218260766694,0.0016829116413953822
5.67,0.765,0.06629375,0.0758100118497901,0.0060391800629201456,0.007175908335447357,0.0017059131702424441
5.680000000000001,0.77,0.06648749999999999,0.07609494993819237,0.006064714437851541,0.007204548832771022,0.0017290559084540502
5.69,0.77,0.0666575,0.07635274148689636,0.006090230864514014,0.007233137545961424,0.0017523268329534538
5.7,0.77,0.06683375,0.07663327047160517,0.006115728426130409,0.0072616701545477474,0.0017757532372215483
5.71,0.77,0.06702125,0.0769134720438625,0.0061412100032194475,0.007290151000762782,0.0017993248243056688
5.720000000000001,0.77,0.06720374999999999,0.07718669924437875,0.006166676789460167,0.007318581193484166,0.0018230423040305238
5.73,0.77,0.06741124999999999,0.07749267826144932,0.0061921262631890565,0.007346957955899728,0.0018469006160339928
5.74,0.77,0.06762,0.07779119050312898,0.006217562916765547,0.007375285918965772,0.0018709050161682807
5.75,0.77,0.067805,0.07807522983310504,0.006242984871879483,0.00740356578827006,0.0018950271173371527
5.760000000000001,0.77,0.06798125000000001,0.07831492652091777,0.006268392371579538,0.007431797623752816,0.001919267362423155
5.7700000000000005,0.77,0.06818625,0.07862016545504263,0.006293785209236425,0.0074599791943593535,0.001943641248527769
5.78,0.77,0.0683825,0.07890474119808089,0.006319165472942776,0.007488112583286407,0.001968150661676888
5.79,0.77,0.068565,0.07916845764396314,0.0063445297893177325,0.0075161951802192395,0.001992780838781999
5.800000000000001,0.77,0.06873125,0.0794311123943871,0.00636987677222082,0.007544226197796496,0.0020175225918141154
5.8100000000000005,0.77,0.06892875,0.07971456946465423,0.006395210715014394,0.0075722081816115274,0.0020423969336384505
5.82,0.77,0.06909875,0.07995541815348435,0.006420527404548815,0.0076001363451324985,0.0020673989072966577
5.83,0.77,0.06926,0.08019764770140583,0.0064458295666347965,0.0076280127749833926,0.0020925369246421075
5.84,0.77,0.06942875000000001,0.08045451863190939,0.006471114982179666,0.00765583660727821,0.00211779410394119
5.8500000000000005,0.77,0.0696175,0.08070032625009646,0.006496384039976908,0.007683611311514627,0.002143144927048517
5.86,0.77,0.06980125,0.08095582347073026,0.006521637838339039,0.007711339182442042,0.0021685809700883263
5.87,0.77,0.06998375,0.08120410226836887,0.006546877598549837,0.007739017798647328,0.0021941323286371194
5.88,0.765,0.07014000000000001,0.08141806089001094,0.0065720982780579805,0.007766644896038232,0.002219767095879019
5.890000000000001,0.76,0.07030875,0.08166476707327337,0.006597297323159813,0.0077942163358842645,0.0022454923540089445
5.9,0.765,0.07050375,0.08193680886108415,0.006622480820757231,0.007821739218177387,0.002271309991284576
5.91,0.765,0.07066499999999999,0.08218080558786844,0.006647655221491454,0.007849215085927563,0.002297267653235251
5.92,0.77,0.070825,0.08239107281183955,0.006672811793863378,0.007876639706142262,0.0023233143882065268
5.930000000000001,0.77,0.071,0.08264102071354355,0.0066979500090322075,0.007904014188777331,0.002349436249194673
5.94,0.77,0.07117625,0.08287970002623664,0.006723071861740456,0.00793133576756169,0.002375671578916611
5.95,0.77,0.071345,0.08311782626077319,0.006748176417670401,0.007958605746545725,0.002402000873909364
5.96,0.77,0.0715325,0.08337682743540839,0.006773269366326998,0.007985826526269479,0.002428456848522617
5.970000000000001,0.77,0.07171999999999999,0.08364483122595132,0.006798348889412611,0.00801300011856373,0.002455007049212523
5.98,0.77,0.0718975,0.08387430178164701,0.006823415038461041,0.00804012646573132,0.00248165151907702
5.99,0.77,0.07207875,0.0841401739727293,0.006848471272183494,0.008067204657956696,0.00250842635840594
6.0,0.77,0.07226,0.084401120952735,0.0068735142053291615,0.008094234348481574,0.002535302831949489
6.010000000000001,0.77,0.07244125,0.0846658586671826,0.006898547252109799,0.008121217096150874,0.002562298550097295
6.0200000000000005,0.77,0.072595,0.08490161869130758,0.006923567673348517,0.00814815136436486,0.002589399228280558
6.03,0.77,0.07280875,0.08520838283923189,0.006948573279357354,0.008175034192734703,0.0026166055840245797
6.04,0.77,0.07298500000000001,0.0854562577036223,0.00697356527811344,0.008201866459740657,0.00264392074127416
6.050000000000001,0.77,0.0731675,0.085709106480117,0.006998542672488932,0.008228650122397338,0.0026713216467214715
6.0600000000000005,0.77,0.073315,0.08591257016803587,0.007023503584828772,0.008255382982813484,0.0026988067870078016
6.07,0.77,0.07349375,0.08617131041622976,0.00704845022806624,0.008282066361958943,0.0027263851028586634
6.08,0.77,0.0736575,0.08640241151621676,0.007073384494024821,0.008308701952803026,0.002754060055549514
6.09,0.77,0.073815,0.08662738989601189,0.007098303012423999,0.008335289477709321,0.0027818047825266994
6.1000000000000005,0.77,0.07397999999999999,0.08686591114313943,0.007123206003270608,0.00836182886357798,0.0028096212140679487
6.11,0.77,0.07416375,0.08712119405585415,0.007148095430295406,0.008388322362783583,0.0028375100629578786
6.12,0.77,0.07433374999999999,0.08735817637159876,0.007172971526300397,0.008414767756122274,0.0028654872887088722
6.13,0.77,0.0745,0.08758628798189264,0.007197832515914762,0.008441162700656979,0.002893553163836136
6.140000000000001,0.77,0.07467499999999999,0.08785091425786792,0.0072226783703509285,0.008467506763532355,0.002921709536149498
6.15,0.77,0.07480625,0.0880498576456807,0.007247510595597868,0.008493801460021985,0.002949957852629816
6.16,0.77,0.07498374999999999,0.0882864649086443,0.007272329321390682,0.00852004525256998,0.0029783081151104006
6.17,0.77,0.07514749999999999,0.08854049916857032,0.007297135008322786,0.0085462385531215,0.003006760314143761
6.180000000000001,0.77,0.07531,0.0887718188134989,0.0073219281505494446,0.008572382675570553,0.003035309100294358
6.19,0.77,0.07546125,0.08898884834202293,0.0073467086717425535,0.008598480996960848,0.0030639318317850035
6.2,0.77,0.075615,0.08920548591351501,0.007371471531871378,0.00862453099080911,0.0030926049861293515
6.21,0.77,0.07578375,0.08945712787428614,0.007396222866560945,0.008650535142609309,0.0031213601132553865
6.220000000000001,0.77,0.07596,0.08972454230580436,0.0074209625697041195,0.00867649271841745,0.0031502003157102137
6.23,0.77,0.07610875,0.08993553180086623,0.0074456894984137436,0.008702401902108529,0.0031791273669676684
6.24,0.77,0.07627250000000001,0.09015334362737926,0.007470401224607274,0.008728263679937683,0.0032081163607938805
6.25,0.77,0.07643875,0.0904011644189409,0.00749509974041583,0.008754078591513507,0.0032371786858315806
6.260000000000001,0.77,0.07657625,0.09059371163332924,0.007519783405942105,0.00877984420281302,0.003266316290451831
6.2700000000000005,0.77,0.07674,0.09081801238176378,0.007544453870817773,0.008805562546631427,0.0032955287528780497
6.28,0.77,0.0769,0.09104858817972178,0.007569109363922043,0.008831234768563305,0.0033247957788279828
6.29,0.77,0.07705000000000001,0.09127484861604263,0.007593750201396347,0.00885686053647575,0.003354121505140162
6.300000000000001,0.77,0.0772175,0.09152666006369563,0.00761837763900358,0.008882438812824826,0.0033835208806195062
6.3100000000000005,0.77,0.07735875,0.09173162709292687,0.0076429881458535895,0.008907967820305375,0.0034129782754559355
6.32,0.77,0.0775425,0.09199749599948111,0.00766758839505376,0.008933452039519865,0.003442515491042401
6.33,0.77,0.0777075,0.0922395134113928,0.007692179505596333,0.008958891206665204,0.003472141585534279
6.340000000000001,0.77,0.07784875,0.09242241834218506,0.0077167544233292225,0.00898428342477453,0.0035018165222272806
6.3500000000000005,0.77,0.07802,0.09265393151322047,0.007741312669692736,0.00900962665255888,0.003531548444036598
6.36,0.77,0.07819625000000001,0.09288920634498167,0.0077658576253488865,0.00903492638745322,0.0035613298645412917
6.37,0.77,0.078335,0.0931038722200911,0.007790389322310741,0.009060180141548017,0.0035911749620367037
6.38,0.77,0.07847875,0.09330401214897471,0.007814905224825164,0.009085385167285905,0.0036210811538328613
6.390000000000001,0.77,0.0786275,0.09349619984116907,0.007839404757442145,0.009110541512667424,0.0036510438788250094
6.4,0.77,0.0787875,0.09371967904374572,0.007863888453579417,0.009135648787372724,0.003681068711532863
6.41,0.77,0.07893125000000001,0.09392172812371662,0.007888356344262026,0.00916070738825682,0.003711153408639999
6.42,0.77,0.0790825,0.09413260372859436,0.007912805215407626,0.009185718119683986,0.0037412713477072024
6.430000000000001,0.77,0.07922875,0.0943347565788669,0.007937240193024659,0.009210683082836629,0.003771446103181709
6.44,0.77,0.07937749999999999,0.09456217147001177,0.007961661258860796,0.009235600459993984,0.00380168715801567
6.45,0.77,0.07951625,0.09477013626669858,0.00798606765271253,0.009260469116807168,0.0038319951602917117
6.46,0.765,0.07968625,0.09502096366195364,0.008010464070528083,0.009285291601765104,0.0038623875205753264
6.470000000000001,0.765,0.07984,0.0952452186690347,0.008034851125082608,0.009310069969942275,0.0038928567120765714
6.48,0.765,0.07998125,0.09544369560242758,0.008059225247721444,0.009334803144661535,0.003923384338588611
6.49,0.765,0.0801225,0.09564376617021995,0.00808358951805117,0.00935949255467055,0.003953982950015347
6.5,0.765,0.08026124999999999,0.09583828441972585,0.008107940040168763,0.009384135704011748,0.003984639637666455
6.510000000000001,0.765,0.08042124999999999,0.09606644763185009,0.008132279098083653,0.009408732068941278,0.004015371828998786
6.5200000000000005,0.765,0.08055875,0.09625872321370506,0.008156605126325914,0.009433279920558509,0.004046177818526813
6.53,0.765,0.08071124999999998,0.09645953997208889,0.008180916206227143,0.009457782401937818,0.004077028545455796
6.54,0.76,0.080835,0.09662696784514212,0.008205211374410642,0.009482238281981083,0.00410792397774483
6.550000000000001,0.76,0.0809525,0.09678834230552891,0.008229492391265154,0.009506648842444952,0.00413886882184777
6.5600000000000005,0.76,0.081095,0.09700301994690289,0.008253756010655469,0.009531012876351587,0.004169848370111082
6.57,0.76,0.08123375,0.09717808075398635,0.008278004423713507,0.00955533311595475,0.004200862773824773
6.58,0.76,0.08138999999999999,0.09740070897712368,0.008302241195002343,0.00957961019650424,0.004231931486476115
6.590000000000001,0.76,0.081525,0.09759075719757429,0.00832646269868168,0.009603842436236208,0.004263039815674284
6.6000000000000005,0.76,0.0816725,0.09779752417737758,0.008350669349706059,0.009628029805551254,0.0042941905574207595
6.61,0.76,0.08179,0.09795322119271736,0.00837485947129295,0.009652172181982865,0.004325373808672602
6.62,0.76,0.08193625,0.09815233138605144,0.008399032478070159,0.009676269661409784,0.004356585530425754
6.63,0.76,0.08207,0.0983511502689614,0.00842319306476926,0.009700322784615528,0.00438785228887056
6.640000000000001,0.76,0.08222,0.0985726780552024,0.008447341478591339,0.009724333017553568,0.004419168190022423
6.65,0.765,0.08240125,0.09881955911176499,0.008471481343121751,0.009748299563845179,0.004450559250636707
6.66,0.765,0.08253499999999998,0.09899835425316403,0.00849561048672984,0.009772223382969852,0.004482007032097411
6.67,0.765,0.08268375,0.0992091313979359,0.008519726850812034,0.009796104031116257,0.004513500939152562
6.680000000000001,0.765,0.08283,0.09942013937860361,0.008543832948015823,0.009819941761164897,0.00454505493546474
6.69,0.765,0.08295124999999999,0.09958847987217714,0.008567924497670668,0.009843735161727521,0.004576649618559948
6.7,0.765,0.08308624999999999,0.09978300681519055,0.008591999590353321,0.009867483553097092,0.004608276698480455
6.71,0.765,0.08320875000000001,0.09995761212138313,0.008616060833086192,0.009891187277090588,0.004639950218209827
6.720000000000001,0.765,0.08335750000000001,0.10017821108833383,0.008640108915186311,0.009914845906473409,0.004671676191629377
6.73,0.765,0.08350375,0.10039363317209862,0.008664144535327772,0.009938462757808332,0.004703442974562621
6.74,0.765,0.08362625,0.10056550981211505,0.008688163965030091,0.009962035437399621,0.004735239666106704
6.75,0.765,0.083765,0.10076861538200778,0.008712170095170517,0.009985563859389073,0.004767083777295722
6.760000000000001,0.765,0.08391375,0.10097533138802532,0.008736164632942342,0.010009049601138666,0.0047989778618529565
6.7700000000000005,0.765,0.0840525,0.1011474395020584,0.008760142312686148,0.010032492531391702,0.004830891545711172
6.78,0.765,0.08418375000000002,0.10134233260139949,0.008784104607460442,0.010055892578378106,0.004862833955912691
6.79,0.765,0.08431875,0.10153829632382935,0.008808052586761556,0.010079249765380873,0.004894811276528135
6.800000000000001,0.765,0.08446625,0.10175833926530037,0.008831986389233918,0.010102565593076807,0.004926817401602443
6.8100000000000005,0.765,0.0846175,0.10198250940431983,0.008855908693307069,0.010125838754941578,0.004958873826244816
6.82,0.765,0.08475750000000001,0.10218311989745951,0.008879819206591727,0.010149070246818532,0.00499097421190298
6.83,0.765,0.08489375,0.10235729402617695,0.008903715407077304,0.010172259044514423,0.005023108651931731
6.840000000000001,0.765,0.0850175,0.10253882422945834,0.008927596820421957,0.010195404990482857,0.0050552751336158845
6.8500000000000005,0.765,0.08514875,0.10272429795077903,0.008951462673938898,0.010218507595889418,0.005087471478398108
6.86,0.765,0.08528749999999999,0.10294241711968442,0.008975316770020524,0.010241568531828608,0.005119711807114839
6.87,0.765,0.085425,0.10314364338197285,0.008999158834168212,0.010264588673786375,0.005151990559729879
6.88,0.765,0.08558375,0.10337991003396177,0.009022994502563593,0.010287568242718523,0.005184338403619936
6.890000000000001,0.76,0.085715,0.10356918128616054,0.009046819698831268,0.01031050604111122,0.005216737417031726
6.9,0.76,0.08587125000000001,0.10379094690271265,0.009070634935076914,0.010333403235045188,0.0052491851615220474
6.91,0.76,0.08598875,0.10396322232825475,0.009094438490171495,0.010356259295751714,0.005281674208801525
6.92,0.76,0.08615875,0.10420229769711922,0.009118231927086674,0.01037907663979363,0.005314202620939107
6.930000000000001,0.755,0.08627500000000002,0.10437521145522795,0.00914201377967596,0.010401854539529755,0.005346765418595255
6.94,0.755,0.08640374999999999,0.10455126021333155,0.009165781521127191,0.010424591925857781,0.005379353311252526
6.95,0.755,0.0865375,0.10474402699706331,0.009189536473689402,0.010447287719530268,0.005411978271276349
6.96,0.755,0.08666499999999999,0.10493911523008624,0.009213277427624298,0.010469941710180059,0.005444634551175404
6.970000000000001,0.765,0.0867925,0.1051061839729644,0.009237005836033284,0.010492553754835585,0.0054773306883898025
6.98,0.765,0.08692374999999998,0.10531308504379658,0.009260721890283638,0.010515126188249147,0.0055100577034869706
6.99,0.765,0.08704625,0.10547304292245227,0.009284422863613622,0.010537659141581968,0.005542800287398958
7.0,0.765,0.08718,0.10565499316006112,0.009308107641192814,0.010560152058976025,0.005575554938608662
7.010000000000001,0.765,0.087295,0.10582621970802815,0.00933177796055865,0.010582603941484506,0.005608335396798549
7.0200000000000005,0.765,0.087425,0.10602175732445139,0.009355435256070724,0.010605016619582927,0.005641141746012735
7.03,0.765,0.08757875,0.10624556710790148,0.009379082557698112,0.010627390224439369,0.005673989659986549
7.04,0.765,0.08772500000000001,0.106444052124897,0.009402719495779676,0.010649726430477947,0.005706870125466749
7.050000000000001,0.765,0.08786874999999998,0.1066643227293628,0.00942634829707104,0.010672023235850505,0.0057398032187657945
7.0600000000000005,0.765,0.08799125000000001,0.1068451414452239,0.009449963368062014,0.010694280930733886,0.005772757967556029
7.07,0.765,0.08812375,0.10701504578504317,0.009473562552316642,0.010716499375211855,0.005805723672467341
7.08,0.765,0.08828624999999998,0.10723023481413597,0.009497149810500982,0.010738680334162,0.005838714104182897
7.090000000000001,0.765,0.08841249999999999,0.10741847829429507,0.00952072798975491,0.010760823067275603,0.005871747269055521
7.1000000000000005,0.765,0.08853625000000001,0.10758802179268256,0.009544298560709943,0.010782926509199414,0.005904835100776883
7.11,0.765,0.08866875,0.10777931851675861,0.009567857191988825,0.01080498945725213,0.005937959664983638
7.12,0.765,0.08879125,0.10795321423905475,0.009591405736048083,0.01082701297302773,0.00597112620762593
7.130000000000001,0.765,0.08890625,0.10811888850386056,0.009614938300894594,0.010848996734463129,0.006004305465509756
7.140000000000001,0.765,0.08903875,0.10829891438718198,0.009638458052623021,0.010870941009186568,0.006037512838070321
7.15,0.765,0.08917749999999999,0.10848595984110072,0.009661966763204632,0.010892846919443713,0.0060707529903856
7.16,0.765,0.08929124999999999,0.10862573197107135,0.009685464091400683,0.01091471420253204,0.006104025211306332
7.17,0.765,0.0894025,0.1087824004022698,0.009708946892337415,0.010936542944367706,0.006137313022086047
7.180000000000001,0.765,0.08953,0.10895743860739697,0.009732412460952489,0.010958332886311137,0.006170603778466562
7.19,0.765,0.08965,0.10913439255531188,0.009755860292925411,0.010980083659146943,0.00620389660444292
7.2,0.765,0.08978874999999999,0.10931197289644859,0.00977929746924423,0.01100179559110442,0.006237226291574845
7.21,0.765,0.08992000000000001,0.10947039382725568,0.009802721398799449,0.011023470989016687,0.006270570649590469
7.220000000000001,0.765,0.09004874999999998,0.10964910144654753,0.009826132511168912,0.011045108211683802,0.006303938383682821
7.23,0.765,0.09019124999999999,0.1098624614336494,0.009849532809716963,0.011066707580979355,0.006337338330608839
7.24,0.765,0.09034125,0.11006033136138219,0.009872924466930978,0.011088269604472966,0.006370779355227535
7.25,0.765,0.09047000000000001,0.11024130084160925,0.00989630186903458,0.011109794477043744,0.0064042326028527965
7.260000000000001,0.765,0.09058375,0.11039524290400746,0.009919665733660921,0.011131281891578672,0.006437702948184994
7.2700000000000005,0.765,0.09072749999999999,0.11061446278111377,0.009943021004398958,0.011152731290935034,0.0064712171796345265
7.28,0.765,0.0908575,0.11078871249383711,0.009966362652338856,0.011174144043990752,0.006504745023512644
7.29,0.765,0.090985,0.1109685645551152,0.00998969328450792,0.011195520383950294,0.0065382985849323045
7.300000000000001,0.765,0.09109124999999998,0.11112743514945331,0.010013011879015057,0.01121686056927831,0.006571871868176785
7.3100000000000005,0.765,0.09121625000000001,0.11129791330419085,0.010036320381124503,0.01123816580824352,0.006605469913459426
7.32,0.765,0.0913625,0.11150903147293037,0.010059620870550073,0.011259435558415406,0.006639104943347505
7.33,0.765,0.09149125,0.1116834993972359,0.010082913089007842,0.011280669661499366,0.0066727762259074135
7.340000000000001,0.765,0.09162375,0.11186546288359164,0.010106192863396965,0.01130186859784235,0.006706461581283718
7.3500000000000005,0.765,0.09174624999999999,0.11202986798342753,0.010129456870973382,0.011323031274573457,0.006740149072987853
7.36,0.765,0.09187125,0.11219904892445633,0.010152709898151039,0.011344158472531922,0.006773859173703672
7.37,0.765,0.0919875,0.11234109969028654,0.01017594730325453,0.011365251297722555,0.0068075653977797785
7.380000000000001,0.76,0.09210625,0.11252057972228995,0.01019917123325781,0.011386309252774961,0.006841280182845586
7.390000000000001,0.76,0.09223624999999998,0.11271034012845509,0.010222379316862356,0.011407332180856019,0.006874992845215292
7.4,0.76,0.09234875,0.11286333063625545,0.010245573935772693,0.011428320154697236,0.006908714758908013
7.41,0.76,0.0924775,0.11303060009890316,0.010268755459733303,0.011449274139702512,0.006942444285466592
7.42,0.76,0.09260375,0.11319751142663996,0.010291921176495267,0.011470193502788212,0.006976170954741376
7.430000000000001,0.76,0.09270999999999999,0.11332496090419823,0.010315072144134041,0.01149107926341886,0.007009896300277886
7.44,0.76,0.09285125000000001,0.11353471861825143,0.010338207809108312,0.011511930648765522,0.007043620725982804
7.45,0.76,0.09298999999999999,0.1137180690855877,0.0103613336677177,0.011532746826491646,0.007077373432988504
7.46,0.76,0.09309875000000002,0.11387410846814439,0.010384448564473122,0.01155352841997115,0.007111146683011137
7.470000000000001,0.76,0.09321750000000001,0.11405619596529858,0.010407553976446087,0.0115742760804324,0.0071449451385365535
7.48,0.76,0.09333624999999998,0.11422182823879258,0.010430648453325737,0.011594989676787794,0.007178762464490372
7.49,0.76,0.09343625,0.11435415950812373,0.010453729024666878,0.011615669163219771,0.007212584984343016
7.5,0.76,0.09356249999999999,0.11453530535845675,0.010476797640736524,0.011636314717355082,0.007246421305150121
7.510000000000001,0.76,0.09367875000000002,0.1146983333572745,0.010499858250259354,0.011656926337826265,0.007280289904971813
7.5200000000000005,0.76,0.09379125,0.11485039052717622,0.010522907232937397,0.011677505169607066,0.007314169832415386
7.53,0.76,0.09390875000000001,0.11500111958400243,0.010545946117347382,0.011698050978897815,0.0073480690966937585
7.54,0.76,0.09404375,0.11518959568122582,0.010568976247288732,0.011718563717158246,0.007381994141283204
7.550000000000001,0.76,0.09417624999999999,0.11537592268275018,0.01059199842651079,0.011739043856977152,0.007415946982832374
7.5600000000000005,0.76,0.09428750000000001,0.11551611530076632,0.010615010581304369,0.011759490936455291,0.0074499196878996775
7.57,0.76,0.09440249999999999,0.11565841980430655,0.010638009409312053,0.011779904818143321,0.007483897618485017
7.58,0.76,0.09452375,0.11582570662911244,0.01066099318880086,0.011800286122160933,0.007517870849194959
7.590000000000001,0.76,0.09465125,0.11600029419144338,0.0106839675448584,0.011820634848228533,0.007551865292651671
7.6000000000000005,0.76,0.09477250000000001,0.11616027728180468,0.01070693230963478,0.011840951857181701,0.007585877209502183
7.61,0.76,0.094895,0.11633985896858094,0.010729887092210464,0.011861236007204996,0.0076199088327490614
7.62,0.76,0.09500125000000001,0.1164868623016386,0.010752830478880834,0.011881487401668106,0.007653953417471269
7.630000000000001,0.76,0.09510500000000001,0.11662790007902094,0.010775760391868061,0.011901705643205335,0.00768800300958307
7.640000000000001,0.76,0.09521,0.11677783921637527,0.010798676701714619,0.011921891715228386,0.0077220537604244365
7.65,0.76,0.09531875000000001,0.1169239216638031,0.010821577188389355,0.011942044637579939,0.00775609919384568
7.66,0.76,0.09542500000000001,0.11705692500115032,0.010844462107880183,0.011962165265006066,0.007790137711861531
7.67,0.76,0.09552875,0.11718021590498766,0.010867332209331568,0.011982253654934194,0.007824172691057963
7.680000000000001,0.76,0.09563,0.11731232800983041,0.010890184241120425,0.012002308988916228,0.007858192521527828
7.69,0.76,0.09575375000000001,0.11746817373884809,0.010913025040549858,0.012022330564767031,0.007892230388811242
7.7,0.765,0.09586750000000001,0.11761660617128109,0.010935854857520473,0.01204231988211556,0.007926282340210759
7.71,0.765,0.09596125000000001,0.1177477306564003,0.010958670528470006,0.012062276356925451,0.007960336348121514
7.720000000000001,0.765,0.09607375,0.11790563738143281,0.010981469503049757,0.012082200050265625,0.007994381021678664
7.73,0.765,0.09617249999999998,0.1180370775804282,0.011004253180947008,0.01210209041862641,0.008028424592329296
7.74,0.765,0.09628124999999998,0.11818341363750691,0.011027022460004195,0.012121948060655705,0.00806246917614782
7.75,0.765,0.0964025,0.1183505827841478,0.011049777655826135,0.012141772974251737,0.008096516271107905
7.760000000000001,0.765,0.096495,0.1184903299370589,0.011072519339355293,0.012161564771733585,0.008130569812236088
7.7700000000000005,0.77,0.0965925,0.11863629976258014,0.011095244127697294,0.012181322802012383,0.00816461721453845
7.78,0.77,0.09672499999999999,0.11881581270424833,0.011117957839513443,0.012201047351716189,0.00819868317604335
7.79,0.77,0.0968575,0.11900964269278498,0.011140659881142352,0.012220739354274004,0.008232762013836338
7.800000000000001,0.77,0.09698125,0.11918596154663555,0.011163350695268567,0.012240399996979331,0.008266851777111605
7.8100000000000005,0.77,0.09711,0.11937453324061399,0.011186028940975423,0.012260029233149583,0.008300946864767091
7.82,0.77,0.09720500000000001,0.11949857605946469,0.011208694314410537,0.01227962683486725,0.008335046799765506
7.83,0.77,0.09731,0.11963863354603786,0.011231344292763951,0.012299193001367751,0.008369140101422123
7.840000000000001,0.77,0.09742249999999998,0.11980160147087074,0.011253985892185271,0.01231872781636975,0.008403257003402291
7.8500000000000005,0.77,0.09752375,0.1199421797934776,0.011276616724334597,0.012338230877788159,0.00843738848985125
7.86,0.77,0.09763875000000001,0.12009740562254903,0.011299235265608727,0.012357703297965473,0.008471524422077837
7.87,0.77,0.09775249999999999,0.12024300361660145,0.01132183648670382,0.012377145000464843,0.008505643512103334
7.880000000000001,0.77,0.09785875000000001,0.12039062878119156,0.011344424420041164,0.012396554848096679,0.008539766971047035
7.890000000000001,0.77,0.09797375000000001,0.120552555035118,0.011366997954153496,0.01241593296099345,0.008573889745129229
7.9,0.77,0.09809875,0.12073310210884153,0.011389556669600698,0.01243527855087115,0.008608012698775754
7.91,0.77,0.09820999999999999,0.12088176012810571,0.011412099118778817,0.012454592893591984,0.008642125656729284
7.920000000000001,0.77,0.09830625,0.12100866470811068,0.011434627132656904,0.012473876751616517,0.00867623415393219
7.930000000000001,0.77,0.09841375,0.12116527382249971,0.011457138622098326,0.01249312949114358,0.008710331481017151
7.94,0.77,0.09852124999999999,0.12133304678092341,0.01147963346915609,0.012512350588255108,0.008744419024001247
7.95,0.77,0.098615,0.12146321093362716,0.011502112239458476,0.012531539397230014,0.008778501355561961
7.96,0.77,0.0987175,0.12161119581684114,0.011524578253511155,0.01255069593888326,0.008812592564457215
7.970000000000001,0.77,0.09881999999999999,0.12176557282279689,0.011547030782499225,0.012569821211347943,0.008846686454448381
7.98,0.77,0.09892125,0.12191962311873152,0.011569470165951208,0.012588914486089666,0.00888078686076801
7.99,0.77,0.09902249999999999,0.12206403354432831,0.011591896464192824,0.012607976195701288,0.008914892739750335
8.0,0.77,0.0991425,0.12222544228013889,0.01161431145800579,0.012627007984859178,0.008949006441088932
8.01,0.77,0.09925250000000001,0.12237705203805806,0.011636709989955972,0.012646010372746617,0.008983104810733708
8.02,0.77,0.09936125000000001,0.12252291453677083,0.011659094975330863,0.012664983013574604,0.009017201297798236
8.030000000000001,0.77,0.09948874999999999,0.12269255159695454,0.011681465295577138,0.012683926006673063,0.00905129104744029
8.040000000000001,0.77,0.09958874999999999,0.12282247741328384,0.01170382526549798,0.012702839608821792,0.009085391354215515
8.05,0.77,0.09970625,0.12297076453869277,0.011726174582352183,0.01272172358759494,0.009119501731112162
8.06,0.77,0.0998025,0.12311072606711747,0.011748513585036726,0.012740577010254585,0.009153626525372195
8.07,0.77,0.09992125000000002,0.12327848825450505,0.011770840317494667,0.012759400838430234,0.009187754685757584
8.08,0.77,0.1000225,0.12342565497957717,0.011793152815527902,0.01277819490738834,0.009221878702105852
8.09,0.77,0.10014500000000001,0.12359305167230912,0.011815450981674901,0.012796959201600679,0.009255998309099248
8.1,0.77,0.10025625000000002,0.1237462504393237,0.01183773145424904,0.012815695055582567,0.009290095677804172
8.110000000000001,0.77,0.10036875000000002,0.12390274315146624,0.011860000235255224,0.012834402814483545,0.009324194623192268
8.120000000000001,0.77,0.10047125000000001,0.12403137484232812,0.011882254852460427,0.012853082198954131,0.00935828595479239
8.13,0.77,0.1005825,0.12417902145931722,0.011904496312990743,0.012871733562568077,0.009392372847339481
8.14,0.77,0.10067625000000001,0.12431544884788191,0.011926722716541136,0.01289035656281903,0.009426448695654328
8.15,0.77,0.10077000000000001,0.1244445421906174,0.011948931070276154,0.01290895034429768,0.009460504033600665
8.16,0.77,0.10086375,0.12456254568126399,0.011971123110086851,0.012927515495338724,0.00949454434974494
8.17,0.77,0.10094999999999998,0.12467927194401457,0.01199329900836038,0.012946052661971621,0.009528568547244208
8.18,0.77,0.10105375,0.12482705620491208,0.012015459579300863,0.012964561918604744,0.00956257987923665
8.190000000000001,0.77,0.10115874999999999,0.124978303906989,0.012037608725577525,0.012983042473243405,0.009596596692584981
8.200000000000001,0.77,0.1012475,0.1251001638549931,0.012059743768211267,0.013001494260517716,0.00963060843529837
8.21,0.77,0.10134,0.12522888621495945,0.012081864070834527,0.013019917197437404,0.009664612893386758
8.22,0.775,0.10144249999999999,0.12536000772511638,0.012103971444663603,0.013038311603841835,0.00969861647962776
8.23,0.775,0.10155000000000002,0.12549890666206995,0.01212606533671656,0.013056677713075537,0.009732616345402342
8.24,0.775,0.10165750000000001,0.12563857023056546,0.012148147500895814,0.0130750151734357,0.009766620716131545
8.25,0.775,0.10177624999999998,0.1257982741935674,0.012170213005722063,0.013093323913555591,0.009800610076701266
8.26,0.775,0.10187375,0.12593599770641248,0.01219226666663685,0.013111605631073373,0.009834598815236666
8.27,0.775,0.10198,0.12606803297098568,0.012214305645297479,0.013129860211673124,0.00986857600899799
8.280000000000001,0.775,0.10208749999999998,0.12621606847554118,0.01223633324753827,0.0131480863241217,0.009902558920144444
8.290000000000001,0.775,0.10219999999999999,0.12637668310563838,0.012258350011513345,0.01316628518457685,0.009936546151435991
8.3,0.775,0.10229500000000001,0.12650282242126848,0.012280354746552749,0.013184457492479932,0.009970530958357555
8.31,0.775,0.10240375,0.1266627023688715,0.012302346991671763,0.013202601996402016,0.010004515290131256
8.32,0.775,0.10250250000000001,0.12679762790463003,0.01232432591154608,0.013220718045893833,0.010038497817579184
8.33,0.775,0.10258999999999999,0.1269092170327062,0.012346288673030646,0.013238807621622457,0.01007246159903217
8.34,0.775,0.10271500000000001,0.12707957022166178,0.01236823980617632,0.013256870556185438,0.010106425200489912
8.35,0.775,0.10280875,0.1272114676420354,0.012390175754501515,0.013274906394643137,0.010140375983190805
8.360000000000001,0.775,0.10291375,0.1273588986371924,0.012412098094710243,0.01329291544646378,0.010174319389058127
8.370000000000001,0.775,0.1030075,0.1274800284419169,0.012434006127015064,0.013310897809716234,0.010208252488675995
8.38,0.775,0.10309999999999998,0.1276012940971424,0.012455899190237865,0.013328853416632057,0.01024217300104107
8.39,0.775,0.10321,0.1277494825711399,0.012477779963303381,0.01334678280882206,0.010276089993698253
8.4,0.775,0.10330749999999998,0.1278888971690784,0.012499647622144526,0.013364685044678498,0.010310003036992183
8.41,0.775,0.1034025,0.12801600956728929,0.012521499576425458,0.013382560400244388,0.010343901294873694
8.42,0.775,0.10348874999999999,0.12812906697894164,0.0125433362805582,0.013400408639852767,0.010377787350383999
8.43,0.775,0.1035825,0.12824823486843692,0.012565156807306483,0.013418230016994683,0.010411656985222959
8.440000000000001,0.775,0.10367124999999999,0.12837400196274656,0.012586963041322442,0.013436024932084855,0.010445516525566113
8.450000000000001,0.775,0.10376374999999999,0.12850277520111633,0.01260875603652774,0.01345379316303163,0.010479370814870874
8.46,0.775,0.10386374999999999,0.12863547865829997,0.012630530134508463,0.013471534319115472,0.01051319909118693
8.47,0.775,0.10395624999999999,0.1287517580633691,0.012652287839291025,0.013489249967291702,0.0105470067655397
8.48,0.775,0.10403124999999999,0.1288569179522544,0.01267402684675044,0.01350694019727006,0.010580784821650799
8.49,0.775,0.10413499999999999,0.12899403096176562,0.012695750833163093,0.013524603968004673,0.010614550619061768
8.5,0.775,0.10422875000000001,0.12912567517766663,0.012717458512653525,0.013542241692061883,0.01064829813073287
8.51,0.775,0.10431625,0.12925532022615221,0.01273914973832782,0.0135598524724676,0.010682029476396727
8.52,0.775,0.10439625000000001,0.129366276877955,0.012760827415190391,0.013577436896403118,0.010715754295601653
8.530000000000001,0.775,0.10447875,0.12948218700839392,0.012782487507856868,0.013594995785448984,0.010749454852947407
8.540000000000001,0.775,0.1045725,0.1295996748647175,0.012804135936736872,0.013612529371914562,0.01078315336996526
8.55,0.775,0.10467,0.1297266956636007,0.012825770885159724,0.013630037320139721,0.010816843894340759
8.56,0.775,0.10476749999999999,0.12985718137047947,0.012847393715474656,0.01364751932115605,0.010850532598815925
8.57,0.775,0.10484124999999998,0.12997618515540477,0.012869001446045697,0.013664974716412344,0.010884210002538783
8.58,0.775,0.10494125,0.13010594962548264,0.012890595200861787,0.013682403606829499,0.010917880212914972
8.59,0.775,0.10506125000000001,0.13028713957828827,0.012912179080465193,0.013699806436077235,0.010951557685380637
8.6,0.775,0.1051575,0.13040804542140683,0.012933750865458837,0.013717184137867006,0.01098523139580565
8.610000000000001,0.775,0.1052525,0.13052845730846008,0.012955309217821157,0.01373453669917036,0.011018896373822392
8.620000000000001,0.775,0.10537625,0.13068717948692266,0.012976853733872919,0.013751864307081722,0.011052550649242451
8.63,0.775,0.10548249999999999,0.13082236370869524,0.012998386649641251,0.013769167343620492,0.011086201732714502
8.64,0.775,0.10557375000000001,0.1309410354223183,0.01301990341619375,0.013786445376212143,0.011119833688528792
8.65,0.775,0.10566874999999999,0.13107070706426768,0.013041404864076261,0.01380369786559479,0.01115345127372032
8.66,0.775,0.10576875000000001,0.13120412056825023,0.013062891088065935,0.01382092518725005,0.011187053911132856
8.67,0.775,0.10586875,0.13134431854544967,0.013084363201288385,0.013838127660557012,0.011220645027865005
8.68,0.775,0.10597124999999999,0.1314846321533331,0.013105825725796591,0.013855305301869835,0.011254241686269675
8.690000000000001,0.775,0.10608125000000002,0.1316320511556183,0.013127274621695753,0.013872458717663648,0.011287827075206315
8.700000000000001,0.775,0.10619125,0.1317836680781987,0.013148710690724359,0.013889588030409995,0.011321403965066357
8.71,0.775,0.1062725,0.1318897389177938,0.013170132028763088,0.01390669277850601,0.01135496656220666
8.72,0.775,0.10635625000000001,0.1319878590766198,0.013191538222926916,0.013923774309987634,0.01138850975546765
8.73,0.775,0.10645125,0.13210959337460002,0.013212931363940878,0.013940831706094337,0.01142204398515796
8.74,0.775,0.1065325,0.13221126417806245,0.013234310479452447,0.013957864587525416,0.01145556673734552
8.75,0.775,0.10662125,0.13232803241548086,0.013255674106522853,0.013974873606679952,0.011489070866033565
8.76,0.775,0.10668,0.13241563343806761,0.013277019928577041,0.01399185780831843,0.0115225504472557
8.77,0.775,0.10676999999999999,0.13252694763289502,0.013298348289025583,0.014008817313344475,0.011556006584321305
8.780000000000001,0.775,0.10683375,0.13259666399908443,0.013319658855952371,0.01402575286526647,0.011589436172384804
8.790000000000001,0.775,0.10692375,0.13271321996818944,0.01334095386828091,0.014042664538344256,0.011622847461329808
8.8,0.775,0.10700875,0.13281632452407693,0.013362236111832102,0.014059551461460809,0.011656253224351156
8.81,0.775,0.10708999999999999,0.1329228449071387,0.013383502766783519,0.014076414285262587,0.011689641342895967
8.82,0.775,0.10716625,0.13302064430115304,0.013404753376865823,0.0140932525595709,0.011723011453873835
8.83,0.775,0.10725750000000002,0.13314387196385014,0.013425988175687206,0.014110066484824829,0.011756363985987874
8.84,0.775,0.10734875,0.13326151886380186,0.013447208141892231,0.014126856058320859,0.011789702656211546
8.85,0.775,0.1074575,0.13340737846966103,0.013468411301440279,0.01414362168605852,0.011823019204560784
8.860000000000001,0.775,0.10753,0.13350487842029007,0.013489600275846152,0.014160363833324334,0.011856322138741885
8.870000000000001,0.775,0.10760875000000002,0.13360416524126367,0.013510772226718957,0.014177082438615214,0.011889601299471838
8.88,0.775,0.10767875,0.1336922174306799,0.013531928188644692,0.014193777279888842,0.01192286120111128
8.89,0.775,0.107755,0.13378599515521936,0.013553069437075469,0.014210448333621619,0.011956106685415612
8.9,0.775,0.10783249999999998,0.1338798667826669,0.01357419339478757,0.014227095713199934,0.011989328115713837
8.91,0.775,0.10790875,0.1339906922364982,0.013595302540895476,0.014243718724303868,0.012022536508755772
8.92,0.775,0.10801,0.13412240462188801,0.013616399729239025,0.014260318828935845,0.01205573850191037
8.93,0.775,0.10808125,0.1342240362122135,0.013637486420382258,0.014276896199221895,0.01208893903414443
8.940000000000001,0.775,0.10816,0.13432690699195587,0.013658559087504036,0.014293449919820614,0.012122127701902173
8.950000000000001,0.775,0.10822375000000001,0.13441219812305755,0.013679616046076235,0.014309980602072928,0.012155296863103236
8.96,0.775,0.108315,0.13451912720151268,0.013700656926810982,0.014326487934926272,0.01218844610192171
8.97,0.775,0.10840625,0.13463995950336788,0.013721683739608942,0.014342972029674788,0.012221582507122334
8.98,0.775,0.10849500000000001,0.13476025661025245,0.013742694500373433,0.014359432186956825,0.01225470080188204
8.99,0.775,0.1085675,0.1348486592316989,0.013763689708923001,0.01437586904077364,0.012287801232797794
9.0,0.775,0.10864374999999998,0.13495534094270922,0.013784668243022427,0.014392282938951869,0.012320878940391924
9.01,0.775,0.108725,0.13505859958807784,0.01380563135775132,0.014408674340109527,0.012353937374524821
9.02,0.775,0.1088275,0.13518923062423155,0.013826579585525849,0.014425044089355027,0.01238697635430433
9.030000000000001,0.775,0.10890875,0.13529324728244546,0.01384751488510498,0.014441391367485045,0.012420005152606203
9.040000000000001,0.775,0.1089875,0.13540193975150155,0.013868433277172148,0.014457715099409057,0.012453012310566934
9.05,0.775,0.10907625,0.1355229282671674,0.013889336107117364,0.014474014405819592,0.012486005039209352
9.06,0.775,0.10915124999999999,0.13563031820224639,0.013910222594241475,0.014490290341717811,0.012518977884791364
9.07,0.775,0.10922375,0.13572629158030394,0.013931090518728989,0.014506543486749332,0.012551921482156751
9.08,0.775,0.10931374999999999,0.13584573450656462,0.013951942321265029,0.014522773505501527,0.012584845566259367
9.09,0.775,0.10940750000000002,0.13596705203962434,0.013972777515106564,0.014538980153015569,0.012617749112042938
9.1,0.775,0.1094875,0.13606724071571263,0.013993598188644023,0.014555163603750268,0.012650639238814484
9.110000000000001,0.775,0.10956624999999999,0.13617414646477044,0.014014402254962439,0.014571323501115566,0.01268350948855253
9.120000000000001,0.775,0.10963374999999999,0.13626347948890835,0.01403518853661775,0.014587460176720322,0.012716354901620045
9.13,0.775,0.10971,0.13636306955925528,0.014055956305372014,0.014603574362052774,0.012749171119525265
9.14,0.775,0.10978500000000001,0.13647361254466858,0.014076704666604557,0.014619665425399771,0.012781956691035785
9.15,0.775,0.10985125,0.13655776210726187,0.014097435574713149,0.014635734106854984,0.012814716805249274
9.16,0.775,0.10993125,0.13665580906877997,0.01411814971748002,0.014651780465196641,0.012847453863976482
9.17,0.775,0.11000875,0.13676462814691887,0.014138849039930242,0.014667804561198847,0.01288017471577749
9.18,0.775,0.11008875,0.1368746354007681,0.014159533262542053,0.014683806570024424,0.012912878001065949
9.190000000000001,0.775,0.1101675,0.13698384483227488,0.01418020255738076,0.014699786152611,0.012945565267850906
9.200000000000001,0.775,0.11024999999999999,0.1370895593768836,0.014200855429492745,0.014715742842042866,0.01297823248969621
9.21,0.775,0.11033375,0.13721872880664082,0.014221491474745575,0.01473167730987598,0.013010876625637493
9.22,0.775,0.11039499999999998,0.13730551187472587,0.014242111164677239,0.014747588415868738,0.013043502309184657
9.23,0.775,0.11047875,0.13742151696517071,0.014262714816901258,0.014763477071132234,0.013076108445418339
9.24,0.775,0.11056749999999999,0.13753880791937545,0.014283302315553715,0.014779342857250789,0.013108695763345963
9.25,0.775,0.110665,0.13767118459858674,0.014303874498901711,0.014795186045328272,0.013141266607646552
9.26,0.775,0.11074625,0.1377857442588388,0.014324431812666981,0.014811007057479928,0.013173821558846568
9.27,0.775,0.11083,0.13791027395963396,0.014344973902515183,0.014826805568878089,0.013206360255986262
9.280000000000001,0.775,0.11089000000000002,0.1379732540334626,0.014365500865605129,0.01484258182610024,0.013238882501047844
9.290000000000001,0.775,0.11097000000000001,0.13807575276609532,0.014386009866958009,0.014858336328986976,0.01327137718416692
9.3,0.775,0.11104000000000001,0.13816375766492087,0.014406501943697327,0.01487406906691363,0.013303848061920982
9.31,0.775,0.11115125,0.13831349324653164,0.014426976863948195,0.014889779659685362,0.013336295361522544
9.32,0.775,0.11122125000000001,0.13840434893695006,0.014447436762571922,0.014905467681777354,0.013368727692363507
9.33,0.775,0.11129000000000001,0.13850068741147836,0.014467879462768991,0.014921133127073114,0.013401137543090795
9.34,0.775,0.11138874999999998,0.13862622486517356,0.01448830737964766,0.01493677698903188,0.013433530947065758
9.35,0.775,0.11145750000000001,0.13872937218724682,0.01450871985291848,0.014952399010022157,0.013465906311869355
9.360000000000001,0.775,0.11152875,0.13882007106615568,0.014529115867740954,0.014967999702810358,0.01349825891396255
9.370000000000001,0.775,0.11159374999999999,0.13890446638112156,0.014549497004974108,0.01498357921075992,0.013530593975912521
9.38,0.775,0.11166000000000001,0.1389863297774431,0.01456986058611784,0.014999138050695264,0.013562901001035608
9.39,0.775,0.11173124999999999,0.13907960060421512,0.01459020433434087,0.015014675815060044,0.013595173201732121
9.4,0.775,0.11180125,0.1391664424425807,0.014610530987691939,0.015030192781648813,0.013627419503112151
9.41,0.775,0.111855,0.13924040460077017,0.014630840500604455,0.015045689134320996,0.01365963938704756
9.42,0.775,0.11194124999999999,0.13935908549540352,0.014651135147227474,0.015061163648701612,0.01369184381798845
9.43,0.775,0.11201,0.1394386469858727,0.0146714163101878,0.015076617596471293,0.013724034514767816
9.440000000000001,0.775,0.11208749999999998,0.1395412368706471,0.014691680062919214,0.015092050201767052,0.013756199883418776
9.450000000000001,0.775,0.11216374999999999,0.1396419944557838,0.014711927993567799,0.015107461782698466,0.013788344708652141
9.46,0.775,0.11223749999999999,0.13973664730363222,0.01473216060822599,0.01512285239446431,0.013820470676070305
9.47,0.775,0.11232125,0.1398337456732359,0.014752375949623071,0.01513822143969394,0.013852572579447624
9.48,0.775,0.1123875,0.1399240834470622,0.014772575133736705,0.015153568741463556,0.013884654772004793
9.49,0.775,0.11245875,0.14001629564018847,0.014792758002243722,0.015168895387556867,0.013916714139884235
9.5,0.775,0.11253250000000001,0.1401102412425401,0.014812924507710247,0.015184201247217357,0.013948750907040229
9.51,0.775,0.11260500000000001,0.14020441490405602,0.01483307292426837,0.01519948641007737,0.013980759016968379
9.52,0.775,0.1126775,0.1403018249162954,0.014853202817414209,0.015214751525165824,0.014012735504307774
9.530000000000001,0.775,0.11275874999999999,0.14040129530539075,0.014873316967833457,0.01522999706071766,0.014044688863969075
9.540000000000001,0.775,0.11284500000000001,0.14051605503936815,0.01489341753054285,0.015245222829325536,0.014076626985705184
9.55,0.775,0.1129175,0.14061152543302738,0.01491349993258689,0.015260428612930109,0.01410853483382038
9.56,0.775,0.11299374999999999,0.14070967004966534,0.014933567827097562,0.015275614002400543,0.014140425967615755
9.57,0.775,0.11304874999999999,0.14078058172204397,0.014953619985353097,0.015290778858149914,0.014172296591117703
9.58,0.775,0.11312875,0.14088316122356231,0.014973657437065097,0.015305923497348783,0.014204149520133576
9.59,0.775,0.1132075,0.14097911059127272,0.014993682515914899,0.015321048349268227,0.01423599172343549
9.6,0.775,0.11328250000000001,0.14107367964870826,0.015013692927894194,0.01533615343537003,0.014267815393355546
9.610000000000001,0.775,0.11335625,0.14114797681269967,0.015033689333511515,0.015351239548410937,0.014299620940367084
9.620000000000001,0.775,0.11343125000000001,0.14125649236686666,0.01505366941464363,0.015366306867165764,0.014331400134391024
9.63,0.775,0.11350624999999999,0.14134696345860362,0.015073633552916577,0.015381354975446961,0.014363155346794422
9.64,0.775,0.11358499999999999,0.14144512564173906,0.015093581809451634,0.01539638328326077,0.01439488827524487
9.65,0.775,0.11364375,0.14152582739368152,0.015113515061720465,0.015411392064190252,0.014426601310664328
9.66,0.775,0.11372499999999999,0.14162669435839642,0.015133431918997247,0.015426381830586604,0.01445828859402464
9.67,0.775,0.11378,0.14169723383856028,0.01515333262254656,0.015441351844960476,0.014489952776185745
9.68,0.775,0.11385624999999999,0.14180228954185808,0.015173216607378498,0.015456301998436842,0.014521592280759697
9.690000000000001,0.775,0.11391875000000001,0.14189063471010407,0.015193083391761737,0.015471232663942716,0.01455320467686394
9.700000000000001,0.775,0.113975,0.1419641062687348,0.015212933316377223,0.015486143613523337,0.014584791736242327
9.71,0.775,0.114045,0.14205109378675282,0.015232766291551887,0.015501035014181576,0.014616352837058455
9.72,0.775,0.1141075,0.14213006874922474,0.015252581793728182,0.015515907021137016,0.014647885930701396
9.73,0.775,0.11417999999999999,0.14222611017205178,0.015272382909276037,0.015530759497360828,0.014679401797938994
9.74,0.775,0.11424499999999999,0.14230966973410444,0.015292170131758407,0.01554559219732442,0.01471090272708381
9.75,0.775,0.11433249999999999,0.14242875886801562,0.015311940924665783,0.015560404877622598,0.01474238082803695
9.76,0.775,0.11440375,0.14251674251716398,0.015331696450105283,0.0155751981593462,0.014773838602016387
9.770000000000001,0.775,0.11446749999999999,0.14260524987052792,0.015351436455389885,0.015589972991098102,0.01480527303723316
9.780000000000001,0.775,0.114545,0.14270545540343008,0.015371160830729931,0.015604729172060072,0.014836684307408667
9.790000000000001,0.775,0.114605,0.1427658652646702,0.015390868502630982,0.015619466861256459,0.014868068519850756
9.8,0.775,0.11468125000000001,0.14285530303123437,0.01541055877083447,0.015634187037221258,0.0148994211223753
9.81,0.775,0.11474499999999999,0.14293613520651124,0.015430230088964643,0.015648888051909945,0.014930740896979903
9.82,0.775,0.11481,0.14302917132179396,0.01544988404998641,0.01566356920853258,0.014962034877894832
9.83,0.775,0.11488,0.143114004819371,0.015469520645119857,0.015678231084487855,0.014993301758838574
9.84,0.775,0.1149725,0.14322850793465625,0.015489144218191456,0.015692874437469147,0.015024554317077655
9.85,0.775,0.11503875,0.14330988013149262,0.01550875195336205,0.015707498873353983,0.015055784144383936
9.860000000000001,0.775,0.11510999999999999,0.14339486511382477,0.015528344299680403,0.015722104735170356,0.015086992000439465
9.870000000000001,0.775,0.11517749999999999,0.14347660587703828,0.015547921954383741,0.01573669180036503,0.015118180783307017
9.88,0.775,0.115235,0.14355935564695202,0.015567483401569843,0.01575126015413759,0.01514934531537729
9.89,0.775,0.11529375,0.14364163159197163,0.015587027944101238,0.01576580929569971,0.015180484511568625
9.9,0.775,0.11536625,0.14373781541028408,0.015606554417435445,0.01578034005898309,0.015211592649284488
9.91,0.775,0.11543125,0.14381648395381855,0.015626066221452677,0.015794852708438493,0.015242680462415751
9.92,0.775,0.11551374999999998,0.14391672199910324,0.015645564261725413,0.015809346958359484,0.015273751666228342
9.93,0.775,0.11557375,0.1439962212301757,0.015665047915495778,0.015823823155694652,0.015304803447950674
9.940000000000001,0.775,0.1156575,0.1441080334682979,0.01568451703860172,0.015838281167031596,0.015335835692425854
9.950000000000001,0.775,0.1157225,0.14419303806662773,0.015703968934755844,0.01585272023853687,0.015366841287741677
9.96,0.775,0.11581,0.14431050643081547,0.015723404837892967,0.01586714095208045,0.01539782303462169
9.97,0.775,0.11587375,0.14438918113338714,0.015742827234407744,0.01588154411986324,0.015428787329009952
9.98,0.775,0.11595000000000001,0.14448839009308392,0.015762233859731144,0.01589592844746258,0.015459729730677092
9.99,0.775,0.1160475,0.1446043627626511,0.015781624608214376,0.015910293031731065,0.015490652017245424
10.0,0.775,0.11611125,0.14468602110955248,0.015800999152620333,0.015924638945064115,0.015521550707480873
