time,frozen_gate_rel_rms_all,block_selector_rel_rms_all,frozen_gate_rel_rms_cluster1,block_selector_rel_rms_cluster1,frozen_gate_rel_rms_cluster2,block_selector_rel_rms_cluster2
3.52,0.0,0.06710557056939888,0.0,0.06654146000074901,0.0,0.06958750758349683
3.5300000000000002,4.5077759294512346e-07,0.06703246947448115,4.978606384790994e-07,0.06650274659996472,7.068689197010914e-08,0.06933434927077486
3.54,1.2963693650994649e-06,0.06699261052169718,1.4343428206409501e-06,0.06650478033411546,1.7680022544744409e-07,0.06908758491767976
3.5500000000000003,2.319650737154412e-06,0.06692868128957254,2.5699247331371787e-06,0.06647670869714752,3.073321642378799e-07,0.06884704278686185
3.56,3.4785841920528446e-06,0.06686562753530156,3.858858105429814e-06,0.06644931626801855,4.4956529479707394e-07,0.06861256103964448
3.5700000000000003,4.769010325157544e-06,0.0668177707326538,5.297253691376665e-06,0.06644040188979224,5.935404601440429e-07,0.06838398781482255
3.58,6.188479609793753e-06,0.0667503133639074,6.8830350550199085e-06,0.06640665814287221,7.304910764671778e-07,0.0681611581926845
3.5900000000000003,7.760771745175319e-06,0.06666391551700909,8.643241235367104e-06,0.06634874724391031,8.558006914128704e-07,0.06794392073032467
3.6,9.4745763339359e-06,0.06658971123794057,1.056567809221133e-05,0.06630547788952026,9.68670107266273e-07,0.06773212989102795
3.6100000000000003,1.133787571032987e-05,0.06652484970923324,1.2659696353015449e-05,0.06627333768443948,1.0667862301326197e-06,0.067525642342121
3.62,1.3328381587295341e-05,0.06646680447133618,1.4900738666775368e-05,0.06624919362102756,1.1491630692127924e-06,0.06732432066283854
3.6300000000000003,1.546440056841013e-05,0.06640315268741898,1.7309606416124337e-05,0.06621744278788784,1.2161617501618763e-06,0.06712802391492496
3.64,1.771428204508922e-05,0.0663220463220004,1.9851124835316848e-05,0.06616310147649121,1.26841818539849e-06,0.06693661751578527
3.6500000000000004,2.0068456040028147e-05,0.06626816800105845,2.2514760945685825e-05,0.06614244238487765,1.307086701009733e-06,0.06674996970000399
3.66,2.2528429465161474e-05,0.06621166526641903,2.530240414711271e-05,0.06611787807823451,1.3319177474849238e-06,0.0665679519812382
3.6700000000000004,2.5106724701750842e-05,0.0661432530278011,2.8228319414762423e-05,0.06607762267764278,1.3434652208397554e-06,0.06639043914949742
3.68,2.7815960528277173e-05,0.06609154533233164,3.130691411638285e-05,0.06605787882081915,1.3431058013515213e-06,0.06621730728232378
3.6900000000000004,3.067218647753772e-05,0.06602650271307241,3.4556505415997356e-05,0.06602058250277472,1.3324445187699697e-06,0.06604843889748474
3.7,3.3670379495866834e-05,0.06597656633599729,3.7971698920269065e-05,0.06600181943432919,1.3127854986938274e-06,0.06588371911311632
3.71,3.679750209596959e-05,0.06592611650685452,4.153801872570182e-05,0.06598176978118865,1.2854999852160657e-06,0.06572303735794606
3.72,4.00786073665526e-05,0.06587694350762398,4.528396704773321e-05,0.06596270566123585,1.2527358839061185e-06,0.06556628304112813
3.73,4.3495839983233485e-05,0.06582902417351572,4.918959241975903e-05,0.0659445969910521,1.2180339799698452e-06,0.06541334832845891
3.74,4.707738091761218e-05,0.06578195667299559,5.328697841540088e-05,0.06592692931169127,1.1856160823096638e-06,0.06526413152505854
3.75,5.083464657337168e-05,0.06573833975627547,5.7589310534234544e-05,0.06591302746773967,1.1603203270468291e-06,0.06511853418225697
3.7600000000000002,5.477498125605978e-05,0.06568724559899763,6.210517536269167e-05,0.0658888984388732,1.1493660595543991e-06,0.0649764520049075
3.77,5.8909424153282824e-05,0.06564755027669868,6.684735565034909e-05,0.06587872783383744,1.1621236751159743e-06,0.06483778668905706
3.7800000000000002,6.325524009445222e-05,0.06561055608972763,7.183573004019513e-05,0.0658713893439721,1.2071391897793584e-06,0.06470244758405927
3.79,6.781740529794883e-05,0.06557564432099906,7.70762541962152e-05,0.06586609661778517,1.2903772477082639e-06,0.06457034350167033
3.8000000000000003,7.261338937492334e-05,0.06554174799914814,8.258907606429553e-05,0.06586148302955354,1.4178146338854214e-06,0.06444138581254115
3.81,7.765985993430964e-05,0.06550981764525772,8.83934657081005e-05,0.06585877526173987,1.5924449296002622e-06,0.06431549353700924
3.8200000000000003,8.295408251102917e-05,0.06547855453972419,9.448662659381983e-05,0.06585630709723826,1.8140150745437612e-06,0.06419257651160233
3.83,8.849023255493789e-05,0.06544995673186176,0.00010086218321063648,0.06585666089777223,2.0848092729463015e-06,0.06407255542089062
3.8400000000000003,9.426065751930191e-05,0.06542345225811234,0.00010751165462669943,0.06585910895462431,2.4024085550205036e-06,0.06395534794500642
3.85,0.0001002696944289579,0.065399732987312,0.00011444018078749341,0.06586455460025568,2.7673986529650125e-06,0.06384087856866416
3.8600000000000003,0.00010653482501129173,0.06536986634968191,0.00012166786160405038,0.06586144294655426,3.18610191066079e-06,0.0637290735856796
3.87,0.00011307381737041631,0.06535083799260923,0.00012921501209074604,0.06587176539842053,3.6795867046486044e-06,0.06361986742999992
3.8800000000000003,0.0001199107852440176,0.06533626466706742,0.00013710953468244597,0.0658872828060777,4.230566760449621e-06,0.0635131820350234
3.89,0.00012703641782437137,0.0653188538202037,0.0001453410625532788,0.06589854587650974,4.833135459242797e-06,0.06340895079090404
3.9000000000000004,0.00013444126911379406,0.06530031042852938,0.0001538987597695831,0.06590776079531582,5.50717589079089e-06,0.06330711731832558
3.91,0.00014213175233241133,0.06527985679352434,0.00016279007424621056,0.06591391719902248,6.25407404764282e-06,0.06320761678821515
3.9200000000000004,0.00015011486824143932,0.06526816801169483,0.00017202301620239903,0.06593089952794445,7.083391420014406e-06,0.06311038492211814
3.93,0.00015837631446814022,0.06525267695328221,0.00018158137151771467,0.06594238077811057,7.986774254606757e-06,0.06301535345006772
3.9400000000000004,0.0001669157513191964,0.06523457421957836,0.00019146492899906945,0.06594990573998925,8.956095234783921e-06,0.06292246514355103
3.95,0.00017576156983110106,0.06523093250843774,0.00020170621882438416,0.06597572236268441,1.0000611248834533e-05,0.0628316622366391
3.9600000000000004,0.0001849295430057733,0.0652188972744919,0.00021232306569181022,0.06599006854848227,1.1143337678927234e-05,0.06274288807907746
3.97,0.00019442895072703905,0.0652016914886737,0.0002233261919546436,0.06599713473258612,1.2383182073379687e-05,0.06265609011710671
3.98,0.00020427350096085138,0.06519349292508499,0.00023473130871554812,0.0660154220685884,1.3725370203276381e-05,0.06257122044652809
3.99,0.0002144361064403488,0.0651863062415706,0.0002465078053960468,0.06603451550785072,1.5143216957933922e-05,0.06248821867331049
4.0,0.00022490713067137747,0.0651837186838989,0.0002586441557701112,0.06605911085710506,1.6660123006807092e-05,0.062407034101112514
4.01,0.00023569950602255694,0.06518400860427025,0.0002711554130266019,0.06608697136385676,1.8267360800363076e-05,0.0623276198066368
4.0200000000000005,0.0002468324757807565,0.06518826177658363,0.000284064078317772,0.06611953001299248,1.9951159834907505e-05,0.06224992211398837
4.03,0.000258312385310342,0.0651635547861838,0.0002973770816128877,0.06611372018756623,2.1730618318854915e-05,0.06217389338732239
4.04,0.0002701324466957065,0.06515987811106731,0.00031108612207179784,0.06613493409907693,2.362509911041907e-05,0.062099508865251736
4.05,0.0002822821019989049,0.06515087621452953,0.0003251794791625127,0.06614869585989175,2.5614212241645217e-05,0.06202673119591568
4.0600000000000005,0.00029476540022260094,0.06516596600385448,0.00033966158117931035,0.06619354627483423,2.7706250964392475e-05,0.06195551308467624
4.07,0.0003075699528857759,0.06515856299584764,0.0003545180766521326,0.0662084731327861,2.9900850833053434e-05,0.06188581269157695
4.08,0.00032067826980435813,0.06513635275518452,0.0003697286157442468,0.06620352700432668,3.220015596858609e-05,0.06181758733750006
4.09,0.00033409335338398916,0.0651194163942837,0.000385296557983057,0.06620503674799107,3.460436207251079e-05,0.061750782759426866
4.1000000000000005,0.0003478454752513095,0.06512694568658126,0.00040125691579465686,0.06623819673892946,3.7110342616130815e-05,0.06168537537821493
4.11,0.00036191503741986395,0.06514859290456211,0.00041758673579756427,0.06628946209842138,3.9724909773717124e-05,0.06162132605545522
4.12,0.00037629252380991604,0.065147211031871,0.000434275011320542,0.06631009214828615,4.244454716192946e-05,0.06155858956884221
4.13,0.0003909647689388357,0.0651500017497441,0.00045130630100895475,0.06633578582199855,4.527171562039571e-05,0.06149713812270231
4.140000000000001,0.00040591665701475904,0.06513596069013093,0.0004686625507040277,0.06633896286382905,4.82180599754811e-05,0.061436945894204474
4.15,0.00042116069313884223,0.06511026291218104,0.0004863585731807819,0.06632640916335171,5.12694401467809e-05,0.061377980287504005
4.16,0.00043668204918800727,0.0651086741261196,0.0005043764024782301,0.06634512941546451,5.444336416594672e-05,0.06132020917222167
4.17,0.00045248780582124264,0.06510884543484495,0.000522724349384816,0.06636577607740686,5.773200480993199e-05,0.06126359644387359
4.180000000000001,0.00046858913967493367,0.06509239970329392,0.0005414154816593068,0.06636419425645308,6.112858262321682e-05,0.0612081022502528
4.19,0.00048494905413103487,0.06508585214137312,0.0005604064682794634,0.06637525121431248,6.46395643182613e-05,0.06115370132484238
4.2,0.000501573635250753,0.06509053445445537,0.0005797046635188785,0.06640071508620532,6.825310079871281e-05,0.061100367680465846
4.21,0.0005184506403216376,0.0650731575369608,0.0005992954762106868,0.06639679388418318,7.197456257728359e-05,0.061048076735885325
4.220000000000001,0.0005355686775000172,0.06509524290161502,0.0006191649973222988,0.06644445310850614,7.581577945646857e-05,0.06099680233145674
4.23,0.0005529232489393038,0.06507010180711265,0.0006393075072556722,0.06642960266808948,7.978319592849959e-05,0.0609465312071924
4.24,0.0005705099362353878,0.06506046786667688,0.0006597183262512372,0.06643482054448895,8.386107600289803e-05,0.060897222000144614
4.25,0.0005883206091714092,0.06505247934952597,0.0006803869994101181,0.06644186595014236,8.806745981371981e-05,0.060848864401440876
4.26,0.000606340172581606,0.06504978327440213,0.0007012953777462458,0.066455552047267,9.240990210273624e-05,0.06080143197791704
4.2700000000000005,0.0006245688142064179,0.06504016684645451,0.0007224438663512286,0.06645979713858478,9.687849998680164e-05,0.060754905478924856
4.28,0.0006429981677186985,0.06502399995619183,0.0007438216177494331,0.06645508989751216,0.00010149157503919323,0.060709263090127336
4.29,0.00066162921522413,0.06501768929395291,0.0007654305202648209,0.06646306203383878,0.00010622764125171678,0.060664467256921095
4.3,0.0006804474062331789,0.06502887504730427,0.0007872527592740927,0.06649379614664863,0.00011109966529426982,0.06062050029715842
4.3100000000000005,0.0006994679914861272,0.06502667590857963,0.0008093054961305496,0.06650659447009158,0.00011611443344009937,0.06057734293538052
4.32,0.0007186744750564542,0.06502208775975507,0.0008315688778592204,0.06651595219458192,0.00012127894395871526,0.06053498242970061
4.33,0.0007380693264221954,0.0650086672522788,0.0008540461185566461,0.0665133786221548,0.00012658103397653669,0.06049339521236048
4.34,0.0007576503953192512,0.06499762546015375,0.0008767329754290873,0.06651365579044638,0.0001320487910228571,0.06045257818526483
4.3500000000000005,0.0007774020184812857,0.06498559538747961,0.000899610525048778,0.06651234782426706,0.0001376882257388092,0.060412518868959084
4.36,0.0007973324759732464,0.06497501074254804,0.000922689697410422,0.06651267345622335,0.00014346964431115775,0.06037319116996753
4.37,0.000817432903210556,0.06496542695783805,0.0009459595629949585,0.06651405470734119,0.00014939889244191255,0.060334571222424145
4.38,0.0008376850912623444,0.06494595235379702,0.0009693988463670921,0.0665021246253789,0.0001554712862128423,0.06029664201284191
4.390000000000001,0.0008581076636732696,0.06493642091200921,0.0009930286825864999,0.0665030598236381,0.00016169284797766306,0.060259390972430264
4.4,0.0008787146338925602,0.06494876426522596,0.0010168635100084385,0.06653261495868558,0.00016809234087370752,0.06022281398144882
4.41,0.0008995028531524577,0.06494798878939315,0.0010408990004476416,0.06654461508702256,0.00017467519794435766,0.06018688081633063
4.42,0.000920477873599706,0.06495658162952662,0.0010651404841801407,0.06656874400878436,0.00018145508543103393,0.06015158100957427
4.430000000000001,0.0009416402226112751,0.0649265344596672,0.0010895898564792503,0.06654163275233076,0.00018840508118636676,0.06011689980614386
4.44,0.0009629947801877014,0.06491777054030255,0.0011142525907964296,0.06654238859731298,0.00019552441406554415,0.06008281826190931
4.45,0.0009845467229536809,0.06489919428782846,0.0011391325959053586,0.06652996154518036,0.00020284289395831252,0.06004933313825177
4.46,0.0010062862640058733,0.0648696300794158,0.0011642195550286313,0.06650280311585917,0.00021033731814592546,0.06001641736737377
4.470000000000001,0.00102822136198916,0.06488497982819229,0.0011895212434165827,0.06653474659158835,0.00021802709215132675,0.05998406763219797
4.48,0.0010503550940001909,0.06486814255862634,0.0012150404594519601,0.06652396953535496,0.00022591947503867077,0.05995227201151195
4.49,0.0010726758999011843,0.06484947643342537,0.0012407644850990012,0.06651057092493759,0.00023399713879019698,0.05992100995441179
4.5,0.0010951745894850905,0.06483125455673833,0.00126668219283304,0.06649755628276668,0.00024226106619398136,0.0598902734517255
4.51,0.0011178392801732904,0.06482511278961532,0.0012927787207644872,0.06650030208034417,0.0002507205168597266,0.05986005737206846
4.5200000000000005,0.0011406780683117664,0.06479636412183765,0.0013190644411716342,0.06647298607322097,0.00025935817848790735,0.05983033906932451
4.53,0.0011636939758568738,0.0647803470663155,0.0013455394087827086,0.06646229830706661,0.00026821947432919093,0.0598011254718365
4.54,0.001186875043858482,0.0647759950013096,0.0013721903533747244,0.0664668382844913,0.00027728838528046746,0.05977240454044583
4.55,0.001210237713414248,0.06477119469375679,0.0013990361167812045,0.06647060395650983,0.0002865662421228493,0.05974416194451952
4.5600000000000005,0.0012337630638388421,0.06474302841554566,0.0014260573580797617,0.06644330964059808,0.00029600982346166866,0.059716380662598614
4.57,0.001257437398897702,0.06476114173207545,0.0014532361519545552,0.06647701415575023,0.0003056408617450998,0.05968904820044035
4.58,0.0012812762088288741,0.06473321073808333,0.0014805892664738925,0.06644968711116914,0.0003154742387259545,0.05966216321172242
4.59,0.0013052784085744538,0.06471612597841205,0.001508117436419438,0.06643652997039869,0.00032547982412998224,0.05963570900400307
4.6000000000000005,0.0013294332088595884,0.06471390066653356,0.0015358069417340285,0.06644285809685731,0.00033566816925267656,0.05960966809900748
4.61,0.0013537375006758814,0.06469715135581207,0.001563654050787908,0.06642982844705443,0.000346037023290581,0.05958403494418329
4.62,0.0013782006589827965,0.0646927800950966,0.0015916691011613187,0.06643300814390933,0.00035659183941343006,0.0595588091335072
4.63,0.001402812098787391,0.06466561948906552,0.0016198343712420641,0.06640589387945596,0.0003673944122039685,0.05953401006573286
4.640000000000001,0.001427557196827742,0.06465170456154663,0.0016481372548955344,0.06639614386636956,0.0003783834587894493,0.0595095995292516
4.65,0.0014524236084910173,0.06463731069176012,0.0016765626099850938,0.0663856119724146,0.00038956321416439753,0.05948557771010185
4.66,0.0014774163301582409,0.06461063924638226,0.0017051167256555123,0.06635869966060778,0.00040092544088732627,0.059461927557356783
4.67,0.0015025463952347958,0.06460971534539771,0.0017338123630515235,0.0663656987011056,0.0004124698694020587,0.059438647872319984
4.680000000000001,0.001527805190347173,0.0645833485004436,0.0017626389680380666,0.06633890597936713,0.00042419851450487494,0.05941573628704493
4.69,0.0015531875336887001,0.0645707453164768,0.0017915878712754902,0.06633017727678056,0.00043613791155121446,0.05939319549345903
4.7,0.0015786835671900133,0.0645570678474701,0.0018206505787339404,0.06631989561610305,0.0004482490048617558,0.05937100084833824
4.71,0.0016042962069792088,0.06453120173234596,0.0018498278809370415,0.06629335389471044,0.0004605590219532639,0.05934916382036393
4.720000000000001,0.0016300408326213832,0.06450553351345975,0.0018791399219563337,0.0662669424372661,0.00047304251703185956,0.05932766794429569
4.73,0.0016558950471437144,0.06450555404287456,0.0019085584801296015,0.06627439193953683,0.00048571709108566216,0.059306508619866354
4.74,0.0016818628634449088,0.06449562572993409,0.001938088108894252,0.06626855176159041,0.0004985818241060514,0.05928568604385606
4.75,0.0017079482321247063,0.06448505004249859,0.001967736532317682,0.06626173723971283,0.0005116012551069946,0.059265174528908324
4.76,0.0017341390345552274,0.06447382680861873,0.001997485606401497,0.06625394388152296,0.000524814469487588,0.059244988487832474
4.7700000000000005,0.001760425438210914,0.06444888650340036,0.0020273263128294805,0.06622788158510225,0.0005381915154772758,0.059225115226751016
4.78,0.0017868147709029102,0.0644347121754898,0.0020572659479596352,0.06621595150761017,0.0005517445504079658,0.05920554327353063
4.79,0.0018132938836925192,0.06441011151410155,0.0020872878091948988,0.0661901092161253,0.0005654833569213939,0.05918627362926617
4.8,0.0018398577744584354,0.06440025984922418,0.002117388454985409,0.06618367652876911,0.0005793803336418805,0.059167295913622436
4.8100000000000005,0.0018665129952403546,0.06437598773982062,0.002147573702984185,0.06615804866101498,0.0005934531332952002,0.059148609361477866
4.82,0.0018932542904439042,0.06435190476542274,0.0021778367757123666,0.06613256519579586,0.0006077052390862136,0.05913020089979913
4.83,0.001920077270186597,0.0643390010651719,0.002208173572603665,0.06612177615253041,0.0006221236539100631,0.05911206791618872
4.84,0.0019469871278149178,0.06433061057163858,0.0022385918470954314,0.066116862415303,0.000636690869463125,0.05909420001569139
4.8500000000000005,0.0019739819245793576,0.06431813134856575,0.002269086827764838,0.06610643801843594,0.0006514295168153191,0.05907659529595775
4.86,0.0020010524487191874,0.06430867411156013,0.002299645933047716,0.06609991397369976,0.0006663537019330568,0.05905926125611229
4.87,0.002028208198504363,0.06428534132802141,0.0023302791581113294,0.06607491934586111,0.0006814729955686844,0.05904220172658015
4.88,0.002055454980247883,0.06426219756546973,0.0023609932792578673,0.06605007369649007,0.000696785879688993,0.05902541387501154
4.890000000000001,0.0020827829833998295,0.06423923659507702,0.002391777231885058,0.06602537228462632,0.0007122848042354845,0.059008888136088185
4.9,0.00211018541411566,0.06423983346276019,0.002422623912830421,0.06603177264449105,0.0007279588230493432,0.058992608397302554
4.91,0.002137668477705641,0.064217153689184,0.0024535363473300303,0.06600725861427494,0.0007438455796323641,0.05897658426237814
4.92,0.0021652235505333906,0.06419465422664776,0.0024845052010221452,0.06598288889477162,0.0007599341566109726,0.058960815305177924
4.930000000000001,0.0021928441847574418,0.06417233188752074,0.0025155244559570997,0.06595866290456721,0.0007762073357292948,0.058945291423886444
4.94,0.0022205324080354534,0.06416112107718615,0.00254659770098422,0.06594906702357789,0.0007926524569958585,0.05892999894187413
4.95,0.002248280649375386,0.06415296311144897,0.002577713585733842,0.06594342756689792,0.0008092885713322099,0.05891494472090215
4.96,0.002276089525708609,0.06413108312811011,0.002608869447528317,0.06591952338350635,0.0008261430473628951,0.05890014292129286
4.970000000000001,0.002303952827882704,0.06410937567213836,0.00264006155902035,0.06589576304925569,0.0008431812960520633,0.05888557111773026
4.98,0.0023318635154160766,0.06410049535308698,0.0026712819064483237,0.06588891249101861,0.0008603981583650231,0.058871219050588966
4.99,0.0023598254637040724,0.0640790842775271,0.0027025351917176308,0.06586538498398367,0.0008777908423812305,0.0588570837523415
5.0,0.0023878365106379616,0.06405783935177939,0.0027338166263366124,0.06584199904667101,0.0008953761644477687,0.058843162179160864
5.010000000000001,0.0024158996016947765,0.0640505577794315,0.002765127519389952,0.06583702848904475,0.0009131702045154506,0.05882946855972536
5.0200000000000005,0.002444001573157409,0.0640296008772239,0.0027964573969915646,0.06581386578345093,0.0009311272421211527,0.058815984495824494
5.03,0.002472143511245938,0.06400880389149793,0.002827808971381377,0.0657908418859378,0.0009492339700006558,0.05880269975735094
5.04,0.002500324052934359,0.06398816518886742,0.002859178646593443,0.06576795480971945,0.0009675052344481875,0.0587896146011833
5.05,0.002528548072165536,0.06397975794657011,0.002890569074031746,0.0657611972146879,0.0009859649825003105,0.05877674350583323
5.0600000000000005,0.002556808172469564,0.06397257506929467,0.0029219723069578945,0.06575599234678157,0.0010046040994953534,0.05876406615488233
5.07,0.0025851028187867478,0.06395233315669735,0.00295338399520423,0.06573341357763551,0.0010234407111234364,0.05875158630780043
5.08,0.0026134266739345196,0.0639443059026465,0.0029848005563744076,0.06572695044631748,0.0010424504524150576,0.058739299546228176
5.09,0.002641779554290963,0.06392434495915213,0.0030162207397033004,0.06570459967562854,0.001061639629791613,0.05872722351940369
5.1000000000000005,0.0026701627255917544,0.0639182383855149,0.003047649682076923,0.0657005437300008,0.001080978051340258,0.058715325240894414
5.11,0.002698583451042814,0.06389854645970242,0.003079089982591847,0.06567841872922504,0.0011005113539835723,0.058703613936277446
5.12,0.0027270297725802465,0.06387900480802629,0.0031105294307814855,0.06565642536188286,0.001120221478622744,0.0586920909426739
5.13,0.002755495901354052,0.06385961300006576,0.003141964234004742,0.06563456590145217,0.0011400828067144528,0.05868074813541997
5.140000000000001,0.002783982778962884,0.06384036928702379,0.00317339368556401,0.0656128390249148,0.0011601078300386132,0.05866958303101697
5.15,0.002812496912049033,0.06384734413776935,0.0032048258489291923,0.06562579882489866,0.0011802928387717035,0.058658595902251524
5.16,0.002841034903206305,0.06382832558335919,0.0032362570638513406,0.06560424649764907,0.0012006333968541457,0.05864778282122659
5.17,0.002869594544904987,0.06380945707497923,0.0032676815853140227,0.06558282622420766,0.0012211510457598698,0.05863715866324833
5.180000000000001,0.0028981812314358337,0.06379074230621859,0.0032991058683723793,0.06556154477583047,0.0012418439662630215,0.05862671819179082
5.19,0.0029267900553824073,0.06377217669158353,0.0033305255362880725,0.06554039983961447,0.0012626995196092503,0.05861645030117666
5.2,0.002955417648502171,0.06375375882531274,0.003361935931541759,0.0655193906964685,0.0012837206907476816,0.05860635190432941
5.21,0.002984071749439055,0.06375134712476677,0.0033933517507874485,0.06551954541477668,0.001304867013186701,0.0585964094703577
5.220000000000001,0.003012754979812058,0.06373318542196514,0.0034247661333797292,0.06549875883809123,0.0013262090831932317,0.058586645260913346
5.23,0.003041465814616548,0.0637151730063159,0.003456179188361707,0.06547811358693535,0.0013477311043079416,0.058577041142164436
5.24,0.0030702074351908544,0.0636973142286678,0.0034875971273313424,0.0654576140925114,0.0013694145039398974,0.05856760171511348
5.25,0.0030989804200512146,0.0636796057986661,0.0035190218762643746,0.06543725615699383,0.0013912493536518936,0.05855832689117587
5.260000000000001,0.0031277783497095776,0.06367707666039359,0.0035504472113046235,0.06543697443598573,0.0014132242423806087,0.05854919501507766
5.2700000000000005,0.0031566025100898004,0.06365960366464254,0.003581868765637039,0.06541682483867765,0.0014353788743730396,0.05854021722420982
5.28,0.0031854494164410864,0.06364227241425593,0.003613285860284806,0.06539680942951183,0.0014576875843497722,0.05853139265548019
5.29,0.0032143176226097476,0.06362507937127138,0.0036446959800729415,0.06537692340097276,0.0014801544169058176,0.0585227220146406
5.3,0.003243201372175558,0.06362085129934462,0.003676090055838699,0.06537417624184151,0.0015027925763306843,0.058514206726397296
5.3100000000000005,0.0032720992249933305,0.06360388875911015,0.003707468345906197,0.06535449031537395,0.0015255871051108052,0.05850584073692669
5.32,0.003301022098161147,0.06358706368012,0.003738840554871504,0.06533493142616638,0.00154855952032798,0.05849763388396322
5.33,0.003329964836149432,0.06357037106662143,0.003770203158640607,0.06531549740515183,0.00157169045374303,0.05848957276009986
5.34,0.0033589206550685828,0.06355380587106639,0.00380154683532824,0.0652961815131822,0.0015949861690546642,0.058481657771862004
5.3500000000000005,0.0033878878791602637,0.06353737179733812,0.0038328668950501515,0.06527698558733615,0.0016184626161407343,0.05847389864681839
5.36,0.0034168605307091557,0.0635353666772021,0.0038641658132691726,0.06527688316944762,0.0016420553056751158,0.058466269394843236
5.37,0.0034458392692699857,0.06351913667545707,0.0038954450559269436,0.06525786826262851,0.0016657593071365215,0.058458769800156324
5.38,0.003474822143809337,0.063503030348439,0.003926699094791212,0.06523896833038743,0.0016895944125170886,0.05845141193020583
5.390000000000001,0.0035038083394860536,0.06348704611349319,0.003957925477608203,0.06522018263777603,0.0017135690584527958,0.05844419180756408
5.4,0.003532795184436207,0.06348384032337835,0.003989121287207984,0.065218308071664,0.0017376802177472108,0.05843708784179477
5.41,0.0035617834862034345,0.06346805219088719,0.004020283221245735,0.06519969224643449,0.0017619537926041391,0.05843013043794546
5.42,0.0035907700346453084,0.06345237987984928,0.004051413239479068,0.06518118827448446,0.0017863518175796405,0.05842329326507714
5.430000000000001,0.0036197584408184597,0.06343682730821902,0.004082508688735234,0.06516279510791954,0.0018109170499998216,0.05841659572438718
5.44,0.0036487454727125133,0.06342139242048124,0.004113572440440384,0.0651445167452994,0.0018356061110207315,0.05841001743530412
5.45,0.0036777380644226845,0.06341746076234828,0.004144606246575763,0.06514145426148289,0.0018604589038102152,0.05840357573641569
5.46,0.0037067361859916955,0.06339088228678658,0.00417561462329699,0.06510830140412738,0.0018854462252790526,0.058397255581170156
5.470000000000001,0.003735729175475513,0.06337579983023851,0.004206581032093467,0.06509035644873322,0.0019105891698387013,0.058391067526497774
5.48,0.0037647198062185252,0.0633608345000888,0.00423750709364566,0.06507251814501774,0.0019358968310773292,0.058385022268187044
5.49,0.0037937095466575267,0.06334598583985394,0.0042683949021817,0.06505478946411712,0.0019613657868517383,0.058379108974025644
5.5,0.003822693034824095,0.0633312476296961,0.004299239588238285,0.06503716497881823,0.00198698489775336,0.05837331915637923
5.510000000000001,0.003851668617703917,0.06332780065986791,0.004330039210443572,0.06503448416504405,0.0020127525222097538,0.05836765187301264
5.5200000000000005,0.003880640905531526,0.0633132536191328,0.004360799537992509,0.06501702915973236,0.002038666335208172,0.058362109994364905
5.53,0.00390960814653226,0.06329882373989981,0.00439151773328475,0.06499968488965004,0.0020647293142871817,0.05835669935834454
5.54,0.003938566104917006,0.06328450412874898,0.004422192299338553,0.06498244744041401,0.0020909189783397827,0.05835140407075286
5.55,0.003967512176872222,0.06327028865232431,0.004452822089289324,0.06496531005799137,0.002117222741869909,0.05834622002507941
5.5600000000000005,0.0039964510824701625,0.06326893189270462,0.004483404952186562,0.06496520053434987,0.0021436852996980873,0.058341156485052524
5.57,0.004025387934539849,0.06325489865704356,0.004513947133889245,0.06494822071956044,0.002170305066575718,0.05833622224994002
5.58,0.004054318828549222,0.06324097561469895,0.0045444498191633724,0.06493134827537904,0.0021970469187690975,0.05833140196103087
5.59,0.004083240157262061,0.06322715948467057,0.004574906769257464,0.06491457740686997,0.0022239205131271422,0.05832670009913409
5.6000000000000005,0.004112152619437143,0.06321344927792516,0.004605314608970348,0.06489790410376278,0.002250948657796301,0.05832212501507874
5.61,0.004141058583297221,0.063210706248588,0.004635680662934095,0.06489575278813127,0.0022781051312671563,0.058317663428478904
5.62,0.0041699599178303655,0.06319717642948998,0.004666006766322619,0.06487924287915312,0.0023053914846463144,0.05831331359585772
5.63,0.004198848739709765,0.0631837485016507,0.004696286066020447,0.06486283161205707,0.002332791543213575,0.05830907120571102
5.640000000000001,0.004227730387490095,0.0631704284852619,0.004726518241708438,0.06484651940111597,0.002360342244597085,0.058304959565385096
5.65,0.004256608913976346,0.06316628313414131,0.0047567117370944335,0.06484235126526332,0.0023880231494788685,0.05830096099725623
5.66,0.0042854821128960035,0.06315314594706284,0.004786865450807608,0.06482620689310918,0.002415824677459783,0.05829707146336628
5.67,0.0043143461082791245,0.06314010987232381,0.004816975738916193,0.06481016012732521,0.0024437401494784186,0.05829328978037533
5.680000000000001,0.004343198558860717,0.06312717316226055,0.004847039566186224,0.06479421012797607,0.0024717698094817234,0.058289611488133095
5.69,0.0043720461321255415,0.06311433850035222,0.004877064246765093,0.06477836019894778,0.002499917419608754,0.05828603748624833
5.7,0.004400883574472915,0.0631141576450977,0.004907044717197815,0.06477928095776526,0.00252817498111625,0.05828256504939895
5.71,0.00442970679311225,0.06310148452324736,0.004936978877538766,0.06476357647500822,0.0025565264269012933,0.05827919664386282
5.720000000000001,0.004458519509351093,0.06308890647834442,0.004966866971441505,0.06474796585363136,0.002584994087084641,0.05827592339573044
5.73,0.004487322449420071,0.06307642557603611,0.004996706133586625,0.06473244778922595,0.002613596974964448,0.058272757750624245
5.74,0.004516113294898971,0.06306403595542041,0.005026494344658975,0.06471701856794056,0.0026423297659974613,0.05826968731657124
5.75,0.0045448892086554634,0.06306338927759231,0.00505623040401687,0.06471715589432696,0.002671179642598594,0.05826670996074322
5.760000000000001,0.0045736492840683365,0.06303952819072876,0.0050859137182330824,0.06468642520967612,0.0027001431276200915,0.058263827222379945
5.7700000000000005,0.0046023907037050765,0.0630274078912244,0.005115548886159659,0.06467126106699533,0.002729177922185416,0.058261029032660804
5.78,0.0046311145132625076,0.06301538178917257,0.005145133595667037,0.06465618769673638,0.0027583023303334314,0.058258332351139884
5.79,0.0046598230729247726,0.06300344591503867,0.005174669895625918,0.06464120424035784,0.0027875202640387604,0.05825572374143516
5.800000000000001,0.004688516973794894,0.06299160062686007,0.005204155598884444,0.06462630823929495,0.00281684605984925,0.0582532121857562
5.8100000000000005,0.004717196153387587,0.06299130302254197,0.005233592801277753,0.06462672350930823,0.002846268070454089,0.05825079442754923
5.82,0.004745861884816567,0.06297960720473703,0.005262981836608836,0.06461196379578492,0.00287579198940573,0.05824846863190534
5.83,0.004774514743871265,0.0629680001148601,0.0052923218570908835,0.0645972900797842,0.0029054250371361914,0.058246236942128486
5.84,0.004803153615460153,0.06295648068867764,0.005321608367112555,0.06458269648135104,0.00293518213173426,0.05824411302669607
5.8500000000000005,0.004831775775603722,0.0629558902911119,0.005350841649143912,0.06458259198325011,0.002965044348286133,0.058242089414963075
5.86,0.004860383371468894,0.06294452161669682,0.005380023156754498,0.06456813169729879,0.002995016934542975,0.05824016580420847
5.87,0.004888985954645659,0.06293324423244998,0.005409157757395168,0.06455375511759452,0.0030251331378426875,0.05823835384388252
5.88,0.004917574301168404,0.06292205429001921,0.005438239936384901,0.06453945992277704,0.003055363189918662,0.058236645056027214
5.890000000000001,0.004946146837891522,0.0629109517679156,0.005467270610192486,0.06452524617140451,0.00308569243256929,0.058235039258608186
5.9,0.004974703669465874,0.06291168857184896,0.0054962491445225145,0.06452673811458742,0.0031161239966673157,0.058233521223051116
5.91,0.005003244687208073,0.06290071628080728,0.005525176179311462,0.0645126402579462,0.003146653547193876,0.05823208616087615
5.92,0.005031771113687813,0.06288982706243933,0.005554049349715461,0.06449861974009437,0.003177299185374103,0.05823074906251558
5.930000000000001,0.00506028498989918,0.06287902057684037,0.00558287046458707,0.06448467580378671,0.0032080635409409606,0.05822951087363442
5.94,0.005088784785227773,0.06285666234275646,0.005611643407994146,0.06445534906839791,0.0032389182623309165,0.058228351214295725
5.95,0.0051172725011907035,0.06284604775071556,0.005640362843108089,0.06444159957026649,0.0032698999957555042,0.05822728995756938
5.96,0.005145745791751314,0.06284708177737731,0.0056690285125407846,0.06444330448835046,0.0033009953328987235,0.05822632306988287
5.970000000000001,0.005174195786713263,0.06283659290621378,0.005697634698000189,0.06442966282555375,0.003332178766673213,0.05822543909053898
5.98,0.005202631319412679,0.06282618412571497,0.005726191852581952,0.06441609823546107,0.003363452123428977,0.05822464200013697
5.99,0.005231055163617283,0.06281585753770096,0.005754699188450256,0.06440261131251941,0.0033948346691068153,0.058223938493796014
6.0,0.0052594637190861715,0.06280560894266972,0.005783154590889545,0.06438920079139696,0.0034263148256322307,0.05822331544674922
6.010000000000001,0.005287861085765849,0.06280604410177422,0.005811561050438522,0.06438996448164724,0.003457901734907243,0.05822278704538976
6.0200000000000005,0.005316234716927227,0.06279592175608673,0.005839909971018462,0.06437666573824288,0.003489562628683345,0.05822233150322004
6.03,0.005344585919311503,0.06278587850685903,0.005868203684536081,0.06436344181643511,0.0035212939423570843,0.05822196576027491
6.04,0.005372922758305049,0.06277591357358488,0.005896445331380245,0.06435029352825973,0.0035531268285667206,0.05822168418925084
6.050000000000001,0.005401244944100166,0.06276602586031536,0.005924635764327462,0.06433721947450649,0.003585055183727303,0.05822148665007812
6.0600000000000005,0.005429549967823123,0.06275621464634727,0.00595277591291166,0.06432422064172755,0.0036170601560263377,0.058221367275307905
6.07,0.005457836385051628,0.06274648197443752,0.005980866346888336,0.06431130053781668,0.003649130773300489,0.058221323712175435
6.08,0.005486104858910057,0.06273682422771623,0.006008905011589566,0.06429845304848872,0.0036812797812627866,0.058221359927671
6.09,0.005514355973533426,0.06272724153616811,0.006036894024457388,0.06428567960753198,0.0037135006030535305,0.05822147207755843
6.1000000000000005,0.005542588563477458,0.0627301560818143,0.006064835587049153,0.06428950837432926,0.0037457766884904462,0.058221647272291864
6.11,0.0055708093376648955,0.0627082950217413,0.0060927260281355014,0.06426035289810265,0.00377816136265687,0.05822190470750487
6.12,0.0055990178227181,0.06269893183824077,0.006120565131243115,0.06424779460901073,0.003810652313354751,0.05822224301110494
6.13,0.005627207554438388,0.06268963802656467,0.006148354267190451,0.06423530756770897,0.00384320736896145,0.05822264284856518
6.140000000000001,0.005655376188824241,0.06268041111678718,0.006176090197615056,0.06422288835087601,0.0038758277037721214,0.05822310464298363
6.15,0.005683526355417724,0.06267125373339255,0.0062037792320967095,0.06421053984216576,0.003908499880816973,0.05822363028007934
6.16,0.005711654045361064,0.06267439334622162,0.006231416592016148,0.06421453357019338,0.00394122283024447,0.05822421380342106
6.17,0.005739764050641117,0.06266533646587087,0.006259002462793949,0.06420227662043172,0.003974021647411594,0.05822486510411045
6.180000000000001,0.0057678542487674305,0.0626563482839515,0.006286537218110325,0.06419008879220596,0.004006882937843266,0.058225581756521344
6.19,0.005795925340823958,0.06264742951917798,0.00631402084514005,0.06417796625756468,0.004039810323057893,0.058226378265025545
6.2,0.005823975914758897,0.06263857522692466,0.006341450723006009,0.064165906194301,0.004072807221677086,0.058227243226726004
6.21,0.0058520071773374835,0.0626297861628795,0.0063688282853308145,0.06415391078772714,0.004105873684681207,0.0582281730833105
6.220000000000001,0.005880016999401138,0.06263259311077546,0.00639615332183638,0.0641573255890624,0.004138998985636871,0.05822916960341026
6.23,0.0059080065922813094,0.06262390587171068,0.006423422260107674,0.06414541711419555,0.004172204502690011,0.058230244487117055
6.24,0.005935986425923932,0.06261528694676612,0.006450638398964631,0.06413356934714823,0.004205531332183488,0.058231408631210325
6.25,0.005963957077299843,0.06260673469747,0.006477802054814683,0.06412178205500654,0.0042389803961961695,0.05823265611220219
6.260000000000001,0.005991914431121379,0.0625982482092535,0.006504914188487581,0.06411005526962368,0.004272525249595019,0.05823398321548178
6.2700000000000005,0.006019853121153111,0.06258982653337831,0.006531971850374495,0.06409838723079989,0.004306149531237856,0.05823539146070216
6.28,0.006047768429684808,0.06258146877467209,0.006558975651575798,0.06408678049880702,0.004339825650999323,0.058236869519952564
6.29,0.0060756683014840255,0.06257317655388653,0.006585926465657172,0.06407523506626955,0.004373591258326142,0.0582384239132808
6.300000000000001,0.006103553508967868,0.06257634789079089,0.006612823999395021,0.06407892339048818,0.0044074510928474074,0.05824006082138603
6.3100000000000005,0.006131425922630759,0.06256816262881668,0.006639669977020432,0.06406746362466999,0.004441407229728662,0.058241784734360834
6.32,0.0061592870234679735,0.06256004455785025,0.0066664668025010684,0.06405606710936913,0.004475456918692725,0.05824358571156271
6.33,0.006187131380222831,0.06255198969884723,0.006693212702315432,0.06404473025792069,0.004509578958910241,0.0582454585975395
6.340000000000001,0.006214959314109744,0.06253271429272793,0.0067199073875143685,0.06401842668302744,0.004543775854054835,0.058247406510136775
6.3500000000000005,0.006242769055120042,0.06252481291217,0.006746550198444943,0.06400724278532315,0.004578040903947993,0.05824942820649627
6.36,0.0062705569120195,0.06252820010187893,0.006773140150864001,0.06401107034936022,0.004612358986852166,0.05825151358106972
6.37,0.006298325919708861,0.06252039434189043,0.006799677553336216,0.06399996729231643,0.004646744133052484,0.05825367371504828
6.38,0.006326075593753142,0.06251264873453474,0.00682616381097804,0.06398892139342478,0.004681187974756628,0.0582559010231202
6.390000000000001,0.006353809626036794,0.06250496423257706,0.006852598629873666,0.06397793104761346,0.004715710146059743,0.058258204159256186
6.4,0.0063815291688434275,0.062497340520721964,0.006878985820738663,0.06396699785750828,0.004750300904875691,0.05826057703076696
6.41,0.0064092354171217236,0.06248977705696144,0.006905324917342005,0.06395612068142101,0.004784967842412175,0.058263020893948254
6.42,0.006436923008711575,0.06248227222922784,0.006931613725560338,0.06394529797608053,0.004819692442669733,0.05826553393403052
6.430000000000001,0.006464590287947673,0.06248634442903961,0.006957852016582201,0.06394987620737828,0.004854467155092038,0.058268108213400054
6.44,0.00649223781150363,0.06247892564876443,0.006984040848613886,0.06393912823914732,0.004889290470513273,0.05827073964465336
6.45,0.006519875717333378,0.062471568203248284,0.007010183412634631,0.06392843663749741,0.004924200132617538,0.058273445354468906
6.46,0.006547500960939342,0.06246426955074579,0.007036276992133944,0.06391779911896096,0.004959191250773726,0.058276221999901616
6.470000000000001,0.006575110334953331,0.062457025668717685,0.007062319451841521,0.06390721146201261,0.004994255893537934,0.058279066118065374
6.48,0.006602697957480988,0.06244983399646341,0.007088308549834839,0.06389667353144184,0.005029373462188143,0.05828196784844111
6.49,0.006630264788845257,0.062442698314852635,0.007114247527417784,0.06388618872081442,0.0050645359792705945,0.05828493217854353
6.5,0.006657810096794088,0.062435617578142595,0.007140137187074519,0.0638757569098809,0.005099736681317952,0.05828795528060929
6.510000000000001,0.0066853374349805815,0.0624406570599002,0.007165977217131313,0.06388145523861875,0.0051349940855131325,0.05829103957594514
6.5200000000000005,0.006712855175076774,0.06243366059933165,0.0071917699394151765,0.06387108937142674,0.005170339888141762,0.0582942004748057
6.53,0.006740354678660432,0.06242671648804106,0.007217513571885661,0.06386077378315205,0.005205738487256587,0.05829741785981147
6.54,0.006767835388313482,0.06241982517450889,0.007243206495523979,0.06385050825170567,0.005241193185710217,0.05830069420400235
6.550000000000001,0.006795298784598024,0.062412989832630515,0.00726885284935856,0.0638402966839354,0.00527669526298031,0.05830403051107743
6.5600000000000005,0.006822751155713271,0.06240621051105429,0.007294455627619588,0.06383013804790003,0.00531226359714759,0.0583074300594782
6.57,0.006850181625885998,0.06239948006010936,0.007320009353972781,0.06382002666134784,0.005347866309782518,0.05831088125895287
6.58,0.0068775945847120235,0.06239280232010935,0.0073455134248951,0.06380996290356337,0.0053835266887257,0.058314398368771406
6.590000000000001,0.006904992843797254,0.062386179129078144,0.007370970206362121,0.06379994712500528,0.005419249113704172,0.05831798770580102
6.6000000000000005,0.006932379220075138,0.06236780873663571,0.00739638471792173,0.0637742472389018,0.005455028071876646,0.058321643320659845
6.61,0.00695975215448433,0.06237310047998756,0.007421754380297306,0.06378007302980604,0.005490865570929585,0.058325358783524885
6.62,0.006987111617506211,0.06236663930026224,0.007447078457681414,0.06377020903403248,0.0055267640076865,0.05832913459897571
6.63,0.007014454640841002,0.062360228963412485,0.007472354664052967,0.06376039266752333,0.005562717572697633,0.05833296877566742
6.640000000000001,0.007041778099030824,0.06235386649085236,0.007497584575588395,0.06375062383522001,0.005598705528752827,0.05833684966268794
6.65,0.0070690822166321055,0.062359215320311426,0.007522764589013326,0.0637564521774037,0.0056347421287374164,0.058340786793375954
6.66,0.007096375018174634,0.06235292743806471,0.007547898757268341,0.06374674071889097,0.005670850067327576,0.058344792002561346
6.67,0.007123651948901416,0.06234668957445221,0.007572986392919218,0.06373707628714656,0.005707010241230356,0.05834885405718276
6.680000000000001,0.00715091667959949,0.06232892529228136,0.007598030549273495,0.06371201782399191,0.0057432285346950595,0.05835297840385117
6.69,0.007178169836509919,0.0623228193199689,0.0076230292310220885,0.06370248576020701,0.005779514912899677,0.05835716424329607
6.7,0.007205412514058985,0.06231676436393023,0.007647985734571722,0.06369300175883973,0.005815862268098855,0.05836140781854641
6.71,0.00723263733423434,0.06232225847969405,0.007672894797422854,0.06369890167768288,0.005852255171979741,0.058365712975345686
6.720000000000001,0.007259842730791824,0.062316272848053064,0.007697757918221308,0.06368947057762235,0.005888680876517532,0.05837007322322552
6.73,0.007287033371900151,0.06231033347131188,0.007722575874736332,0.0636800830984804,0.00592515810773153,0.05837448543386827
6.74,0.007314208529259289,0.06230444167933623,0.0077473497306348674,0.06367074056923043,0.005961679554624837,0.05837895093432264
6.75,0.00734136648283243,0.06231008064781388,0.0077720788551843304,0.06367676420537471,0.00599823947422973,0.05838346512119777
6.760000000000001,0.00736851048409888,0.062304256909602146,0.007796762700425922,0.06366747574371025,0.006034854655114995,0.05838803861285945
6.7700000000000005,0.007395636959624225,0.062298479835614345,0.007821402174920984,0.06365823084448932,0.006071505356477823,0.05839266584660805
6.78,0.007422743202379884,0.062281342545217167,0.007845996653237043,0.06363381046682563,0.006108181416413986,0.05839734296663538
6.79,0.007449830561838069,0.06227568020261697,0.00787054463387285,0.06362468468088829,0.006144894282351753,0.05840206496184914
6.800000000000001,0.007476899349900836,0.062270059489205026,0.007895047256005388,0.06361560028058348,0.006181641305649809,0.0584068270778846
6.8100000000000005,0.0075039480875293135,0.062264481444975976,0.007919502059705735,0.06360655602777952,0.006218424370556858,0.05841163718411593
6.82,0.007530974871659881,0.06225894534364217,0.007943907805344475,0.06359755017958293,0.006255239142981735,0.05841649759225756
6.83,0.007557982255407801,0.06226472887712931,0.00796826627179532,0.0636036355616827,0.006292090888429101,0.058421405797293074
6.840000000000001,0.0075849713512576656,0.06225925422868911,0.00799257684341837,0.06359467657751763,0.006328986666315875,0.05842636923972565
6.8500000000000005,0.0076119431011743635,0.062253824733629635,0.008016841197556027,0.06358575938080258,0.0063659247653852094,0.05843138567317407
6.86,0.007638898220024625,0.0622484401046489,0.008041060141298637,0.0635768816341998,0.006402905473600218,0.05843646090475384
6.87,0.0076658375297371005,0.062243100328999226,0.008065233692987636,0.0635680434097615,0.0064399322948220416,0.05844159467008969
6.88,0.007692757877869346,0.06223780368808121,0.008089361368318908,0.06355924362180634,0.0064769927233578935,0.05844678337618274
6.890000000000001,0.007719660804096132,0.062232550065194354,0.008113442439496299,0.06355048180175205,0.006514096039449746,0.05845202792776711
6.9,0.007746547681994717,0.06223758974659333,0.008137480098899568,0.06355544292091843,0.006551237303611594,0.05845732899470904
6.91,0.007773417726412122,0.062232401890983086,0.008161472867554847,0.06354673057724881,0.00658841800711288,0.0584626856317684
6.92,0.007800270978569505,0.06222725799753196,0.008185421041956851,0.06353805764310168,0.0066256372386215125,0.058468097548821894
6.930000000000001,0.007827101347945174,0.06221197278112273,0.00820932251849218,0.06351582735934205,0.006662875203198851,0.058473553126008396
6.94,0.007853910443420155,0.062206932640676615,0.00823317819997798,0.06350725914656719,0.006700135955847839,0.0584790591273348
6.95,0.007880700437175694,0.06220193525435727,0.008256988798770539,0.06349872884139801,0.006737426633610451,0.058484620069691594
6.96,0.007907472196522729,0.06219697878631213,0.008280754134137782,0.06349023529808367,0.006774751599771151,0.05849023202290437
6.970000000000001,0.007934225999030138,0.062192066647209374,0.0083044738941569,0.06348177943131705,0.006812113053349268,0.05849590587481576
6.98,0.007960963117633828,0.06219726449718236,0.008328149216510702,0.06348680700373263,0.006849512633644089,0.05850163809523441
6.99,0.007987684521599443,0.06219241645941104,0.008351782287629431,0.06347839826657596,0.006886947174495784,0.05850742413909478
7.0,0.00801438394255178,0.06218760601950043,0.008375370096313357,0.06347002557144484,0.006924399412996388,0.05851325000861916
7.010000000000001,0.00804106243670777,0.062182833706320564,0.0083989124813015,0.06346168808235941,0.006961874501038603,0.05851912033199687
7.0200000000000005,0.008067716623984273,0.06217809876089889,0.008422407869010095,0.06345338577773622,0.006999363031795233,0.058525032157956354
7.03,0.008094345354435331,0.062173399554657116,0.008445858097017103,0.06344511730156711,0.007036854019858704,0.058530983050697885
7.04,0.0081209532163106,0.06216873820620965,0.008469264561006785,0.06343688377680455,0.007074362740838867,0.05853697808067037
7.050000000000001,0.008147540966836836,0.0621641133299712,0.008492627582946069,0.06342868558931168,0.007111891411554589,0.05854301054171936
7.0600000000000005,0.008174113675610679,0.06217071028053274,0.008515947095352448,0.06343546802563071,0.007149462017638437,0.058549082648518505
7.07,0.00820066927517642,0.062166138961308105,0.008539222471616538,0.06342731053974948,0.007187067644064619,0.05855520460671176
7.08,0.008227210123391726,0.0621616065301217,0.008562455140080125,0.06341918742151612,0.007224713619202049,0.05856137649700694
7.090000000000001,0.008253728508709998,0.06215711026958317,0.008585643668472073,0.0634110992343892,0.0072623716222180576,0.058567585847513766
7.1000000000000005,0.008280226379256983,0.06215265181979068,0.008608791089396127,0.06340304679880002,0.007300040151788715,0.0585738367347474
7.11,0.00830670777766746,0.062148231519547,0.008631894368473187,0.0633950280452869,0.007337746267711432,0.05858013663612162
7.12,0.008333174757308314,0.06214385032439967,0.008654955185799194,0.0633870442489731,0.007375493142926616,0.05858648553352273
7.130000000000001,0.00835962310889469,0.06213950500984556,0.008677972638792277,0.06337909505120216,0.0074132657624955715,0.05859287165354864
7.140000000000001,0.008386052227652332,0.06213519625361312,0.008700948976428131,0.06337118102126506,0.007451054325931475,0.05859929603870121
7.15,0.008412464520567367,0.06211995596645335,0.008723882302737454,0.0633486377092264,0.0074888750829679345,0.05860576258907899
7.16,0.008438859302112458,0.06212668651773027,0.008746772329147248,0.06335545005260511,0.007526726007488439,0.05861227699027449
7.17,0.008465230682330623,0.062122482580829204,0.008769617334183416,0.0633476317236973,0.007564587803975448,0.05861882594212723
7.180000000000001,0.008491579164881571,0.06211831069966015,0.008792418892101167,0.06333984539785864,0.007602457609417895,0.05862540463330719
7.19,0.008517907478177055,0.062114173059606814,0.008815177818064717,0.06333208998510441,0.007640344308638856,0.05863202498608472
7.2,0.008544216528654216,0.06211938627597646,0.008837893696069502,0.06333682337903272,0.007678253016678761,0.05863868785863808
7.21,0.008570511262600215,0.062115301724479495,0.008860567620234726,0.06332910681841407,0.007716200871049733,0.058645400713759926
7.220000000000001,0.008596793125083083,0.06211125683201701,0.008883200205288561,0.06332142444515125,0.007754191835069107,0.058652166999095215
7.23,0.008623057636920659,0.062107246605644956,0.008905791551557579,0.06331377398228824,0.007792206869676176,0.05865897364493959
7.24,0.008649304636180558,0.06210327308468548,0.008928343179235689,0.06330615852237148,0.007830240510466333,0.05866581956777685
7.25,0.008675532361306018,0.062090117541180434,0.008950853686078368,0.06328624835266264,0.007868289871155357,0.05867270150871714
7.260000000000001,0.008701743708398369,0.06209543180720407,0.008973323378866251,0.06329102891079019,0.007906365969836066,0.05867962292980893
7.2700000000000005,0.008727939250651854,0.06209156320078424,0.008995752072530389,0.0632835127623322,0.007944471694082163,0.05868658286228205
7.28,0.008754119022523437,0.06208773055825258,0.00901814252819404,0.06327603094724539,0.007982598550126185,0.05869358107636802
7.29,0.008780282110141735,0.06208393500218145,0.009040494151859696,0.0632685834983115,0.00802074463531877,0.05870062196527041
7.300000000000001,0.008806424683345287,0.06208017604735225,0.009062806298700201,0.06326117018891597,0.008058896245606491,0.0587077042640331
7.3100000000000005,0.008832548112691907,0.06207645227060529,0.00908507756739277,0.06325378959009409,0.008097063386091301,0.0587148265399129
7.32,0.008858656909058302,0.062072760966045706,0.009107309645421032,0.06324644006975866,0.008135259292549263,0.05872198286222702
7.33,0.008884746752190103,0.06206910007650715,0.009129502151976469,0.06323912044039649,0.008173467465329506,0.058729168589155424
7.340000000000001,0.008910815286222557,0.0620654721999254,0.009151655743451446,0.06323183244293334,0.008211676339472332,0.05873638889294204
7.3500000000000005,0.00893686432344737,0.06207212673149035,0.009173771340399582,0.06323829344922924,0.00824989055698529,0.05874364155907452
7.36,0.008962897247470345,0.06205831647428107,0.009195848255496618,0.06321735155258905,0.008288126012922288,0.058750936491236104
7.37,0.008988912867865146,0.06205479009679586,0.009217887108667121,0.06321015759836876,0.008326375980135551,0.05875827271863841
7.380000000000001,0.009014909623534458,0.06205129378981454,0.009239887217501196,0.06320299270806086,0.0083646362457219,0.05876563942880241
7.390000000000001,0.009040881630686478,0.06204782713158488,0.009261848870372324,0.063195858391151,0.008402882228793101,0.058773030512664234
7.4,0.009066839083615923,0.062044393203433655,0.009283772998005976,0.06318875326451766,0.00844115235292098,0.058780462248653464
7.41,0.009092781028437566,0.062040992402532164,0.00930565953538917,0.06318167772150277,0.008479442949115729,0.0587879350435223
7.42,0.009118701142677033,0.062037620060725975,0.00932750791100604,0.06317463060423427,0.0085177303308036,0.058795433817095975
7.430000000000001,0.009144597657074911,0.06203427488147474,0.009349316187177131,0.06316760961236809,0.008556013328907139,0.05880296021998626
7.44,0.00917047682105125,0.06203096035141992,0.009371086672314968,0.06316061577348643,0.008594310137387557,0.05881052503746529
7.45,0.009196342490351705,0.06203771584951884,0.009392819974904322,0.06316708986745471,0.008632634362226343,0.05881813590726228
7.46,0.009222190425018477,0.062034443693867104,0.009414516471613898,0.06316012331879524,0.008670967909445033,0.058825784796311696
7.470000000000001,0.009248022553126052,0.06203120374719221,0.009436175285740745,0.06315318421723272,0.008709321112154543,0.058833477355115724
7.48,0.009273835372346651,0.06202799300969274,0.009457797068145727,0.06314627328448388,0.008747678091534773,0.05884119959297954
7.49,0.009299628200521323,0.06202481266010143,0.009479379556871597,0.06313939026375318,0.00878604291839624,0.058848956933237155
7.5,0.009325401684169439,0.06203040357825949,0.009500925050127569,0.06314424536658426,0.008824411377772495,0.05885674124089377
7.510000000000001,0.009351154195458766,0.06202725937856487,0.009522431527628319,0.06313739025977759,0.008862783059818649,0.058864555803152877
7.5200000000000005,0.009376889458506952,0.062024143995817425,0.00954390017646066,0.06313056115015728,0.00890116923111361,0.05887240486658606
7.53,0.009402603377710103,0.062021055813637364,0.009565330187246564,0.06312375796896894,0.008939556118468426,0.058880282251797124
7.54,0.009428297958173133,0.062009321220368986,0.009586723179109592,0.06310536212654606,0.008977946926726639,0.058888183513949505
7.550000000000001,0.009453975129968694,0.062006305443637305,0.009608077957860908,0.06309863296155253,0.009016352801834437,0.058896121283215544
7.5600000000000005,0.009479634870633838,0.062011958479309195,0.009629396115929964,0.0631035048827805,0.009054768996112746,0.05890409750399311
7.57,0.00950527775089946,0.062008986189453275,0.009650677872841733,0.06309680774087478,0.009093197127620745,0.058912109293410356
7.58,0.009530905979935946,0.062006045029300405,0.009671923549516811,0.06309013694280453,0.009131644926616193,0.05892016367430221
7.590000000000001,0.009556516642338342,0.06200313368541302,0.009693132013930933,0.06308349253843906,0.009170104267904886,0.05892825530506187
7.6000000000000005,0.009582108921560875,0.062000250683897466,0.009714303723093282,0.06307687223770891,0.0092085706468584,0.05893638508699734
7.61,0.009607681364084403,0.061997395782435044,0.009735439585679028,0.06307027765973314,0.00924703580008418,0.05894454729986286
7.62,0.009633232266088077,0.06199456662845899,0.009756540749873395,0.06306371000800552,0.009285489850526534,0.05895272912425129
7.630000000000001,0.009658761902983705,0.06199176489452997,0.00977760543720465,0.06305716750011786,0.009323939119825396,0.05896094239980493
7.640000000000001,0.009684274773431773,0.061988992980544395,0.00979863500702345,0.06305065133184873,0.009362397233318736,0.058969193067808276
7.65,0.009709774206610514,0.06199519781717952,0.009819628325616295,0.06305615449243285,0.00940088037460347,0.05897748272474795
7.66,0.009735254944434526,0.06198353798621937,0.00984058429105191,0.06303769692329746,0.009439371310668295,0.05898580725054284
7.67,0.009760719110607472,0.06198085544996636,0.009861505185608558,0.06303125770168959,0.00947787173583122,0.05899417582001842
7.680000000000001,0.00978616508555381,0.061978202536963414,0.00988239010698807,0.06302484312575189,0.009516377999144947,0.059002585958161054
7.69,0.009811590804373198,0.06197557617729501,0.009903237746872772,0.06301845290148524,0.009554885908628184,0.0590110264164492
7.7,0.009836995807696905,0.06197297585401333,0.009924049239630459,0.0630120865233178,0.009593390513160879,0.059019496652741005
7.71,0.00986238595820478,0.0619704042687665,0.009944826888030561,0.06300574232792326,0.009631907859357355,0.05902801218977117
7.720000000000001,0.009887760959501009,0.061967860530574854,0.009965570310390004,0.06299942326140107,0.009670437898451767,0.05903656082837135
7.73,0.00991311922556871,0.06196534559293085,0.009986280499199052,0.06299313118825478,0.00970897175172056,0.059045140832401435
7.74,0.009938463514195233,0.0619628603230112,0.010006955135553313,0.062986863002372,0.009747526564305565,0.059053764720849625
7.75,0.009963789221371007,0.06196917128317004,0.01002759302046918,0.0629923809727057,0.00978608809589398,0.05906242234539857
7.760000000000001,0.009989098949757701,0.06196672336693037,0.010048195189750586,0.06298613693441169,0.009824663377244294,0.05907111889170453
7.7700000000000005,0.01001438963696096,0.06196430227235828,0.010068762249352103,0.06297991581108292,0.009863239034678348,0.05907985096847539
7.78,0.01003966364320659,0.0619619076344555,0.010089294963770486,0.06297371773772932,0.009901821951181073,0.05908861672612329
7.79,0.010064922671076816,0.06195954097014159,0.010109792824009261,0.06296754384611468,0.00994042004071915,0.05909741879859186
7.800000000000001,0.010090169250480273,0.06196611792825886,0.010130256443634836,0.06297335675204052,0.00997904117358968,0.059106254982677894
7.8100000000000005,0.010115397604164826,0.0619637891877388,0.010150687054293412,0.06296721121959187,0.010017659989069736,0.05911511958394138
7.82,0.010140608006395569,0.061961486479675774,0.010171084651548286,0.06296109033052351,0.010056277601434618,0.059124011512191085
7.83,0.010165799614073776,0.061950347437981564,0.010191449050813955,0.0629430999863342,0.010094891397394449,0.059132935310408
7.840000000000001,0.01019097478422561,0.06194811587468139,0.010211779791289354,0.062937048136511,0.010133511614204173,0.059141896905986646
7.8500000000000005,0.010216129272900498,0.061945907915622996,0.010232077104987355,0.06293101785104835,0.010172121643232194,0.05915088528735906
7.86,0.010241266421719093,0.061943724104201736,0.010252340747971683,0.06292500812027076,0.010210734821006878,0.059159905511618975
7.87,0.010266381943048079,0.061941563900286045,0.010272569389643618,0.06291901890514759,0.010249338740479055,0.05916895559683069
7.880000000000001,0.01029147574692439,0.061948203898724644,0.010292765000115792,0.06292483354001728,0.0102879277181826,0.05917802886980096
7.890000000000001,0.01031654844292416,0.06194607214774667,0.010312927416714475,0.06291886691726006,0.010326504591404185,0.05918712105776218
7.9,0.010341599614436548,0.06194396435300448,0.010333056847099531,0.06291292126549729,0.010365067323659593,0.05919624314331303
7.91,0.010366633533109253,0.061941881178874,0.010353153227223404,0.06290699602615711,0.010403632157814882,0.05920539932436005
7.920000000000001,0.010391652184707471,0.06193982309088315,0.010373215978218055,0.06290109240151893,0.010442208124675867,0.05921458790755701
7.930000000000001,0.010416652684644534,0.061937788884432264,0.010393244527083127,0.06289520881334919,0.01048078603004601,0.05922380878225591
7.94,0.010441639049943259,0.06193577903600442,0.010413238820723356,0.06288934439714322,0.01051938100668805,0.05923306631152896
7.95,0.010466609731043632,0.06193379307281964,0.010433199407708533,0.0628834994410523,0.010557985771390171,0.059242357800133184
7.96,0.010491560729509105,0.061931829328895564,0.010453125589801784,0.06287767556822199,0.010596587368325935,0.059251671985063634
7.970000000000001,0.010516493928735647,0.0619298873977262,0.010473017721751349,0.06287187028224485,0.010635191869350864,0.0592610145406612
7.98,0.01054140854613799,0.06193744213279449,0.010492877066234446,0.06287880958375727,0.010673792983431104,0.05927038422506975
7.99,0.010566306779689056,0.06193552813167687,0.01051270326846102,0.06287301978773376,0.010712399852284721,0.05927978757832245
8.0,0.010591191339710496,0.06193363797108125,0.01053249603201567,0.06286724899082186,0.010751023305747833,0.05928922602291703
8.01,0.010616059787149032,0.061931771110741995,0.010552255674579358,0.06286149747260708,0.010789653458380658,0.0592986966300828
8.02,0.010640912141452586,0.061929928071107254,0.010571982618247423,0.06285576589816942,0.01082828925787741,0.059308199490289724
8.030000000000001,0.010665744731651796,0.06191871914990857,0.01059167680224237,0.06283744052006818,0.010866917365933235,0.05931773056908861
8.040000000000001,0.01069056038476977,0.061916937092255146,0.010611338510259595,0.06283176833383743,0.010905547482006261,0.05932729102344305
8.05,0.010715359017472838,0.06191517577225001,0.01063096839458027,0.0628261145684355,0.010944177583653812,0.05933687608361656
8.06,0.010740143422467251,0.061913438490658806,0.01065056602173705,0.06282048008969264,0.010982819109448103,0.05934649612628078
8.07,0.010764908543026674,0.06191172330786844,0.010670130645304312,0.06281486411260666,0.011021455511467463,0.059356145851391005
8.08,0.010789657113579912,0.061919332853478164,0.010689663660876394,0.06282176806398625,0.011060093133996737,0.05936582707711135
8.09,0.010814387204636193,0.06191764411027405,0.010709164577825381,0.0628161675376677,0.01109872625728543,0.05937553169192148
8.1,0.010839097034494436,0.06191597546172071,0.01072863392320592,0.0628105863487772,0.011137347026970473,0.059385255704018515
8.110000000000001,0.010863786076575326,0.0619143277964412,0.010748071869034408,0.06280502481729593,0.011175953145989884,0.05939500164599703
8.120000000000001,0.010888458244976973,0.061912701941201444,0.010767477567985986,0.06279948113922039,0.011214561195668386,0.059404777970695787
8.13,0.010913111638271333,0.06191109623784103,0.010786850937082837,0.06279395520190797,0.01125316449759602,0.05941457853606401
8.14,0.010937745338308703,0.06190951109750365,0.010806192664093803,0.06278844835080333,0.011291757948147432,0.05942440104197409
8.15,0.010962364423268716,0.06191722872747627,0.01082550204150691,0.06279543331421358,0.011330361901003044,0.05943426513474936
8.16,0.0109869672740429,0.061906411027776685,0.01084477822205915,0.06277748670766684,0.011368972702083698,0.05944416024606544
8.17,0.011011550582995966,0.06190489179593122,0.010864022387397374,0.06277203161057635,0.011407575276163364,0.05945408099345027
8.18,0.011036114340544195,0.0619033935854419,0.010883235417407803,0.06276659558901275,0.011446167339941762,0.05946402547993346
8.190000000000001,0.011060659901701951,0.06190191592117236,0.010902416872223103,0.06276117745076587,0.01148475500193775,0.059473995306292146
8.200000000000001,0.01108519180956923,0.06190046056819139,0.0109215668639421,0.0627557773629996,0.011523354407326264,0.05948399685495832
8.21,0.011109701804154807,0.06189902333991522,0.010940685344134553,0.06275039580411892,0.011561935892766283,0.05949401240892596
8.22,0.011134198215315813,0.061897607892503315,0.010959772317752099,0.062745033349551,0.011600529525642245,0.05950405454053084
8.23,0.011158678963570362,0.06189621506958671,0.010978828398574182,0.06273968942835732,0.011639126218067859,0.05951412819310019
8.24,0.011183142966053569,0.061894845111692756,0.010997853950222786,0.06273436472382427,0.011677721150686838,0.059524232331398245
8.25,0.01120758989609286,0.06190261132251536,0.011016848719826958,0.06274131933623496,0.011716313837624975,0.05953436717598392
8.26,0.011232018819015534,0.06189217072872016,0.011035812370212207,0.06272377020113996,0.011754901830317542,0.05954452811576129
8.27,0.011256433466511713,0.06189086758615124,0.01105474588714807,0.06271850118188917,0.01179349598646183,0.05955472243566565
8.280000000000001,0.011280830030043987,0.061889585121064,0.011073649133672134,0.06271324972048373,0.011832083044023048,0.05956494349339085
8.290000000000001,0.011305209308922266,0.06188832550200447,0.011092521914791958,0.062708016613123,0.011870666411248258,0.059575197412385116
8.3,0.01132957092463887,0.06188708757886105,0.011111363997264784,0.06270280190555091,0.01190924537221962,0.059585479568863856
8.31,0.01135391448027478,0.06189488714457048,0.011130175351718428,0.06270974135304662,0.011947818620505276,0.05959578387430696
8.32,0.011378245330897518,0.061893676002421724,0.011148957458520117,0.06270454344752806,0.011986401475910503,0.05960611793964503
8.33,0.011402557674986867,0.061892484216830544,0.011167710872895472,0.06269936373666747,0.012024971878320127,0.05961647172021692
8.34,0.011426848307252048,0.06189130985396598,0.01118643483493604,0.0626942022736269,0.012063520446026217,0.059626837527796316
8.35,0.011451115203763615,0.061900784100509636,0.011205129411237719,0.06270336941158432,0.012102039912132424,0.059637216129103096
8.360000000000001,0.011475364354910648,0.061899628158771876,0.011223793651098163,0.06269821986861866,0.012140554056672585,0.05964761581218802
8.370000000000001,0.011499593443185359,0.0618984894654154,0.011242428205626423,0.06269308740213557,0.01217905305524047,0.059658030221264424
8.38,0.011523802529889837,0.06189736951317445,0.011261033265996088,0.06268797284076695,0.012217536707547808,0.05966846277423936
8.39,0.011547990926969837,0.06189626785730698,0.011279608681114979,0.06268287438728931,0.012256003031547653,0.05967891693886223
8.4,0.011572163327869412,0.06188464959467887,0.011298154606413124,0.06266360311802968,0.012294468281574888,0.05968940241341143
8.41,0.011596317781536261,0.06189412806322371,0.01131667247449328,0.06267272975382493,0.012332921978925526,0.05969991221660854
8.42,0.01162045455653254,0.06189308985231346,0.011335162103670915,0.06266768459768865,0.012371365586392522,0.059710450091071926
8.43,0.011644573943728082,0.06189207158133636,0.01135362368248268,0.06266265640678458,0.012409799708257528,0.0597210134695822
8.440000000000001,0.011668671490651325,0.061891073212964574,0.01137205552838997,0.06265764542315273,0.012448212968631883,0.059731601505377895
8.450000000000001,0.01169275267740938,0.06189009505976397,0.011390458538489131,0.06265265155347854,0.012486622445376103,0.05974221567453411
8.46,0.01171681733013115,0.06188913659272092,0.01140883298556464,0.06264767396854466,0.012525026874263557,0.05975285630875274
8.47,0.011740868066064837,0.06188820014954686,0.011427178711218984,0.06264271286541541,0.012563435861633178,0.05976353190815453
8.48,0.011764899558170757,0.061887282161845976,0.01144549561901287,0.06263776768792986,0.012601830997634272,0.059774230209112295
8.49,0.011788913137530487,0.06188638390814385,0.01146378408335791,0.06263283880826226,0.01264021606273054,0.05978495509979324
8.5,0.011812912516250563,0.061875149883558696,0.011482043954220197,0.06261397126209256,0.012678604453864553,0.05979571214819339
8.51,0.011836891961314064,0.06188464622786615,0.011500276029466794,0.06262302773640174,0.012716974173322716,0.059806489512592834
8.52,0.011860854436872978,0.0618838063832543,0.011518480290791508,0.06261814726223747,0.012755335680244182,0.059817292456752665
8.530000000000001,0.011884804966266139,0.06188298779453942,0.011536656804097774,0.06261328232929854,0.0127937063638042,0.05982813002970513
8.540000000000001,0.011908743039254264,0.061882189919779486,0.011554805593998626,0.06260843324383496,0.012832084374531809,0.05983899924399688
8.55,0.011932668198503431,0.06188141301601166,0.011572927297790716,0.06260360058662208,0.01287046653979618,0.05984989941985947
8.56,0.011956580736967296,0.061880655283688975,0.011591022243379427,0.06259878308988416,0.012908853076348314,0.05986082721311242
8.57,0.011980475138342881,0.06187991414347648,0.011609089642896227,0.06259398061564644,0.012947226785858613,0.05987177302092854
8.58,0.012004351182504485,0.06187918989591123,0.011627129561398128,0.06258919238834354,0.012985586797671929,0.05988274023821193
8.59,0.012028211339694948,0.06187848481026176,0.011645142083076446,0.0625844193438762,0.013023941515463483,0.059893734968075464
8.6,0.012052055090800616,0.061886438048814246,0.011663127789999561,0.06259130810116985,0.0130622877465865,0.059904759592117815
8.610000000000001,0.012075884661456305,0.06188575808503044,0.011681087245259689,0.06258654704457503,0.013100631845412061,0.059915813179324685
8.620000000000001,0.012099695513188817,0.06188509611072928,0.011699019468195647,0.06258180130092444,0.01313896056019733,0.059926889336802576
8.63,0.012123491804583886,0.06188445278943061,0.011716925233647632,0.06257707056555374,0.013177286410780094,0.05993799149255383
8.64,0.012147272086334994,0.06188382780293053,0.011734806020259251,0.06257235585912807,0.013215600809930053,0.05994911548585903
8.65,0.012171035146467613,0.06187465446948995,0.011752661589482861,0.06255610554356492,0.013253900220007046,0.05996025584247682
8.66,0.012194780032990927,0.06188262747001211,0.01177049063846742,0.06256297214990984,0.013292184597943676,0.05997141504508665
8.67,0.012218506032136105,0.061882052686857765,0.011788292858884105,0.06255830302158977,0.01333045229826318,0.0599825931507657
8.68,0.012242214683867101,0.06188149431601618,0.011806068532371915,0.06255364781230918,0.013368707989894734,0.05999379169011172
8.690000000000001,0.012265906836944984,0.06188095204650546,0.0118238174083786,0.06254900517395784,0.013406955240915203,0.06000501332114085
8.700000000000001,0.012289580140407735,0.061880426577608845,0.011841539980888858,0.06254437634756291,0.0134451848299472,0.0600162571862617
8.71,0.012313234876703511,0.0618799185279502,0.01185923539305758,0.06253976097391896,0.01348339985589344,0.0600275267083641
8.72,0.012336877479882692,0.061879428655293105,0.011876904078544007,0.06253515804704651,0.013521621349630024,0.060038827673565616
8.73,0.012360504524318182,0.06187895439356396,0.011894546515019727,0.06253056841214732,0.013559836438000194,0.060050147737115256
8.74,0.012384113973584038,0.06187849672344183,0.01191216284601484,0.06252599271623274,0.013598037847019077,0.06006148883618914
8.75,0.012407700452671956,0.0618696322083826,0.0119297527349927,0.06251006647733459,0.01363620808928278,0.060072841207024316
8.76,0.012431265131317976,0.06187762195142473,0.011947316623912855,0.06251688032997964,0.013674350184878005,0.06008420662873315
8.77,0.012454813022074126,0.06187720689702684,0.011964854746236262,0.06251234363947958,0.013712480743454682,0.06009559122253315
8.780000000000001,0.012478341454420215,0.06187680674830267,0.011982366059940835,0.06250781977707721,0.013750593214482453,0.060106993510121914
8.790000000000001,0.012501851343511214,0.06187642308037445,0.01199985073423543,0.06250331024213285,0.013788690362117368,0.06011841528055658
8.8,0.012525344119282114,0.0618760569417329,0.012017309538155455,0.062498814489924726,0.013826775259905302,0.06012986212824866
8.81,0.012548819741346246,0.06187570547209845,0.012034743816534152,0.062494331523934965,0.013864844604454444,0.060141325855704204
8.82,0.012572278498411523,0.06187536934806318,0.012052152755402938,0.06248986203892816,0.013902901371311446,0.06015280708526025
8.83,0.012595719900871407,0.061875049791624996,0.012069535810278934,0.06248540630504149,0.013940945234263235,0.060164309767407456
8.84,0.01261914128688206,0.061874745395855475,0.012086892483188052,0.062480963546938426,0.013978968407335318,0.060175830687187445
8.85,0.01264254270409973,0.06188261050336619,0.01210422387472315,0.06248754588380907,0.014016968502862288,0.0601873683421109
8.860000000000001,0.012665928512786733,0.06188232482539272,0.012121529367481385,0.06248311196723466,0.014054961794634531,0.06019893193240129
8.870000000000001,0.012689303652492078,0.06188205844297691,0.012138809425333335,0.06247869089365535,0.014092963894026403,0.06021053004636694
8.88,0.012712662421280416,0.06188180816689399,0.012156064332626176,0.06247428244448306,0.014130954868185244,0.060222151013927715
8.89,0.01273600645512279,0.06187347345305738,0.012173293980233384,0.062458944975996133,0.0141689405337016,0.060233794121362344
8.9,0.012759334840032924,0.06187326770445364,0.012190499159713498,0.06245457952440556,0.014206915969177464,0.06024545548298224
8.91,0.012782648091110868,0.06187307843709139,0.012207679127593041,0.06245022707790236,0.014244884692889807,0.06025714004100878
8.92,0.012805946184385932,0.06188096511486785,0.01222483439473527,0.062456775745340413,0.014282845440512029,0.06026884920485296
8.93,0.012829226585915156,0.061880795350961346,0.012241964608974148,0.06245243250768152,0.014320790556485507,0.06028057830525916
8.940000000000001,0.012852488928744474,0.061880639736230134,0.012259071099072585,0.06244810270963874,0.014358715738543831,0.06029232036849534
8.950000000000001,0.012875735594610922,0.06188049925648083,0.012276153773869113,0.062443785326013114,0.014396629252886648,0.060304082105979144
8.96,0.012898964785071776,0.06188037267681992,0.012293211705521924,0.062439479854687584,0.014434527283883418,0.060315860193153104
8.97,0.012922180484102336,0.06188026312195407,0.01231024537429889,0.06243518780751677,0.014472422097607645,0.06032766234178005
8.98,0.012945381292297279,0.06188016891668421,0.012327254625157704,0.06243090782172279,0.014510309399671148,0.06033948597114854
8.99,0.01296856125428303,0.061872122053361824,0.012344239230122704,0.062415872829727874,0.014548169826850291,0.06035132233653221
9.0,0.012991722825276887,0.0618720674366805,0.012361198211003108,0.06241163340713559,0.014586013938819984,0.06036317427184383
9.01,0.013014867625798036,0.061872027181739904,0.0123781323931527,0.06240740588231044,0.01462384526869555,0.06037504435547014
9.02,0.013037992320571996,0.061879926653612465,0.012395041601344428,0.06241390635040869,0.01466165312820473,0.06038692859051684
9.030000000000001,0.013061097472125265,0.06187990103583491,0.012411925721731068,0.06240968586783132,0.014699439719713814,0.06039883053403767
9.040000000000001,0.013084184184879092,0.0618798893453936,0.012428785634289535,0.0624054765313101,0.014737206734549788,0.06041075108592856
9.05,0.013107251146546017,0.06187989232640606,0.012445620497446118,0.062401280714601146,0.014774951806162393,0.060422686360482016
9.06,0.013130299108099635,0.061879908217811704,0.012462431024999134,0.062397096183514605,0.014812675845855059,0.06043463592882068
9.07,0.013153329268312107,0.061879938114533184,0.012479217121300398,0.06239292227854834,0.014850383111692728,0.060446605865629145
9.08,0.013176341374629372,0.06187998192523061,0.012495979239930744,0.06238875923048735,0.014888071760528001,0.06045859516161564
9.09,0.01319933619389857,0.06188004023894171,0.012512717094324643,0.062384607452862194,0.014925745046044929,0.060470604898844565
9.1,0.013222313633561087,0.06188843475260627,0.012529430536482153,0.062391723618952226,0.014963403044888449,0.060482633551462064
9.110000000000001,0.013245276186878863,0.061888508179851344,0.012546120146321808,0.06238757518217072,0.015001052717346986,0.060494687492697895
9.120000000000001,0.013268223032847621,0.06188030109753553,0.012562786049032736,0.06237221590230648,0.01503869107921559,0.06050676336707088
9.13,0.013291154598172218,0.061880417860494044,0.012579428244380735,0.06236810666583374,0.015076319575503585,0.06051886369252841
9.14,0.01331406726104367,0.061880549239392284,0.012596046590434812,0.0623640083363411,0.015113926587656885,0.060530985896473884
9.15,0.01333696379837499,0.06188069535079743,0.012612641307129316,0.06235992062864857,0.015151520845743232,0.060543131216455166
9.16,0.01335984168981047,0.06188085312360629,0.01262921200984308,0.062355843341820615,0.015189094955108258,0.06055528844014932
9.17,0.013382704629625692,0.06188102569425123,0.01264575922077686,0.06235177809889528,0.015226659942201601,0.06056746499452074
9.18,0.013405550450232234,0.061881211157117144,0.012662283378300469,0.06234772397414967,0.015264207687860803,0.060579656199186045
9.190000000000001,0.013428377505937355,0.06188960962380018,0.012678784127579392,0.06235477858654728,0.015301733632296656,0.06059186464257651
9.200000000000001,0.01345118588274051,0.0618898096959677,0.01269526111320669,0.06235072666372696,0.015339238896833283,0.0606041012037919
9.21,0.01347397834839651,0.06189002398089601,0.012711714560794684,0.06234668541042859,0.015376732139328442,0.060616358716080974
9.22,0.013496755614774583,0.061882091789708764,0.012728144791276928,0.06233160866085186,0.015414214997346926,0.06062863349916357
9.23,0.013519515205563081,0.06188234461912146,0.012744551238456173,0.0623276048771196,0.015451680653943341,0.06064092386813641
9.24,0.013542255343285596,0.06188261012555907,0.01276093258751005,0.062323612067461724,0.01548912629542955,0.06065322844720593
9.25,0.013564977594034825,0.061882887770950024,0.012777290545972788,0.06231962917886758,0.015526553243986718,0.060665548142007385
9.26,0.013587683222903976,0.06188317773134045,0.01279362617888948,0.06231565676350494,0.01556396327814246,0.06067788206299743
9.27,0.013610367794782427,0.0618834783105061,0.012809938776505598,0.06231169301594245,0.015601343500242204,0.06069022884095707
9.280000000000001,0.013633031836051246,0.0618837904778844,0.012826228056749796,0.06230773931669091,0.015638696355675615,0.06070258826894509
9.290000000000001,0.013655674689836599,0.06189218102487571,0.012842494607781137,0.06231472118208143,0.01567601843278337,0.060714960708902845
9.3,0.013678301849259203,0.06189250615365305,0.012858738307667093,0.06231077138684306,0.015713328020382732,0.06072735421377164
9.31,0.013700915590076128,0.0618928473238918,0.01287495863740454,0.06230683264200749,0.015750633741313316,0.06073977453687239
9.32,0.013723510938442937,0.06189320206666269,0.012891155786891153,0.06230290491889762,0.01578791895423992,0.060752212323244896
9.33,0.013746085700780689,0.0618935686449889,0.012907329921785178,0.062298988288624145,0.015825176180235268,0.060764660737581855
9.34,0.013768642165658158,0.06189394580465473,0.012923480398761532,0.062295081209213725,0.015862414381319655,0.06077711933079176
9.35,0.013791181444726323,0.06189433418971171,0.012939607862120983,0.06229118334558734,0.01589963577011496,0.060789591506610986
9.360000000000001,0.01381370379291228,0.06189473582211634,0.012955711931466494,0.06228729479346612,0.01593684205990099,0.06080208471279323
9.370000000000001,0.013836206785085447,0.06189514873528675,0.012971793149212136,0.06228341510730618,0.01597402418879973,0.06081459269365603
9.38,0.013858689621588061,0.06189557182371,0.012987851870703428,0.062279545054807275,0.016011178820626425,0.060827109064844065
9.39,0.01388115370715257,0.061904787897244955,0.013003887603966226,0.0622875860046561,0.016048311671687538,0.06083963881100486
9.4,0.013903597683613815,0.06190522116520499,0.013019900491515921,0.06228371758787982,0.016085418055179036,0.06085218512888044
9.41,0.013926023756917282,0.06190566712152258,0.013035890729834885,0.06227985894459316,0.0161225047376657,0.06086474902137566
9.42,0.013948438177146204,0.061897390419063815,0.013051858257493484,0.06226416448818184,0.01615959214685329,0.06087734253906567
9.43,0.013970837125768612,0.061897880117199724,0.01306780320141305,0.062260344954306324,0.016196667641939808,0.06088995421644372
9.440000000000001,0.01399322063091172,0.06189838181415508,0.013083725357438226,0.062256534535162236,0.016233731794542277,0.060902582670616524
9.450000000000001,0.014015589286417478,0.061898897791970574,0.013099625428601465,0.062252733688384077,0.016270784981313516,0.06091523531054436
9.46,0.01403794378956693,0.061899429704944726,0.01311550304568474,0.062248943264803416,0.016307830276537722,0.06092791604707869
9.47,0.014060281141229302,0.0618999757474277,0.013131357731542566,0.06224516374997306,0.01634485908546025,0.060940616622786783
9.48,0.014082600247600465,0.06190053286651202,0.01314719001638294,0.06224139414063654,0.016381866743308576,0.06095332822315417
9.49,0.014104902379566806,0.061909744480490914,0.013162999476877615,0.062249355623945186,0.016418858322957357,0.06096605437285901
9.5,0.014127188255925306,0.061910311467433726,0.013178787352602696,0.06224558799824041,0.016455833445244514,0.06097879359852326
9.51,0.01414945886229624,0.06191089048420454,0.013194553801405681,0.06224182932107217,0.016492794970461275,0.06099155014698484
9.52,0.014171713448059719,0.061902880861219055,0.01321029912306916,0.062226413338635135,0.01652973984375076,0.061004322115279175
9.530000000000001,0.01419395185464217,0.06190349875373544,0.01322602276795673,0.062222692542114696,0.016566668803482208,0.061017111318780994
9.540000000000001,0.014216171417373474,0.06190412975718865,0.013241725278216173,0.06221898278835639,0.016603572130416425,0.061029916082907774
9.55,0.014238374986322163,0.061904775856277024,0.013257406170260796,0.06221528330497975,0.016640460074335492,0.0610427461199647
9.56,0.014260562429769828,0.06190543469137577,0.013273065057026403,0.06221159409144156,0.016677333100325795,0.06105559244668475
9.57,0.014282733416169794,0.06190610555231377,0.013288701980579742,0.06220791550563671,0.016714190084265643,0.061068451356457255
9.58,0.014304888459183061,0.061906788779309975,0.013304317477883082,0.0622042464524347,0.01675103152821579,0.061081327208230556
9.59,0.014327025351972621,0.0619159888678806,0.013319910839226744,0.06221213029294543,0.016787851938026694,0.06109421669540233
9.6,0.014349148645211939,0.06191668351103574,0.01333548164614909,0.062208461984376864,0.016824666821959634,0.061107129406890115
9.610000000000001,0.014371252379496132,0.06191738838002959,0.01335103083095058,0.06220480385109454,0.01686145511083481,0.06112004911316273
9.620000000000001,0.014393341321561502,0.06191810518264874,0.013366559686005702,0.062201154750172835,0.016898229272637386,0.06113298549904534
9.63,0.01441541493233947,0.06191883428572855,0.013382067628422476,0.06219751455967286,0.016934988885529738,0.06114594029296695
9.64,0.014437470214501187,0.06191957387761547,0.013397554271756483,0.062193883041247365,0.016971725247330642,0.061158907280389314
9.65,0.014459507016777954,0.06192032235403801,0.013413019125420951,0.06219026036874716,0.01700843898331624,0.061171879883673785
9.66,0.014481525838974649,0.06192108120554205,0.013428462624526991,0.06218664608565616,0.0170451307870647,0.061184865036389015
9.67,0.014503526800041694,0.06192184987161939,0.013443885056354481,0.06218304033661327,0.017081800456061048,0.061197860205168174
9.68,0.01452551127615804,0.06192915802820678,0.013459286692331018,0.06218830935317791,0.017118451817654784,0.061210868299137994
9.690000000000001,0.014547474584437692,0.061929935331102734,0.01347466752137709,0.062184708423509476,0.017155070031215306,0.061223877780599206
9.700000000000001,0.014569416702315817,0.061930721942602275,0.013490027203617246,0.062181117061801294,0.017191655819565735,0.06123689247154426
9.71,0.014591336169604922,0.061931516652249774,0.013505365347245087,0.06217753550205547,0.01722820544720928,0.06124990713215116
9.72,0.014613234111157284,0.06193231989714636,0.013520682804534495,0.0621739630083207,0.01726472071738607,0.06126292547793341
9.73,0.014635117136317924,0.06192665847527243,0.013535979395380067,0.062161599748589175,0.017301223057000496,0.06127596459030988
9.74,0.014656982073299279,0.06192749603553218,0.013551254743785263,0.06215805833869987,0.017337703226623792,0.061289017782810935
9.75,0.01467882860899051,0.06192834367427079,0.013566509818627275,0.06215452588525707,0.017374158188616668,0.06130208081760323
9.76,0.014700657098614454,0.06192920135457012,0.013581744461811856,0.06215100140455976,0.017410589455957564,0.06131515629518304
9.770000000000001,0.014722466418746635,0.061930068905429056,0.013596958302179064,0.06214748546491433,0.017446994314239468,0.061328241980997664
9.780000000000001,0.014744260185180704,0.061937375650490546,0.013612151667574736,0.06215271231728276,0.017483383545152904,0.061341346132702805
9.790000000000001,0.014766036312374954,0.06193825572505864,0.0136273250227957,0.062149201197619464,0.017519749590949638,0.06135446079798315
9.8,0.01478779524662086,0.06193914739972391,0.013642478352412583,0.06214569884162875,0.017556093923691864,0.06136759158836868
9.81,0.014809536959653974,0.06194005105792368,0.013657611597344741,0.062142205846770514,0.01759241661813787,0.06138073828705758
9.82,0.014831260082018488,0.06194096527854656,0.013672724131055261,0.06213872232140893,0.017628714730590637,0.06139389521153466
9.83,0.014852963801014673,0.06193551256676956,0.013687816234327507,0.06212657965553469,0.017664985138367926,0.06140705882807561
9.84,0.014874652631368435,0.061936458336992746,0.013702887526455156,0.06212312766310371,0.01770124293512798,0.06142023886907184
9.85,0.01489632684524486,0.06193741681995093,0.013717938599458699,0.062119685403766056,0.01773748773027794,0.06143343653463136
9.860000000000001,0.014917985354965843,0.06194473449852705,0.013732969427936398,0.06212488250222204,0.01777371617685183,0.0614466516813211
9.870000000000001,0.014939626329612014,0.061945706079970644,0.013747979710830442,0.06212144530857191,0.01780992317741222,0.061459879737145534
9.88,0.014961248861711142,0.06194668723551376,0.013762970126626955,0.06211801610167607,0.017846104472915007,0.0614731183942239
9.89,0.014982852897200374,0.061947677644105324,0.01377794066343138,0.062114594450564754,0.017882259954899445,0.06148636763651544
9.9,0.01500443938611544,0.06194867603536284,0.013792891600104199,0.06211118002212382,0.017918392072778986,0.0614996235865854
9.91,0.01502601252362728,0.06194968623649311,0.01380782291705991,0.06210777347572232,0.01795451407716925,0.06151289886627735
9.92,0.015047567381051,0.06196062485491263,0.013822733902015839,0.06211786659873411,0.017990612014135345,0.061526186289205496
9.93,0.015069106980150807,0.06196164161059861,0.013837625125139495,0.06211445754696919,0.018026694192944476,0.06153948918608689
9.940000000000001,0.015090630643926626,0.061962669116389396,0.013852496534067987,0.06211105580599042,0.018062758638021433,0.0615528089771384
9.950000000000001,0.015112138521697713,0.061963708200359825,0.013867347793265603,0.06210766242686839,0.018098806544610865,0.061566145867408786
9.96,0.015133629104289403,0.061964756555248475,0.013882178997032507,0.06210427692275181,0.01813483301611849,0.06157949249637366
9.97,0.015155101340746976,0.06196581443114317,0.013896990620570687,0.06210089922162921,0.018170833775330443,0.061592850009461894
9.98,0.01517655622814492,0.061966882682775955,0.013911782572991145,0.06209752952150299,0.018206812184856026,0.061606221077757935
9.99,0.015197993174322754,0.06195814921385159,0.013926555093638526,0.06208081451142497,0.018242765929692765,0.061619604412648424
10.0,0.015219411774463117,0.06195925240548464,0.013941307684573993,0.06207747992181369,0.01827869482622291,0.06163300047087914
