time,fraction_neurons_with_any_gate_flip,mean_neuron_gate_flip_fraction,mass_weighted_gate_flip_fraction,frozen_gate_relative_rms_error
2.15,0.0,0.0,0.0,0.0
2.16,0.59,0.0007037500000000001,0.0009232899533299171,1.2005694869220039e-06
2.17,0.63,0.0013175,0.0016719614807939917,3.6371093801624457e-06
2.18,0.65,0.00203625,0.0025680767017000664,7.097540998771962e-06
2.19,0.665,0.00271625,0.0034778107272049512,1.173616707572017e-05
2.2,0.675,0.0034062499999999996,0.004302579202007896,1.7480437888186003e-05
2.21,0.685,0.00411375,0.005219568425923921,2.4290002803615246e-05
2.22,0.69,0.0047575000000000004,0.0061257626868573,3.230278340617347e-05
2.23,0.69,0.00536,0.006881946707653587,4.126945436605169e-05
2.24,0.69,0.0059925,0.007692115231742745,5.121806322224999e-05
2.25,0.69,0.00664625,0.008480326175449289,6.216004926411704e-05
2.2600000000000002,0.695,0.0072575,0.00918837948577996,7.397472082461242e-05
2.27,0.7,0.007835000000000002,0.009942149383834946,8.664464007526714e-05
2.2800000000000002,0.695,0.008425,0.010657701911554473,0.0001001999768682609
2.29,0.71,0.009000000000000001,0.01140451513691128,0.00011451527599619887
2.3000000000000003,0.715,0.009631250000000001,0.012183232587668708,0.00012962081745781308
2.31,0.715,0.010154999999999999,0.01286292549705163,0.00014546395693772196
2.3200000000000003,0.715,0.01072125,0.013522377918978076,0.0001619314874632093
2.33,0.715,0.011310000000000002,0.01426760574951832,0.0001790916583446111
2.3400000000000003,0.715,0.011877500000000001,0.014997742208690608,0.0001968885550861854
2.35,0.715,0.01243125,0.015618516445208796,0.0002152376148812641
2.3600000000000003,0.71,0.012970000000000002,0.016261083086942595,0.00023413668611930424
2.37,0.71,0.01351,0.016865403602513117,0.00025358584329868226
2.38,0.705,0.014038750000000003,0.01748421494360318,0.00027354086585769046
2.39,0.705,0.01453125,0.018066880277352523,0.00029397508373106275
2.4,0.72,0.015032499999999999,0.018700266178340242,0.00031499335940670845
2.41,0.72,0.015492500000000003,0.019279692731298054,0.00033646720419362546
2.42,0.725,0.01602875,0.01988044631616133,0.00035840607044609646
2.43,0.735,0.01652875,0.020472896194630472,0.00038077076300856903
2.44,0.735,0.01703375,0.02107883360515507,0.0004035004829192822
2.45,0.735,0.017487500000000003,0.021556975072769678,0.0004265720112029385
2.46,0.735,0.01794625,0.022075091143235206,0.0004498960525972493
2.47,0.735,0.01837875,0.02257708933807746,0.00047347500429919723
2.48,0.735,0.0188725,0.023125583030925566,0.0004973108392272333
2.49,0.735,0.01930875,0.023639869347641052,0.0005213266604651098
2.5,0.735,0.01975,0.024149693816318134,0.0005455733720478649
2.5100000000000002,0.735,0.02022,0.024661235477604106,0.0005699917273399465
2.52,0.735,0.0206975,0.02519427608723614,0.0005945948021005087
2.5300000000000002,0.735,0.021102500000000003,0.025662829375112255,0.0006193510999062242
2.54,0.735,0.02148625,0.026122414984681458,0.000644227103030192
2.5500000000000003,0.74,0.021925000000000004,0.02665702693104085,0.0006691767850906062
2.56,0.74,0.022331250000000004,0.027067178779160667,0.0006942194210653978
2.5700000000000003,0.74,0.022757500000000003,0.027559908151138034,0.0007193873973195814
2.58,0.74,0.023131250000000003,0.027969450868637686,0.0007446608058312513
2.5900000000000003,0.74,0.0235025,0.028371404268188086,0.0007699283807652
2.6,0.74,0.023876249999999998,0.028791789207445757,0.0007952529358041322
2.6100000000000003,0.74,0.02422875,0.029158959839989618,0.0008205423113406373
2.62,0.735,0.024575,0.02952323682182556,0.0008457551942618473
2.6300000000000003,0.735,0.024932499999999996,0.029922948286288158,0.0008709176446476166
2.64,0.735,0.025233750000000003,0.030220073559679397,0.0008959680573113316
2.65,0.735,0.025581250000000003,0.03055208468185354,0.000920855274884547
2.66,0.74,0.025902500000000002,0.03092105253298502,0.0009455917015244915
2.67,0.74,0.02624875,0.03130308803610461,0.0009701623116589561
2.68,0.74,0.02655875,0.031617469885287595,0.0009944973928368358
2.69,0.74,0.0268575,0.031919389046319184,0.001018546027511185
2.7,0.74,0.027152500000000003,0.03217305678620673,0.0010422754808693956
2.71,0.74,0.027448750000000004,0.032458472622543005,0.0010656721684462378
2.72,0.745,0.02771,0.03269410755905662,0.0010886837442684253
2.73,0.75,0.027965,0.03291570436049682,0.0011112968438650294
2.74,0.75,0.02820125,0.03311972169957177,0.001133548849436755
2.75,0.75,0.028415000000000003,0.03334037028579489,0.0011554032045250381
2.7600000000000002,0.75,0.02864,0.03354393441874625,0.0011767876041517834
2.77,0.75,0.02888625,0.03376662775211334,0.0011977060618974008
2.7800000000000002,0.75,0.029086249999999998,0.033949172587364386,0.0012181647625875436
2.79,0.75,0.029282500000000003,0.03410184967838257,0.001238116631400226
2.8000000000000003,0.75,0.0294825,0.034271340143096594,0.0012575758263285864
2.81,0.75,0.029678750000000004,0.03443749734091312,0.0012764861759190268
2.8200000000000003,0.75,0.0298825,0.0346085013128363,0.0012948395797083183
2.83,0.75,0.03008,0.034763849134360286,0.0013126283780687104
2.8400000000000003,0.745,0.03024875,0.03489380375395053,0.0013298519503481619
2.85,0.745,0.030432499999999994,0.03504243568728113,0.001346494327708887
2.8600000000000003,0.745,0.030623749999999998,0.03519007509433096,0.0013625769046109563
2.87,0.75,0.030808750000000003,0.03533646214446302,0.001378098413022922
2.8800000000000003,0.76,0.030984999999999995,0.0354704870840876,0.001393067095944506
2.89,0.76,0.03115375,0.03557494763520409,0.0014074926315861425
2.9000000000000004,0.76,0.03128875,0.035636180080431595,0.00142132557658598
2.91,0.76,0.031433749999999996,0.0357112778676386,0.0014345467008893154
2.92,0.76,0.03157625,0.03579386187137662,0.0014471741517858541
2.93,0.76,0.03167625,0.035816393601624384,0.0014592531165933684
2.94,0.765,0.031792499999999994,0.03586630334018486,0.0014707505307628595
2.95,0.765,0.031920000000000004,0.035898066178649435,0.0014816563666992413
2.96,0.765,0.03201875,0.03592094088408611,0.0014920387226888868
2.97,0.765,0.0321375,0.03596187366013212,0.0015018524026430764
2.98,0.765,0.032249999999999994,0.035999663756264524,0.001511080969188119
2.99,0.765,0.032326249999999994,0.03599878030798933,0.0015197282290918643
3.0,0.765,0.032407500000000006,0.036004403319722204,0.0015278205606134969
3.0100000000000002,0.765,0.03250625,0.03601260591887075,0.0015353738277345842
3.02,0.765,0.032613750000000004,0.03601679498403003,0.0015423644605258363
3.0300000000000002,0.765,0.0326575,0.03596079502568121,0.001548815343658383
3.04,0.765,0.032725,0.03591977253259711,0.0015547473569786318
3.0500000000000003,0.765,0.03278375,0.03586596918163124,0.0015601838777054779
3.06,0.765,0.0328575,0.03584990522700055,0.00156513290322881
3.0700000000000003,0.765,0.03292375,0.03580673929299012,0.001569585231280395
3.08,0.765,0.03299125,0.035764166929261716,0.0015735499573421303
3.0900000000000003,0.765,0.0330525,0.03572138070640526,0.0015770643003899822
3.1,0.765,0.033120000000000004,0.0356634815358697,0.0015801494716452666
3.1100000000000003,0.76,0.03319,0.03563464402206609,0.0015828053234041625
3.12,0.76,0.033249999999999995,0.03558980385660438,0.0015850361963991152
3.1300000000000003,0.76,0.0333375,0.035587266433822005,0.001586849194398696
3.14,0.76,0.033391250000000004,0.035534663779086796,0.00158826082269357
3.1500000000000004,0.765,0.0334775,0.03554356700301812,0.0015892898587282851
3.16,0.76,0.033545000000000005,0.035508659220065415,0.001589966402292118
3.1700000000000004,0.76,0.03363125,0.035517632311512184,0.0015902842008972183
3.18,0.765,0.033697500000000005,0.03548598682234014,0.0015902863346401756
3.19,0.765,0.033775,0.03546383143704507,0.0015899534939677164
3.2,0.76,0.03387,0.03546288902942437,0.001589290045478535
3.21,0.765,0.033933750000000006,0.03542965164205249,0.0015883313298211505
3.22,0.765,0.03399,0.03541035644739037,0.0015870645557894173
3.23,0.765,0.03405625,0.035395836511931664,0.0015855061905382499
3.24,0.765,0.0341075,0.03535681200649894,0.0015836743079349369
3.25,0.765,0.034165,0.035331029091445476,0.0015816104038585935
3.2600000000000002,0.755,0.03422625,0.03531695392904099,0.0015793090696286682
3.27,0.765,0.034305,0.03531607080348927,0.0015767772298318995
3.2800000000000002,0.765,0.0343525,0.0352588755684033,0.0015740328359425057
3.29,0.76,0.0344325,0.0353204458834184,0.0015710827870935458
3.3000000000000003,0.76,0.034513749999999996,0.03533790107749283,0.0015679394400303225
3.31,0.765,0.0346075,0.03539708593510097,0.0015646208754693126
3.3200000000000003,0.765,0.03472875,0.035466728841623336,0.0015611526774655033
3.33,0.765,0.034805,0.03549475655550034,0.001557549209751322
3.3400000000000003,0.765,0.0348775,0.035498760743937305,0.0015538260606864686
3.35,0.765,0.034978749999999996,0.035555110393551685,0.001549995405776863
3.3600000000000003,0.765,0.03507,0.03560647840255031,0.0015460736193938025
3.37,0.765,0.035147500000000005,0.03563609363812418,0.001542080145656314
3.3800000000000003,0.76,0.035215,0.035665060858701865,0.0015380310127769312
3.39,0.76,0.03533875,0.035762422224122854,0.001533944382520925
3.4000000000000004,0.765,0.03548625,0.03593619566169257,0.0015298446458509433
3.41,0.765,0.03560125,0.036073726268036545,0.0015257521094501497
3.4200000000000004,0.765,0.0357025,0.03616060554371703,0.001521684560321707
3.43,0.765,0.03580375,0.03624375959743636,0.0015176631860884628
3.44,0.765,0.035945,0.03637959649118013,0.0015136921615186197
3.45,0.765,0.036076250000000004,0.03651299629672443,0.0015097956480833524
3.46,0.765,0.03617375,0.03658185634754425,0.0015059936523623917
3.47,0.765,0.03625375,0.03661091571753387,0.0015023172436040273
3.48,0.765,0.03637625,0.03674158629799013,0.001498790086974734
3.49,0.765,0.03653375,0.03690573308946619,0.0014954267632605537
3.5,0.765,0.0366625,0.03703300953021729,0.0014922444749238212
3.5100000000000002,0.765,0.03678625,0.03714624777359233,0.0014892757138525712
3.52,0.765,0.0369125,0.03727415159065708,0.0014865298055158614
3.5300000000000002,0.77,0.03699499999999999,0.03733265319070881,0.001484028309779281
3.54,0.77,0.03706,0.03735398577838328,0.00148180289153893
3.5500000000000003,0.77,0.037135,0.037414514556425464,0.0014798493893398374
3.56,0.77,0.037228750000000005,0.037481077011952135,0.0014781813685721809
3.5700000000000003,0.77,0.037335,0.03755257768280205,0.0014768321546126835
3.58,0.77,0.037448749999999996,0.03763533853575355,0.0014758198209839438
3.5900000000000003,0.77,0.03754,0.03766652280595925,0.001475150302593858
3.6,0.77,0.03764125,0.03771808433415744,0.0014748457545769105
3.6100000000000003,0.77,0.037691249999999996,0.03771021256984486,0.0014749372021230184
3.62,0.77,0.03777,0.03775550713820178,0.0014754357790716915
3.6300000000000003,0.77,0.0378275,0.03778478221193802,0.0014763309676848533
3.64,0.77,0.03792375,0.03781983568426384,0.0014776412120789425
3.6500000000000004,0.77,0.03799,0.037819590398201215,0.0014793795785121653
3.66,0.77,0.03804875,0.03783330394018171,0.001481563755973602
3.6700000000000004,0.77,0.03806125,0.0377906168827355,0.001484199495125477
3.68,0.77,0.03814625,0.0378071579506411,0.0014872887446686636
3.6900000000000004,0.77,0.03824125,0.037875391070598306,0.0014908463508025549
3.7,0.77,0.0383325,0.037922238796627955,0.0014948842355802033
3.71,0.77,0.038377499999999995,0.03790771736692777,0.001499401752134079
3.72,0.77,0.0384275,0.03791346806052436,0.00150440388132578
3.73,0.77,0.038489999999999996,0.03793582500608354,0.001509911234746425
3.74,0.77,0.0385575,0.03796977534979089,0.0015159122017998805
3.75,0.77,0.038621249999999996,0.03803110775475697,0.0015224023533112676
3.7600000000000002,0.77,0.038683749999999996,0.03805349869801946,0.0015293791698771412
3.77,0.77,0.038737499999999994,0.03805617982697952,0.0015368527432274303
3.7800000000000002,0.77,0.03879875,0.03807495999292364,0.0015448284183971616
3.79,0.77,0.038841249999999994,0.03805517127451339,0.0015532820449499687
3.8000000000000003,0.77,0.0389275,0.03809570809185334,0.0015622288361193232
3.81,0.77,0.03897,0.03809894425102415,0.0015716797109278065
3.8200000000000003,0.77,0.03903375,0.038108134147392655,0.0015816128245060746
3.83,0.77,0.0390725,0.038084382177131594,0.001592021750493376
3.8400000000000003,0.77,0.0391025,0.03805094369726026,0.0016029007390886718
3.85,0.77,0.03915125,0.03802238377678754,0.001614270923429918
3.8600000000000003,0.77,0.039235,0.03807039344645208,0.0016261040281523394
3.87,0.77,0.03931125,0.03810592968649958,0.0016384001794654626
3.8800000000000003,0.77,0.039335,0.03808311536660895,0.0016511362856323456
3.89,0.77,0.0393925,0.03806163607803874,0.0016643004658468243
3.9000000000000004,0.77,0.03942999999999999,0.03804039797049463,0.0016778920112751165
3.91,0.77,0.039467499999999996,0.03801547283540207,0.001691907020731906
3.9200000000000004,0.77,0.039487499999999995,0.03796628253489379,0.0017063439993166177
3.93,0.77,0.039543749999999996,0.03793559420783892,0.0017211813921814735
3.9400000000000004,0.77,0.03956625,0.03788976568899607,0.001736387258855953
3.95,0.77,0.03959624999999999,0.03782296263909248,0.001751968088877036
3.9600000000000004,0.77,0.039615,0.037760647275349876,0.0017679128108535496
3.97,0.77,0.03964875,0.03774247747515479,0.0017842184283559616
3.98,0.77,0.039667499999999994,0.03766566161796422,0.001800873382716423
3.99,0.77,0.039702499999999995,0.0376220238941764,0.0018178737347423232
4.0,0.77,0.0397225,0.03758901116365917,0.0018352089495453174
4.01,0.77,0.03974625,0.037534792874297764,0.0018528536864965335
4.0200000000000005,0.77,0.039741250000000006,0.03748193726360637,0.0018708047332752617
4.03,0.77,0.039795000000000004,0.03750794856719307,0.0018890446850612405
4.04,0.77,0.039825,0.0375033880166296,0.0019075739281125895
4.05,0.77,0.03984125,0.037451158499551086,0.0019263817608384693
4.0600000000000005,0.77,0.039918749999999996,0.037511670987474634,0.0019454609369754078
4.07,0.77,0.03992875,0.037467337226739277,0.0019647948810079044
4.08,0.77,0.03999875,0.03754718766089757,0.001984376943188942
4.09,0.77,0.0400825,0.03765231549253844,0.0020042241722955092
4.1000000000000005,0.77,0.040139999999999995,0.03770018572187648,0.00202432704743909
4.11,0.77,0.04021375,0.03775930385952584,0.0020446759566991176
4.12,0.77,0.04025625,0.037801240867907204,0.0020652623190646514
4.13,0.77,0.04031,0.0378649509009223,0.0020860756080460516
4.140000000000001,0.77,0.04035125,0.037872052183600576,0.002107114809434781
4.15,0.77,0.04038125,0.03788706101308416,0.002128364219737504
4.16,0.77,0.04045375,0.0379795855671744,0.002149810739390353
4.17,0.77,0.04050625,0.0379796058741584,0.0021714682159327016
4.180000000000001,0.77,0.04054625,0.03797716109502988,0.002193325929078778
4.19,0.77,0.04061,0.03800786601376696,0.0022153726239449185
4.2,0.765,0.04067375,0.03805369201000182,0.0022376082354167636
4.21,0.765,0.0407225,0.038072958691350765,0.002260017319827826
4.220000000000001,0.77,0.040827499999999996,0.03817830012774513,0.00228259724876015
4.23,0.76,0.040917499999999996,0.03822739637180872,0.0023053548084704697
4.24,0.755,0.041051250000000004,0.03839384753579238,0.0023282890071852943
4.25,0.77,0.04120625000000001,0.038578109947212676,0.0023513900162249507
4.26,0.765,0.04131875000000001,0.03872775850469089,0.0023746455686832813
4.2700000000000005,0.77,0.0414025,0.03881338508489904,0.0023980527876549473
4.28,0.765,0.041511250000000006,0.038973618636009164,0.0024216049303093243
4.29,0.77,0.0416725,0.03920138581541809,0.0024453020335246296
4.3,0.76,0.0417975,0.03933294269633282,0.0024691470650016843
4.3100000000000005,0.765,0.041937499999999996,0.0395081997448271,0.002493131420518926
4.32,0.76,0.04205875,0.03965842562632081,0.0025172515629133183
4.33,0.765,0.04217750000000001,0.03980961839038701,0.002541488312449071
4.34,0.765,0.0423025,0.039952055254360706,0.002565840006542824
4.3500000000000005,0.77,0.0424325,0.04010285756987119,0.0025903134423075074
4.36,0.77,0.0425425,0.040246760393789556,0.002614893459911158
4.37,0.765,0.04266999999999999,0.040391756119985786,0.0026395720764611375
4.38,0.77,0.04283875,0.04058770425159438,0.0026643659635213267
4.390000000000001,0.765,0.042947500000000007,0.0407303294503118,0.0026892708071970793
4.4,0.77,0.04309,0.04095905718907691,0.002714271110215283
4.41,0.77,0.04321,0.04111145647328743,0.002739360822408965
4.42,0.77,0.04330875000000001,0.04124649609498135,0.0027645264858754616
4.430000000000001,0.77,0.043469999999999995,0.04148228582965981,0.002789772033535908
4.44,0.77,0.043585000000000006,0.04165536008894644,0.002815092254704532
4.45,0.77,0.0437275,0.04185630817450804,0.002840489201254173
4.46,0.765,0.0438175,0.0420093119975714,0.002865949871685822
4.470000000000001,0.765,0.04398125,0.04223733442054361,0.0028914776845193214
4.48,0.77,0.04412374999999999,0.0424523214280094,0.002917073616721936
4.49,0.77,0.0442925,0.0427067936258721,0.0029427350354454184
4.5,0.77,0.04444375,0.04292657493100988,0.0029684595915786933
4.51,0.77,0.044586249999999994,0.04312721699413695,0.002994247746124762
4.5200000000000005,0.765,0.044753749999999995,0.04335757487367248,0.003020105386199624
4.53,0.765,0.04491125,0.04358996160317708,0.0030460242651103504
4.54,0.77,0.0450775,0.04383983726240343,0.0030720004259672277
4.55,0.77,0.04525875,0.0440975793635404,0.003098028975864452
4.5600000000000005,0.77,0.04538875,0.04429526977159109,0.00312410481815202
4.57,0.77,0.04552125,0.044489608121400036,0.0031502141431442032
4.58,0.765,0.0456825,0.04471853076775728,0.003176358214544412
4.59,0.765,0.04583375,0.04495946983059412,0.0032025463104059476
4.6000000000000005,0.765,0.0459925,0.04521455955144136,0.0032287651487999296
4.61,0.77,0.046126249999999994,0.04540835652411127,0.0032550099486121824
4.62,0.77,0.046277500000000006,0.045650240939451865,0.0032812827492220563
4.63,0.77,0.0464175,0.045866007373994835,0.0033075805952013093
4.640000000000001,0.77,0.04655374999999999,0.046091093818239934,0.0033339021168887206
4.65,0.77,0.046715,0.046325613901268506,0.003360248820383959
4.66,0.765,0.046868749999999994,0.04652540736893326,0.003386622499171479
4.67,0.77,0.04699999999999999,0.04674051174072825,0.003413015055723286
4.680000000000001,0.77,0.047151250000000006,0.0469710871697715,0.003439420793289969
4.69,0.77,0.04730625,0.04720554440186795,0.0034658417927002604
4.7,0.77,0.04745625,0.04741706406593505,0.0034922826034706044
4.71,0.765,0.04764875,0.04767643203654854,0.0035187420773298544
4.720000000000001,0.765,0.047781250000000004,0.04786876138958418,0.003545218705236227
4.73,0.765,0.04794874999999999,0.048118358619793085,0.0035717077674292607
4.74,0.765,0.048088750000000006,0.04834388042872102,0.0035982105054374546
4.75,0.76,0.048263749999999994,0.048615668236806,0.003624719854965154
4.76,0.77,0.048432499999999996,0.04888150790686275,0.0036512405324934448
4.7700000000000005,0.765,0.04859749999999999,0.049141862352819254,0.003677773332157805
4.78,0.77,0.048771249999999995,0.049439964219557674,0.003704313745317162
4.79,0.77,0.04895250000000001,0.04971558842147188,0.0037308629967842824
4.8,0.755,0.0491225,0.04998283691389858,0.003757416586950704
4.8100000000000005,0.77,0.049321250000000004,0.050307177971821514,0.0037839755861140286
4.82,0.77,0.04951375,0.05062706662361273,0.0038105429492029936
4.83,0.765,0.04971249999999999,0.0509276585944545,0.0038371173596912283
4.84,0.77,0.049905,0.05125634812998568,0.0038636931652140556
4.8500000000000005,0.765,0.05008,0.05156438959911801,0.003890269271958626
4.86,0.765,0.0503025,0.05191966772189936,0.003916845860542759
4.87,0.765,0.05050875,0.05225590857749597,0.003943427275765419
4.88,0.765,0.050711250000000006,0.052577202589457646,0.003970014130327959
4.890000000000001,0.765,0.0509025,0.05291132043269882,0.0039966048713702225
4.9,0.765,0.051132500000000004,0.05328793330462943,0.004023204291579858
4.91,0.77,0.05133,0.05361035624445328,0.004049808902536189
4.92,0.765,0.051538749999999994,0.053937297433725,0.004076413980124084
4.930000000000001,0.77,0.05175125,0.05426732482191483,0.0041030208578357865
4.94,0.77,0.051965000000000004,0.05458838455218927,0.00412963173770502
4.95,0.77,0.05218500000000001,0.05493660133821761,0.004156240765094243
4.96,0.77,0.052385,0.05525688807309099,0.004182841609637703
4.970000000000001,0.77,0.0526,0.0555772647252392,0.004209441988207868
4.98,0.765,0.0528275,0.055916543467692294,0.004236038499355904
4.99,0.755,0.05305125,0.05628122735649379,0.00426263515972967
5.0,0.755,0.05325125,0.05657827262908265,0.004289226256557836
5.010000000000001,0.77,0.053450000000000004,0.056873812425123106,0.004315807945168193
5.0200000000000005,0.77,0.0536425,0.05716337917005383,0.004342380907316243
5.03,0.77,0.053843749999999996,0.05746543853081455,0.004368943317330292
5.04,0.77,0.0540725,0.05782600544390627,0.0043955006438962975
5.05,0.765,0.05429875,0.05816481847501817,0.004422058186047721
5.0600000000000005,0.765,0.05447875,0.05844153439632335,0.004448608280415273
5.07,0.77,0.054667499999999994,0.05872183866614783,0.004475145881525961
5.08,0.77,0.054875,0.05902864422328296,0.004501670488108577
5.09,0.77,0.055084999999999995,0.059341992213161526,0.00452818072530353
5.1000000000000005,0.77,0.055268750000000005,0.05961226250024382,0.00455467692119732
5.11,0.77,0.0554525,0.05989056172230543,0.004581156330720214
5.12,0.77,0.05567625,0.06022535452549897,0.004607625759052305
5.13,0.765,0.055862499999999995,0.06053164330395538,0.0046340855541940045
5.140000000000001,0.765,0.056073750000000006,0.060854257310809456,0.004660535565180811
5.15,0.765,0.05625125,0.06111109397840529,0.004686968376366261
5.16,0.77,0.056444999999999995,0.0613771709034328,0.0047133853607179066
5.17,0.765,0.05665749999999999,0.06169875804651746,0.004739789331681181
5.180000000000001,0.765,0.05687125,0.06201596247620355,0.004766180150264461
5.19,0.765,0.057056249999999996,0.062307440600973714,0.004792559925585285
5.2,0.765,0.05723625,0.06256025368441188,0.004818919842570183
5.21,0.765,0.057466249999999997,0.06290963761198652,0.004845266681462493
5.220000000000001,0.77,0.05770125,0.06325513215020152,0.004871600050021308
5.23,0.77,0.05792625,0.0635831971161436,0.004897922950235417
5.24,0.77,0.058103749999999996,0.06384063253624417,0.004924230707444526
5.25,0.77,0.05830625,0.06414655508493736,0.004950518266893466
5.260000000000001,0.77,0.058505,0.06443233752776152,0.004976790741791973
5.2700000000000005,0.77,0.058675,0.06468019037174633,0.005003052350104305
5.28,0.77,0.058875000000000004,0.06498006647542558,0.005029297609550746
5.29,0.77,0.0590625,0.0652627344315657,0.005055524698822501
5.3,0.765,0.0592475,0.0655503513318375,0.005081731874240294
5.3100000000000005,0.765,0.059446250000000006,0.06583575227890914,0.005107925640923227
5.32,0.765,0.05965875,0.06616504210105367,0.005134106270549604
5.33,0.765,0.059838749999999996,0.06643398176651641,0.0051602701815472145
5.34,0.77,0.06001875,0.06672138055863304,0.0051864148768755655
5.3500000000000005,0.77,0.060224999999999994,0.0670108993278289,0.005212540366393451
5.36,0.77,0.06043250000000001,0.06733054325409032,0.005238651439725048
5.37,0.765,0.06062875,0.06761527221365785,0.005264750548858745
5.38,0.765,0.06083499999999999,0.06791969969898151,0.005290834419079144
5.390000000000001,0.765,0.06101625,0.06820015576264528,0.005316903191944454
5.4,0.77,0.061239999999999996,0.06852687842008374,0.005342953449403826
5.41,0.77,0.061427499999999996,0.06878426218384354,0.005368988308616386
5.42,0.77,0.06162749999999999,0.06906792302997065,0.005395004175105927
5.430000000000001,0.765,0.06179625,0.06929688889372326,0.005421000938103185
5.44,0.765,0.06198375,0.06957831201663409,0.0054469774011439865
5.45,0.76,0.06218375,0.06986694828696109,0.005472932474363939
5.46,0.765,0.06235874999999999,0.07011099156510092,0.005498865319959902
5.470000000000001,0.765,0.06255875,0.07040056474526869,0.005524780386369631
5.48,0.765,0.06271874999999999,0.07063076625456013,0.0055506768974172924
5.49,0.77,0.06292249999999999,0.07094313882080726,0.005576555120926726
5.5,0.77,0.06311875,0.07122587425444395,0.005602413676251735
5.510000000000001,0.77,0.0633075,0.07149385355295158,0.0056282541339988355
5.5200000000000005,0.77,0.06349874999999999,0.07175411624732322,0.005654077443717846
5.53,0.77,0.06369124999999999,0.07202789603002804,0.005679887533454808
5.54,0.77,0.06389375,0.07231058949289702,0.005705679358223282
5.55,0.77,0.06407875,0.07258660641354263,0.005731454299201793
5.5600000000000005,0.77,0.0642575,0.07285358594059067,0.005757209293759044
5.57,0.77,0.06442375,0.07307568734495111,0.0057829427031804385
5.58,0.77,0.06461125,0.07334600147191192,0.0058086566298064584
5.59,0.77,0.06478375,0.073604060387348,0.0058343454640717735
5.6000000000000005,0.77,0.064965,0.07385154604900808,0.005860013568089015
5.61,0.76,0.065135,0.07409546988554633,0.005885662792678823
5.62,0.76,0.06533749999999999,0.07439383075846785,0.005911291862594712
5.63,0.76,0.06552875,0.07466238607646043,0.005936902596963413
5.640000000000001,0.76,0.06572375,0.07496054359372227,0.005962493967300049
5.65,0.765,0.0659225,0.07525459734797027,0.005988067579967064
5.66,0.765,0.06611125,0.07554019958649101,0.006013630509327908
5.67,0.765,0.06629375,0.0758100118497901,0.0060391800629201456
5.680000000000001,0.77,0.06648749999999999,0.07609494993819237,0.006064714437851541
5.69,0.77,0.0666575,0.07635274148689636,0.006090230864514014
5.7,0.77,0.06683375,0.07663327047160517,0.006115728426130409
5.71,0.77,0.06702125,0.0769134720438625,0.0061412100032194475
5.720000000000001,0.77,0.06720374999999999,0.07718669924437875,0.006166676789460167
5.73,0.77,0.06741124999999999,0.07749267826144932,0.0061921262631890565
5.74,0.77,0.06762,0.07779119050312898,0.006217562916765547
5.75,0.77,0.067805,0.07807522983310504,0.006242984871879483
5.760000000000001,0.77,0.06798125000000001,0.07831492652091777,0.006268392371579538
5.7700000000000005,0.77,0.06818625,0.07862016545504263,0.006293785209236425
5.78,0.77,0.0683825,0.07890474119808089,0.006319165472942776
5.79,0.77,0.068565,0.07916845764396314,0.0063445297893177325
5.800000000000001,0.77,0.06873125,0.0794311123943871,0.00636987677222082
5.8100000000000005,0.77,0.06892875,0.07971456946465423,0.006395210715014394
5.82,0.77,0.06909875,0.07995541815348435,0.006420527404548815
5.83,0.77,0.06926,0.08019764770140583,0.0064458295666347965
5.84,0.77,0.06942875000000001,0.08045451863190939,0.006471114982179666
5.8500000000000005,0.77,0.0696175,0.08070032625009646,0.006496384039976908
5.86,0.77,0.06980125,0.08095582347073026,0.006521637838339039
5.87,0.77,0.06998375,0.08120410226836887,0.006546877598549837
5.88,0.765,0.07014000000000001,0.08141806089001094,0.0065720982780579805
5.890000000000001,0.76,0.07030875,0.08166476707327337,0.006597297323159813
5.9,0.765,0.07050375,0.08193680886108415,0.006622480820757231
5.91,0.765,0.07066499999999999,0.08218080558786844,0.006647655221491454
5.92,0.77,0.070825,0.08239107281183955,0.006672811793863378
5.930000000000001,0.77,0.071,0.08264102071354355,0.0066979500090322075
5.94,0.77,0.07117625,0.08287970002623664,0.006723071861740456
5.95,0.77,0.071345,0.08311782626077319,0.006748176417670401
5.96,0.77,0.0715325,0.08337682743540839,0.006773269366326998
5.970000000000001,0.77,0.07171999999999999,0.08364483122595132,0.006798348889412611
5.98,0.77,0.0718975,0.08387430178164701,0.006823415038461041
5.99,0.77,0.07207875,0.0841401739727293,0.006848471272183494
6.0,0.77,0.07226,0.084401120952735,0.0068735142053291615
6.010000000000001,0.77,0.07244125,0.0846658586671826,0.006898547252109799
6.0200000000000005,0.77,0.072595,0.08490161869130758,0.006923567673348517
6.03,0.77,0.07280875,0.08520838283923189,0.006948573279357354
6.04,0.77,0.07298500000000001,0.0854562577036223,0.00697356527811344
6.050000000000001,0.77,0.0731675,0.085709106480117,0.006998542672488932
6.0600000000000005,0.77,0.073315,0.08591257016803587,0.007023503584828772
6.07,0.77,0.07349375,0.08617131041622976,0.00704845022806624
6.08,0.77,0.0736575,0.08640241151621676,0.007073384494024821
6.09,0.77,0.073815,0.08662738989601189,0.007098303012423999
6.1000000000000005,0.77,0.07397999999999999,0.08686591114313943,0.007123206003270608
6.11,0.77,0.07416375,0.08712119405585415,0.007148095430295406
6.12,0.77,0.07433374999999999,0.08735817637159876,0.007172971526300397
6.13,0.77,0.0745,0.08758628798189264,0.007197832515914762
6.140000000000001,0.77,0.07467499999999999,0.08785091425786792,0.0072226783703509285
6.15,0.77,0.07480625,0.0880498576456807,0.007247510595597868
6.16,0.77,0.07498374999999999,0.0882864649086443,0.007272329321390682
6.17,0.77,0.07514749999999999,0.08854049916857032,0.007297135008322786
6.180000000000001,0.77,0.07531,0.0887718188134989,0.0073219281505494446
6.19,0.77,0.07546125,0.08898884834202293,0.0073467086717425535
6.2,0.77,0.075615,0.08920548591351501,0.007371471531871378
6.21,0.77,0.07578375,0.08945712787428614,0.007396222866560945
6.220000000000001,0.77,0.07596,0.08972454230580436,0.0074209625697041195
6.23,0.77,0.07610875,0.08993553180086623,0.0074456894984137436
6.24,0.77,0.07627250000000001,0.09015334362737926,0.007470401224607274
6.25,0.77,0.07643875,0.0904011644189409,0.00749509974041583
6.260000000000001,0.77,0.07657625,0.09059371163332924,0.007519783405942105
6.2700000000000005,0.77,0.07674,0.09081801238176378,0.007544453870817773
6.28,0.77,0.0769,0.09104858817972178,0.007569109363922043
6.29,0.77,0.07705000000000001,0.09127484861604263,0.007593750201396347
6.300000000000001,0.77,0.0772175,0.09152666006369563,0.00761837763900358
6.3100000000000005,0.77,0.07735875,0.09173162709292687,0.0076429881458535895
6.32,0.77,0.0775425,0.09199749599948111,0.00766758839505376
6.33,0.77,0.0777075,0.0922395134113928,0.007692179505596333
6.340000000000001,0.77,0.07784875,0.09242241834218506,0.0077167544233292225
6.3500000000000005,0.77,0.07802,0.09265393151322047,0.007741312669692736
6.36,0.77,0.07819625000000001,0.09288920634498167,0.0077658576253488865
6.37,0.77,0.078335,0.0931038722200911,0.007790389322310741
6.38,0.77,0.07847875,0.09330401214897471,0.007814905224825164
6.390000000000001,0.77,0.0786275,0.09349619984116907,0.007839404757442145
6.4,0.77,0.0787875,0.09371967904374572,0.007863888453579417
6.41,0.77,0.07893125000000001,0.09392172812371662,0.007888356344262026
6.42,0.77,0.0790825,0.09413260372859436,0.007912805215407626
6.430000000000001,0.77,0.07922875,0.0943347565788669,0.007937240193024659
6.44,0.77,0.07937749999999999,0.09456217147001177,0.007961661258860796
6.45,0.77,0.07951625,0.09477013626669858,0.00798606765271253
6.46,0.765,0.07968625,0.09502096366195364,0.008010464070528083
6.470000000000001,0.765,0.07984,0.0952452186690347,0.008034851125082608
6.48,0.765,0.07998125,0.09544369560242758,0.008059225247721444
6.49,0.765,0.0801225,0.09564376617021995,0.00808358951805117
6.5,0.765,0.08026124999999999,0.09583828441972585,0.008107940040168763
6.510000000000001,0.765,0.08042124999999999,0.09606644763185009,0.008132279098083653
6.5200000000000005,0.765,0.08055875,0.09625872321370506,0.008156605126325914
6.53,0.765,0.08071124999999998,0.09645953997208889,0.008180916206227143
6.54,0.76,0.080835,0.09662696784514212,0.008205211374410642
6.550000000000001,0.76,0.0809525,0.09678834230552891,0.008229492391265154
6.5600000000000005,0.76,0.081095,0.09700301994690289,0.008253756010655469
6.57,0.76,0.08123375,0.09717808075398635,0.008278004423713507
6.58,0.76,0.08138999999999999,0.09740070897712368,0.008302241195002343
6.590000000000001,0.76,0.081525,0.09759075719757429,0.00832646269868168
6.6000000000000005,0.76,0.0816725,0.09779752417737758,0.008350669349706059
6.61,0.76,0.08179,0.09795322119271736,0.00837485947129295
6.62,0.76,0.08193625,0.09815233138605144,0.008399032478070159
6.63,0.76,0.08207,0.0983511502689614,0.00842319306476926
6.640000000000001,0.76,0.08222,0.0985726780552024,0.008447341478591339
6.65,0.765,0.08240125,0.09881955911176499,0.008471481343121751
6.66,0.765,0.08253499999999998,0.09899835425316403,0.00849561048672984
6.67,0.765,0.08268375,0.0992091313979359,0.008519726850812034
6.680000000000001,0.765,0.08283,0.09942013937860361,0.008543832948015823
6.69,0.765,0.08295124999999999,0.09958847987217714,0.008567924497670668
6.7,0.765,0.08308624999999999,0.09978300681519055,0.008591999590353321
6.71,0.765,0.08320875000000001,0.09995761212138313,0.008616060833086192
6.720000000000001,0.765,0.08335750000000001,0.10017821108833383,0.008640108915186311
6.73,0.765,0.08350375,0.10039363317209862,0.008664144535327772
6.74,0.765,0.08362625,0.10056550981211505,0.008688163965030091
6.75,0.765,0.083765,0.10076861538200778,0.008712170095170517
6.760000000000001,0.765,0.08391375,0.10097533138802532,0.008736164632942342
6.7700000000000005,0.765,0.0840525,0.1011474395020584,0.008760142312686148
6.78,0.765,0.08418375000000002,0.10134233260139949,0.008784104607460442
6.79,0.765,0.08431875,0.10153829632382935,0.008808052586761556
6.800000000000001,0.765,0.08446625,0.10175833926530037,0.008831986389233918
6.8100000000000005,0.765,0.0846175,0.10198250940431983,0.008855908693307069
6.82,0.765,0.08475750000000001,0.10218311989745951,0.008879819206591727
6.83,0.765,0.08489375,0.10235729402617695,0.008903715407077304
6.840000000000001,0.765,0.0850175,0.10253882422945834,0.008927596820421957
6.8500000000000005,0.765,0.08514875,0.10272429795077903,0.008951462673938898
6.86,0.765,0.08528749999999999,0.10294241711968442,0.008975316770020524
6.87,0.765,0.085425,0.10314364338197285,0.008999158834168212
6.88,0.765,0.08558375,0.10337991003396177,0.009022994502563593
6.890000000000001,0.76,0.085715,0.10356918128616054,0.009046819698831268
6.9,0.76,0.08587125000000001,0.10379094690271265,0.009070634935076914
6.91,0.76,0.08598875,0.10396322232825475,0.009094438490171495
6.92,0.76,0.08615875,0.10420229769711922,0.009118231927086674
6.930000000000001,0.755,0.08627500000000002,0.10437521145522795,0.00914201377967596
6.94,0.755,0.08640374999999999,0.10455126021333155,0.009165781521127191
6.95,0.755,0.0865375,0.10474402699706331,0.009189536473689402
6.96,0.755,0.08666499999999999,0.10493911523008624,0.009213277427624298
6.970000000000001,0.765,0.0867925,0.1051061839729644,0.009237005836033284
6.98,0.765,0.08692374999999998,0.10531308504379658,0.009260721890283638
6.99,0.765,0.08704625,0.10547304292245227,0.009284422863613622
7.0,0.765,0.08718,0.10565499316006112,0.009308107641192814
7.010000000000001,0.765,0.087295,0.10582621970802815,0.00933177796055865
7.0200000000000005,0.765,0.087425,0.10602175732445139,0.009355435256070724
7.03,0.765,0.08757875,0.10624556710790148,0.009379082557698112
7.04,0.765,0.08772500000000001,0.106444052124897,0.009402719495779676
7.050000000000001,0.765,0.08786874999999998,0.1066643227293628,0.00942634829707104
7.0600000000000005,0.765,0.08799125000000001,0.1068451414452239,0.009449963368062014
7.07,0.765,0.08812375,0.10701504578504317,0.009473562552316642
7.08,0.765,0.08828624999999998,0.10723023481413597,0.009497149810500982
7.090000000000001,0.765,0.08841249999999999,0.10741847829429507,0.00952072798975491
7.1000000000000005,0.765,0.08853625000000001,0.10758802179268256,0.009544298560709943
7.11,0.765,0.08866875,0.10777931851675861,0.009567857191988825
7.12,0.765,0.08879125,0.10795321423905475,0.009591405736048083
7.130000000000001,0.765,0.08890625,0.10811888850386056,0.009614938300894594
7.140000000000001,0.765,0.08903875,0.10829891438718198,0.009638458052623021
7.15,0.765,0.08917749999999999,0.10848595984110072,0.009661966763204632
7.16,0.765,0.08929124999999999,0.10862573197107135,0.009685464091400683
7.17,0.765,0.0894025,0.1087824004022698,0.009708946892337415
7.180000000000001,0.765,0.08953,0.10895743860739697,0.009732412460952489
7.19,0.765,0.08965,0.10913439255531188,0.009755860292925411
7.2,0.765,0.08978874999999999,0.10931197289644859,0.00977929746924423
7.21,0.765,0.08992000000000001,0.10947039382725568,0.009802721398799449
7.220000000000001,0.765,0.09004874999999998,0.10964910144654753,0.009826132511168912
7.23,0.765,0.09019124999999999,0.1098624614336494,0.009849532809716963
7.24,0.765,0.09034125,0.11006033136138219,0.009872924466930978
7.25,0.765,0.09047000000000001,0.11024130084160925,0.00989630186903458
7.260000000000001,0.765,0.09058375,0.11039524290400746,0.009919665733660921
7.2700000000000005,0.765,0.09072749999999999,0.11061446278111377,0.009943021004398958
7.28,0.765,0.0908575,0.11078871249383711,0.009966362652338856
7.29,0.765,0.090985,0.1109685645551152,0.00998969328450792
7.300000000000001,0.765,0.09109124999999998,0.11112743514945331,0.010013011879015057
7.3100000000000005,0.765,0.09121625000000001,0.11129791330419085,0.010036320381124503
7.32,0.765,0.0913625,0.11150903147293037,0.010059620870550073
7.33,0.765,0.09149125,0.1116834993972359,0.010082913089007842
7.340000000000001,0.765,0.09162375,0.11186546288359164,0.010106192863396965
7.3500000000000005,0.765,0.09174624999999999,0.11202986798342753,0.010129456870973382
7.36,0.765,0.09187125,0.11219904892445633,0.010152709898151039
7.37,0.765,0.0919875,0.11234109969028654,0.01017594730325453
7.380000000000001,0.76,0.09210625,0.11252057972228995,0.01019917123325781
7.390000000000001,0.76,0.09223624999999998,0.11271034012845509,0.010222379316862356
7.4,0.76,0.09234875,0.11286333063625545,0.010245573935772693
7.41,0.76,0.0924775,0.11303060009890316,0.010268755459733303
7.42,0.76,0.09260375,0.11319751142663996,0.010291921176495267
7.430000000000001,0.76,0.09270999999999999,0.11332496090419823,0.010315072144134041
7.44,0.76,0.09285125000000001,0.11353471861825143,0.010338207809108312
7.45,0.76,0.09298999999999999,0.1137180690855877,0.0103613336677177
7.46,0.76,0.09309875000000002,0.11387410846814439,0.010384448564473122
7.470000000000001,0.76,0.09321750000000001,0.11405619596529858,0.010407553976446087
7.48,0.76,0.09333624999999998,0.11422182823879258,0.010430648453325737
7.49,0.76,0.09343625,0.11435415950812373,0.010453729024666878
7.5,0.76,0.09356249999999999,0.11453530535845675,0.010476797640736524
7.510000000000001,0.76,0.09367875000000002,0.1146983333572745,0.010499858250259354
7.5200000000000005,0.76,0.09379125,0.11485039052717622,0.010522907232937397
7.53,0.76,0.09390875000000001,0.11500111958400243,0.010545946117347382
7.54,0.76,0.09404375,0.11518959568122582,0.010568976247288732
7.550000000000001,0.76,0.09417624999999999,0.11537592268275018,0.01059199842651079
7.5600000000000005,0.76,0.09428750000000001,0.11551611530076632,0.010615010581304369
7.57,0.76,0.09440249999999999,0.11565841980430655,0.010638009409312053
7.58,0.76,0.09452375,0.11582570662911244,0.01066099318880086
7.590000000000001,0.76,0.09465125,0.11600029419144338,0.0106839675448584
7.6000000000000005,0.76,0.09477250000000001,0.11616027728180468,0.01070693230963478
7.61,0.76,0.094895,0.11633985896858094,0.010729887092210464
7.62,0.76,0.09500125000000001,0.1164868623016386,0.010752830478880834
7.630000000000001,0.76,0.09510500000000001,0.11662790007902094,0.010775760391868061
7.640000000000001,0.76,0.09521,0.11677783921637527,0.010798676701714619
7.65,0.76,0.09531875000000001,0.1169239216638031,0.010821577188389355
7.66,0.76,0.09542500000000001,0.11705692500115032,0.010844462107880183
7.67,0.76,0.09552875,0.11718021590498766,0.010867332209331568
7.680000000000001,0.76,0.09563,0.11731232800983041,0.010890184241120425
7.69,0.76,0.09575375000000001,0.11746817373884809,0.010913025040549858
7.7,0.765,0.09586750000000001,0.11761660617128109,0.010935854857520473
7.71,0.765,0.09596125000000001,0.1177477306564003,0.010958670528470006
7.720000000000001,0.765,0.09607375,0.11790563738143281,0.010981469503049757
7.73,0.765,0.09617249999999998,0.1180370775804282,0.011004253180947008
7.74,0.765,0.09628124999999998,0.11818341363750691,0.011027022460004195
7.75,0.765,0.0964025,0.1183505827841478,0.011049777655826135
7.760000000000001,0.765,0.096495,0.1184903299370589,0.011072519339355293
7.7700000000000005,0.77,0.0965925,0.11863629976258014,0.011095244127697294
7.78,0.77,0.09672499999999999,0.11881581270424833,0.011117957839513443
7.79,0.77,0.0968575,0.11900964269278498,0.011140659881142352
7.800000000000001,0.77,0.09698125,0.11918596154663555,0.011163350695268567
7.8100000000000005,0.77,0.09711,0.11937453324061399,0.011186028940975423
7.82,0.77,0.09720500000000001,0.11949857605946469,0.011208694314410537
7.83,0.77,0.09731,0.11963863354603786,0.011231344292763951
7.840000000000001,0.77,0.09742249999999998,0.11980160147087074,0.011253985892185271
7.8500000000000005,0.77,0.09752375,0.1199421797934776,0.011276616724334597
7.86,0.77,0.09763875000000001,0.12009740562254903,0.011299235265608727
7.87,0.77,0.09775249999999999,0.12024300361660145,0.01132183648670382
7.880000000000001,0.77,0.09785875000000001,0.12039062878119156,0.011344424420041164
7.890000000000001,0.77,0.09797375000000001,0.120552555035118,0.011366997954153496
7.9,0.77,0.09809875,0.12073310210884153,0.011389556669600698
7.91,0.77,0.09820999999999999,0.12088176012810571,0.011412099118778817
7.920000000000001,0.77,0.09830625,0.12100866470811068,0.011434627132656904
7.930000000000001,0.77,0.09841375,0.12116527382249971,0.011457138622098326
7.94,0.77,0.09852124999999999,0.12133304678092341,0.01147963346915609
7.95,0.77,0.098615,0.12146321093362716,0.011502112239458476
7.96,0.77,0.0987175,0.12161119581684114,0.011524578253511155
7.970000000000001,0.77,0.09881999999999999,0.12176557282279689,0.011547030782499225
7.98,0.77,0.09892125,0.12191962311873152,0.011569470165951208
7.99,0.77,0.09902249999999999,0.12206403354432831,0.011591896464192824
8.0,0.77,0.0991425,0.12222544228013889,0.01161431145800579
8.01,0.77,0.09925250000000001,0.12237705203805806,0.011636709989955972
8.02,0.77,0.09936125000000001,0.12252291453677083,0.011659094975330863
8.030000000000001,0.77,0.09948874999999999,0.12269255159695454,0.011681465295577138
8.040000000000001,0.77,0.09958874999999999,0.12282247741328384,0.01170382526549798
8.05,0.77,0.09970625,0.12297076453869277,0.011726174582352183
8.06,0.77,0.0998025,0.12311072606711747,0.011748513585036726
8.07,0.77,0.09992125000000002,0.12327848825450505,0.011770840317494667
8.08,0.77,0.1000225,0.12342565497957717,0.011793152815527902
8.09,0.77,0.10014500000000001,0.12359305167230912,0.011815450981674901
8.1,0.77,0.10025625000000002,0.1237462504393237,0.01183773145424904
8.110000000000001,0.77,0.10036875000000002,0.12390274315146624,0.011860000235255224
8.120000000000001,0.77,0.10047125000000001,0.12403137484232812,0.011882254852460427
8.13,0.77,0.1005825,0.12417902145931722,0.011904496312990743
8.14,0.77,0.10067625000000001,0.12431544884788191,0.011926722716541136
8.15,0.77,0.10077000000000001,0.1244445421906174,0.011948931070276154
8.16,0.77,0.10086375,0.12456254568126399,0.011971123110086851
8.17,0.77,0.10094999999999998,0.12467927194401457,0.01199329900836038
8.18,0.77,0.10105375,0.12482705620491208,0.012015459579300863
8.190000000000001,0.77,0.10115874999999999,0.124978303906989,0.012037608725577525
8.200000000000001,0.77,0.1012475,0.1251001638549931,0.012059743768211267
8.21,0.77,0.10134,0.12522888621495945,0.012081864070834527
8.22,0.775,0.10144249999999999,0.12536000772511638,0.012103971444663603
8.23,0.775,0.10155000000000002,0.12549890666206995,0.01212606533671656
8.24,0.775,0.10165750000000001,0.12563857023056546,0.012148147500895814
8.25,0.775,0.10177624999999998,0.1257982741935674,0.012170213005722063
8.26,0.775,0.10187375,0.12593599770641248,0.01219226666663685
8.27,0.775,0.10198,0.12606803297098568,0.012214305645297479
8.280000000000001,0.775,0.10208749999999998,0.12621606847554118,0.01223633324753827
8.290000000000001,0.775,0.10219999999999999,0.12637668310563838,0.012258350011513345
8.3,0.775,0.10229500000000001,0.12650282242126848,0.012280354746552749
8.31,0.775,0.10240375,0.1266627023688715,0.012302346991671763
8.32,0.775,0.10250250000000001,0.12679762790463003,0.01232432591154608
8.33,0.775,0.10258999999999999,0.1269092170327062,0.012346288673030646
8.34,0.775,0.10271500000000001,0.12707957022166178,0.01236823980617632
8.35,0.775,0.10280875,0.1272114676420354,0.012390175754501515
8.360000000000001,0.775,0.10291375,0.1273588986371924,0.012412098094710243
8.370000000000001,0.775,0.1030075,0.1274800284419169,0.012434006127015064
8.38,0.775,0.10309999999999998,0.1276012940971424,0.012455899190237865
8.39,0.775,0.10321,0.1277494825711399,0.012477779963303381
8.4,0.775,0.10330749999999998,0.1278888971690784,0.012499647622144526
8.41,0.775,0.1034025,0.12801600956728929,0.012521499576425458
8.42,0.775,0.10348874999999999,0.12812906697894164,0.0125433362805582
8.43,0.775,0.1035825,0.12824823486843692,0.012565156807306483
8.440000000000001,0.775,0.10367124999999999,0.12837400196274656,0.012586963041322442
8.450000000000001,0.775,0.10376374999999999,0.12850277520111633,0.01260875603652774
8.46,0.775,0.10386374999999999,0.12863547865829997,0.012630530134508463
8.47,0.775,0.10395624999999999,0.1287517580633691,0.012652287839291025
8.48,0.775,0.10403124999999999,0.1288569179522544,0.01267402684675044
8.49,0.775,0.10413499999999999,0.12899403096176562,0.012695750833163093
8.5,0.775,0.10422875000000001,0.12912567517766663,0.012717458512653525
8.51,0.775,0.10431625,0.12925532022615221,0.01273914973832782
8.52,0.775,0.10439625000000001,0.129366276877955,0.012760827415190391
8.530000000000001,0.775,0.10447875,0.12948218700839392,0.012782487507856868
8.540000000000001,0.775,0.1045725,0.1295996748647175,0.012804135936736872
8.55,0.775,0.10467,0.1297266956636007,0.012825770885159724
8.56,0.775,0.10476749999999999,0.12985718137047947,0.012847393715474656
8.57,0.775,0.10484124999999998,0.12997618515540477,0.012869001446045697
8.58,0.775,0.10494125,0.13010594962548264,0.012890595200861787
8.59,0.775,0.10506125000000001,0.13028713957828827,0.012912179080465193
8.6,0.775,0.1051575,0.13040804542140683,0.012933750865458837
8.610000000000001,0.775,0.1052525,0.13052845730846008,0.012955309217821157
8.620000000000001,0.775,0.10537625,0.13068717948692266,0.012976853733872919
8.63,0.775,0.10548249999999999,0.13082236370869524,0.012998386649641251
8.64,0.775,0.10557375000000001,0.1309410354223183,0.01301990341619375
8.65,0.775,0.10566874999999999,0.13107070706426768,0.013041404864076261
8.66,0.775,0.10576875000000001,0.13120412056825023,0.013062891088065935
8.67,0.775,0.10586875,0.13134431854544967,0.013084363201288385
8.68,0.775,0.10597124999999999,0.1314846321533331,0.013105825725796591
8.690000000000001,0.775,0.10608125000000002,0.1316320511556183,0.013127274621695753
8.700000000000001,0.775,0.10619125,0.1317836680781987,0.013148710690724359
8.71,0.775,0.1062725,0.1318897389177938,0.013170132028763088
8.72,0.775,0.10635625000000001,0.1319878590766198,0.013191538222926916
8.73,0.775,0.10645125,0.13210959337460002,0.013212931363940878
8.74,0.775,0.1065325,0.13221126417806245,0.013234310479452447
8.75,0.775,0.10662125,0.13232803241548086,0.013255674106522853
8.76,0.775,0.10668,0.13241563343806761,0.013277019928577041
8.77,0.775,0.10676999999999999,0.13252694763289502,0.013298348289025583
8.780000000000001,0.775,0.10683375,0.13259666399908443,0.013319658855952371
8.790000000000001,0.775,0.10692375,0.13271321996818944,0.01334095386828091
8.8,0.775,0.10700875,0.13281632452407693,0.013362236111832102
8.81,0.775,0.10708999999999999,0.1329228449071387,0.013383502766783519
8.82,0.775,0.10716625,0.13302064430115304,0.013404753376865823
8.83,0.775,0.10725750000000002,0.13314387196385014,0.013425988175687206
8.84,0.775,0.10734875,0.13326151886380186,0.013447208141892231
8.85,0.775,0.1074575,0.13340737846966103,0.013468411301440279
8.860000000000001,0.775,0.10753,0.13350487842029007,0.013489600275846152
8.870000000000001,0.775,0.10760875000000002,0.13360416524126367,0.013510772226718957
8.88,0.775,0.10767875,0.1336922174306799,0.013531928188644692
8.89,0.775,0.107755,0.13378599515521936,0.013553069437075469
8.9,0.775,0.10783249999999998,0.1338798667826669,0.01357419339478757
8.91,0.775,0.10790875,0.1339906922364982,0.013595302540895476
8.92,0.775,0.10801,0.13412240462188801,0.013616399729239025
8.93,0.775,0.10808125,0.1342240362122135,0.013637486420382258
8.940000000000001,0.775,0.10816,0.13432690699195587,0.013658559087504036
8.950000000000001,0.775,0.10822375000000001,0.13441219812305755,0.013679616046076235
8.96,0.775,0.108315,0.13451912720151268,0.013700656926810982
8.97,0.775,0.10840625,0.13463995950336788,0.013721683739608942
8.98,0.775,0.10849500000000001,0.13476025661025245,0.013742694500373433
8.99,0.775,0.1085675,0.1348486592316989,0.013763689708923001
9.0,0.775,0.10864374999999998,0.13495534094270922,0.013784668243022427
9.01,0.775,0.108725,0.13505859958807784,0.01380563135775132
9.02,0.775,0.1088275,0.13518923062423155,0.013826579585525849
9.030000000000001,0.775,0.10890875,0.13529324728244546,0.01384751488510498
9.040000000000001,0.775,0.1089875,0.13540193975150155,0.013868433277172148
9.05,0.775,0.10907625,0.1355229282671674,0.013889336107117364
9.06,0.775,0.10915124999999999,0.13563031820224639,0.013910222594241475
9.07,0.775,0.10922375,0.13572629158030394,0.013931090518728989
9.08,0.775,0.10931374999999999,0.13584573450656462,0.013951942321265029
9.09,0.775,0.10940750000000002,0.13596705203962434,0.013972777515106564
9.1,0.775,0.1094875,0.13606724071571263,0.013993598188644023
9.110000000000001,0.775,0.10956624999999999,0.13617414646477044,0.014014402254962439
9.120000000000001,0.775,0.10963374999999999,0.13626347948890835,0.01403518853661775
9.13,0.775,0.10971,0.13636306955925528,0.014055956305372014
9.14,0.775,0.10978500000000001,0.13647361254466858,0.014076704666604557
9.15,0.775,0.10985125,0.13655776210726187,0.014097435574713149
9.16,0.775,0.10993125,0.13665580906877997,0.01411814971748002
9.17,0.775,0.11000875,0.13676462814691887,0.014138849039930242
9.18,0.775,0.11008875,0.1368746354007681,0.014159533262542053
9.190000000000001,0.775,0.1101675,0.13698384483227488,0.01418020255738076
9.200000000000001,0.775,0.11024999999999999,0.1370895593768836,0.014200855429492745
9.21,0.775,0.11033375,0.13721872880664082,0.014221491474745575
9.22,0.775,0.11039499999999998,0.13730551187472587,0.014242111164677239
9.23,0.775,0.11047875,0.13742151696517071,0.014262714816901258
9.24,0.775,0.11056749999999999,0.13753880791937545,0.014283302315553715
9.25,0.775,0.110665,0.13767118459858674,0.014303874498901711
9.26,0.775,0.11074625,0.1377857442588388,0.014324431812666981
9.27,0.775,0.11083,0.13791027395963396,0.014344973902515183
9.280000000000001,0.775,0.11089000000000002,0.1379732540334626,0.014365500865605129
9.290000000000001,0.775,0.11097000000000001,0.13807575276609532,0.014386009866958009
9.3,0.775,0.11104000000000001,0.13816375766492087,0.014406501943697327
9.31,0.775,0.11115125,0.13831349324653164,0.014426976863948195
9.32,0.775,0.11122125000000001,0.13840434893695006,0.014447436762571922
9.33,0.775,0.11129000000000001,0.13850068741147836,0.014467879462768991
9.34,0.775,0.11138874999999998,0.13862622486517356,0.01448830737964766
9.35,0.775,0.11145750000000001,0.13872937218724682,0.01450871985291848
9.360000000000001,0.775,0.11152875,0.13882007106615568,0.014529115867740954
9.370000000000001,0.775,0.11159374999999999,0.13890446638112156,0.014549497004974108
9.38,0.775,0.11166000000000001,0.1389863297774431,0.01456986058611784
9.39,0.775,0.11173124999999999,0.13907960060421512,0.01459020433434087
9.4,0.775,0.11180125,0.1391664424425807,0.014610530987691939
9.41,0.775,0.111855,0.13924040460077017,0.014630840500604455
9.42,0.775,0.11194124999999999,0.13935908549540352,0.014651135147227474
9.43,0.775,0.11201,0.1394386469858727,0.0146714163101878
9.440000000000001,0.775,0.11208749999999998,0.1395412368706471,0.014691680062919214
9.450000000000001,0.775,0.11216374999999999,0.1396419944557838,0.014711927993567799
9.46,0.775,0.11223749999999999,0.13973664730363222,0.01473216060822599
9.47,0.775,0.11232125,0.1398337456732359,0.014752375949623071
9.48,0.775,0.1123875,0.1399240834470622,0.014772575133736705
9.49,0.775,0.11245875,0.14001629564018847,0.014792758002243722
9.5,0.775,0.11253250000000001,0.1401102412425401,0.014812924507710247
9.51,0.775,0.11260500000000001,0.14020441490405602,0.01483307292426837
9.52,0.775,0.1126775,0.1403018249162954,0.014853202817414209
9.530000000000001,0.775,0.11275874999999999,0.14040129530539075,0.014873316967833457
9.540000000000001,0.775,0.11284500000000001,0.14051605503936815,0.01489341753054285
9.55,0.775,0.1129175,0.14061152543302738,0.01491349993258689
9.56,0.775,0.11299374999999999,0.14070967004966534,0.014933567827097562
9.57,0.775,0.11304874999999999,0.14078058172204397,0.014953619985353097
9.58,0.775,0.11312875,0.14088316122356231,0.014973657437065097
9.59,0.775,0.1132075,0.14097911059127272,0.014993682515914899
9.6,0.775,0.11328250000000001,0.14107367964870826,0.015013692927894194
9.610000000000001,0.775,0.11335625,0.14114797681269967,0.015033689333511515
9.620000000000001,0.775,0.11343125000000001,0.14125649236686666,0.01505366941464363
9.63,0.775,0.11350624999999999,0.14134696345860362,0.015073633552916577
9.64,0.775,0.11358499999999999,0.14144512564173906,0.015093581809451634
9.65,0.775,0.11364375,0.14152582739368152,0.015113515061720465
9.66,0.775,0.11372499999999999,0.14162669435839642,0.015133431918997247
9.67,0.775,0.11378,0.14169723383856028,0.01515333262254656
9.68,0.775,0.11385624999999999,0.14180228954185808,0.015173216607378498
9.690000000000001,0.775,0.11391875000000001,0.14189063471010407,0.015193083391761737
9.700000000000001,0.775,0.113975,0.1419641062687348,0.015212933316377223
9.71,0.775,0.114045,0.14205109378675282,0.015232766291551887
9.72,0.775,0.1141075,0.14213006874922474,0.015252581793728182
9.73,0.775,0.11417999999999999,0.14222611017205178,0.015272382909276037
9.74,0.775,0.11424499999999999,0.14230966973410444,0.015292170131758407
9.75,0.775,0.11433249999999999,0.14242875886801562,0.015311940924665783
9.76,0.775,0.11440375,0.14251674251716398,0.015331696450105283
9.770000000000001,0.775,0.11446749999999999,0.14260524987052792,0.015351436455389885
9.780000000000001,0.775,0.114545,0.14270545540343008,0.015371160830729931
9.790000000000001,0.775,0.114605,0.1427658652646702,0.015390868502630982
9.8,0.775,0.11468125000000001,0.14285530303123437,0.01541055877083447
9.81,0.775,0.11474499999999999,0.14293613520651124,0.015430230088964643
9.82,0.775,0.11481,0.14302917132179396,0.01544988404998641
9.83,0.775,0.11488,0.143114004819371,0.015469520645119857
9.84,0.775,0.1149725,0.14322850793465625,0.015489144218191456
9.85,0.775,0.11503875,0.14330988013149262,0.01550875195336205
9.860000000000001,0.775,0.11510999999999999,0.14339486511382477,0.015528344299680403
9.870000000000001,0.775,0.11517749999999999,0.14347660587703828,0.015547921954383741
9.88,0.775,0.115235,0.14355935564695202,0.015567483401569843
9.89,0.775,0.11529375,0.14364163159197163,0.015587027944101238
9.9,0.775,0.11536625,0.14373781541028408,0.015606554417435445
9.91,0.775,0.11543125,0.14381648395381855,0.015626066221452677
9.92,0.775,0.11551374999999998,0.14391672199910324,0.015645564261725413
9.93,0.775,0.11557375,0.1439962212301757,0.015665047915495778
9.940000000000001,0.775,0.1156575,0.1441080334682979,0.01568451703860172
9.950000000000001,0.775,0.1157225,0.14419303806662773,0.015703968934755844
9.96,0.775,0.11581,0.14431050643081547,0.015723404837892967
9.97,0.775,0.11587375,0.14438918113338714,0.015742827234407744
9.98,0.775,0.11595000000000001,0.14448839009308392,0.015762233859731144
9.99,0.775,0.1160475,0.1446043627626511,0.015781624608214376
10.0,0.775,0.11611125,0.14468602110955248,0.015800999152620333
