t,main_mass,main_share_of_strong,main_theta,main_psi,main_f2_at_e1,main_f1_at_e2,main_f1_at_probe,main_f2_at_probe,bridge_mass,bridge_share_of_strong,bridge_theta,bridge_psi,bridge_f2_at_e1,bridge_f1_at_e2,bridge_f1_at_probe,bridge_f2_at_probe,weak_mass,weak_theta,weak_psi,weak_f2_at_e1,weak_f1_at_e2,weak_f1_at_probe,weak_f2_at_probe,probe_e1,probe_e2,main_thetadot_c1,main_psidot_c1,main_thetadot_c2,main_psidot_c2,main_a_dot_probe,main_b_dot_probe_residual
1.0,0.2648655812817285,0.8926108191822275,1.0740018446152013,0.9908730855802561,0.00457283880927896,0.005540728917753099,0.01812369671395209,0.00014063235706679607,0.03186573273526626,0.10738918081777242,8.951382151397459,8.892746593194447,0.004765938272883179,0.004798548063047027,0.0,0.0,0.0016538905488593548,89.71141273405436,89.8816988081962,0.00010401371777186124,-1.338846532547203e-05,0.0,0.0,0.06904526795657964,-0.9963116229057851,-0.05935233309272369,-0.09724102372922032,0.05312302449862628,0.08332468097888245,0.06844580147004076,0.051788458939867964
1.25,0.7353318432608047,0.9159549924329047,1.0254039352275774,0.7974729124821209,0.010217182048490843,0.014136966750365281,0.05094577101244171,0.0003226311995788952,0.06747162343318695,0.08404500756709542,9.125600765200598,8.977123193091023,0.010156022495744549,0.01033085710632096,0.0,0.0,0.0044633514561951545,88.09152582134249,88.82160640501766,0.00027274209969204734,4.1181120524835606e-05,0.0,0.0,0.03622328418541882,-0.9964939341730591,-0.01614708032921297,-0.10551702390727424,0.002923089346974675,0.0813483129320906,0.06929645533772884,0.02234442121301461
1.5,0.876434652256401,0.8956652432962612,0.684265747094074,0.3156415934517724,0.0048123545938658415,0.013357725400038135,0.06591974770976228,-0.00019440979717035142,0.10209461279681574,0.10433475670373883,10.49987574620394,10.337818012193269,0.017391748107088045,0.017680429910787138,0.0,0.0,0.012679306311121658,86.13223281788218,87.63409496851011,0.0009070440183545512,0.0003366924800248104,0.0,0.0,0.02124932222357316,-0.9959769308846483,-0.0015919523424728767,-0.10522219883080644,-0.020783386781181544,0.07417993602623113,0.07523008964801992,0.015756831409567806
1.75,0.8740485158472759,0.8707815736170605,0.16747794584396056,-0.34970016468605797,-0.005341268310220023,0.010122816740759526,0.07357550404181856,-0.0011659079064121147,0.12970321975347304,0.1292184263829394,12.59744457212351,12.507039639806116,0.026005904166252366,0.026210276757933904,0.0,0.0,0.0360508841383953,84.56660577960906,86.65724008492022,0.003045188548893327,0.0014683668629138795,0.0,0.0,0.013593581279881972,-0.9950054292318697,-0.00037583877831370686,-0.10852671454789517,-0.03220635702653165,0.06356879285647132,0.08421245684875553,0.01965716093253894
2.0,0.860941543202586,0.8539969172947868,-0.4698589530781982,-1.2486489168836583,-0.018747039579423093,0.007506112873790157,0.08195636287146639,-0.002677716486198776,0.14719036660547025,0.14600308270521328,15.050446090125805,15.06495552963451,0.03444217848456061,0.03440442878413043,0.0,0.0,0.09761143372752527,83.8579288585887,86.36840719436547,0.00892329526416085,0.004434889855280372,0.0,0.0,0.005212729050992612,-0.9934936000526698,-0.0004141744381102037,-0.1159834928905675,-0.04124223751790362,0.05028422642860095,0.09528032942015195,0.026844408443996368
2.25,0.8562465529570115,0.8496967582925989,-1.158910770774947,-2.416467827304581,-0.03604600208519403,0.005560246421259822,0.09164138225728333,-0.004940699332731667,0.15146183783121936,0.15030324170740075,17.330332603066637,17.45582901435138,0.03993163470019377,0.03959954281560534,0.0,0.0,0.23439606894252574,84.14370258474997,87.05697444988034,0.02048372383733995,0.008481405040035424,0.0,0.0,-0.004472272438687502,-0.9912306088576699,-0.00040570769046363944,-0.12234527330279837,-0.04453524244380948,0.03522331677508565,0.10723350436558551,0.03729463004604228
2.5,0.8607960288539896,0.856319828057969,-1.7662405125324407,-3.7549855315276943,-0.056249508276254315,0.004300026000354652,0.10099936920495928,-0.007871755910954039,0.14443122461995153,0.14368017194203112,19.01086230498024,19.239578077820568,0.04115004919201345,0.04057374514997746,0.0,0.0,0.45941762292836175,84.97836656517963,88.3805182229651,0.03495318098088826,0.007772296797165151,0.0,0.0,-0.0138302553168944,-0.9882995278758863,-0.000258477254933589,-0.11547181590215674,-0.03639621456867268,0.02082921825829542,0.11775727735380194,0.050871656340177755
2.75,0.8699654474671592,0.8665581328145456,-2.149621116287115,-4.991348091154216,-0.07548989579646086,0.0036651533975210083,0.10760743747104427,-0.010776079832072141,0.13396656185060776,0.1334418671854543,19.967148796257984,20.295550411003756,0.03982137532454611,0.039054541165902276,0.0,0.0,0.7015504045757863,85.7273569291497,89.71631463629215,0.04602731519837721,-0.0025046509451652314,0.0,0.0,-0.020438309146595335,-0.9853952000653584,-0.0001538144700970058,-0.08859562987835043,-0.018984885947899578,0.010280327265167227,0.12439443705488773,0.06529608201750668
3.0,0.87823782251715,0.8742303362250236,-2.2735204488776493,-5.88609985496566,-0.08980592873357683,0.0034995819265588946,0.11030437049184265,-0.012840038176730385,0.12634619398979374,0.12576966377497648,20.357845258253136,20.794596970164427,0.038279110549839575,0.03731780260620907,0.0,0.0,0.8690847484173223,86.11971812526015,90.73971162804008,0.05226082105798698,-0.017250087619598623,0.0,0.0,-0.023135239147448167,-0.983331230866692,-0.00021003606246468743,-0.055498353754082505,-0.0019441421120094512,0.004444418018608497,0.12653811270727747,0.07772666927382887
3.25,0.8835214681438861,0.8784290135190872,-2.2019727202742585,-6.433519178081247,-0.09871551099321478,0.0036787113092783775,0.10974430271322103,-0.013900590869774285,0.12227576139478535,0.12157098648091277,20.410010917460273,20.94864198273664,0.03725612454034847,0.03610918033505178,0.0,0.0,0.9531427794118241,86.20226016705196,91.42722785941841,0.05650044906327197,-0.029596863519314946,0.0,0.0,-0.022575178430568735,-0.9822706594797261,-0.00029811625294958154,-0.031705629060193,0.009532818627504958,0.001784510014981941,0.12529904707704678,0.08751044032749776
3.5,0.8858823733672501,0.8797869049793866,-2.0166701930137965,-6.766801644741426,-0.1040976429748239,0.004094088908550608,0.10713130308501287,-0.014266474048893614,0.12104597297817124,0.12021309502061339,20.26881392561775,20.86886907579476,0.03673313812885676,0.03546876466013493,0.0,0.0,0.9886641387850565,86.11497698691636,91.87612580123835,0.060359931944540916,-0.03802647092857114,0.0,0.0,-0.019962184942430475,-0.9819047631954915,-0.00033364112062010936,-0.01904475160790335,0.016048630160861763,0.0006716097832629424,0.12209033218216608,0.09574016258780296
3.75,0.8863836140980046,0.8795388675206545,-1.7706842717803764,-6.9962794374224435,-0.10769210386095884,0.004713641496726706,0.10338840842327193,-0.014253425455530475,0.12139858499530548,0.12046113247934562,20.0183379319528,20.625189515505777,0.036437137301377195,0.035155414996323325,0.0,0.0,1.0027749139624251,85.95473638216735,92.1737036261236,0.0641162292626007,-0.04353986448627642,0.0,0.0,-0.016219284880149093,-0.9819178185752109,-0.0003286670547665125,-0.013191310400500728,0.019438479368486198,0.00021906512033923343,0.11782910854046724,0.10336130462024454
4.0,0.8857149337183443,0.8781569414579335,-1.495546781253533,-7.181342078017323,-0.11046542479879172,0.00551107032297285,0.09907945552076491,-0.014046624311989416,0.12289171949316802,0.12184305854206645,19.73693504533896,20.30171408463379,0.036325490735932914,0.03511885269536291,0.0,0.0,1.0082600680959322,85.78146542378633,92.39136832149904,0.06757092373887261,-0.04742621964010575,0.0,0.0,-0.011910336901476581,-0.9821246114098101,-0.00030934244679291304,-0.010506929481951938,0.021020792556534516,3.627370202974204e-05,0.11306060430490858,0.11080903540282416
4.25,0.8840553347023068,0.8759371076804647,-1.2108018006134071,-7.349624222632816,-0.11285091564096428,0.0064456428012076555,0.09453135743845352,-0.013736885717570257,0.1252127131411504,0.12406289231953527,19.378380555574484,19.860234789817046,0.036243996108434894,0.03519611381707766,0.0,0.0,1.0106059573390636,85.61034438592745,92.55988294734136,0.07075988803765096,-0.050379128061206244,0.0,0.0,-0.007362243372276409,-0.9824343426637328,-0.0002893089221396844,-0.00911869761753445,0.021562470614876574,-3.705803445538144e-05,0.1081233138320671,0.11822040114682712
4.5,0.8816366419304349,0.8730307720588758,-0.9266019018784096,-7.509989576585411,-0.11500513642137529,0.007498309915178676,0.08993434458145544,-0.013368334363335574,0.12822082260230294,0.1269692279411242,18.969132433127598,19.336803876841977,0.03618069930921168,0.03536300290881257,0.0,0.0,1.0117930363985508,85.45104204194952,92.70366668911521,0.0736557259328144,-0.05287018736409003,0.0,0.0,-0.0027652347795857207,-0.9828028873480462,-0.0002727812951533474,-0.008240929835920997,0.02149472482386991,-6.59453096674014e-05,0.10319323328316819,0.12555258690044865
4.75,0.8788092258776873,0.8697514134679266,-0.64743527744372,-7.662820283134517,-0.1169740538694491,0.008670875661505522,0.08540032575781273,-0.01296457389395238,0.13160502843624933,0.13024858653207355,18.547993088617673,18.781159357121663,0.03611247864889079,0.03558129378342616,0.0,0.0,1.0125658571385032,85.30564970849258,92.8354430105427,0.07627753653970884,-0.055142420647010734,0.0,0.0,0.0017687800177216967,-0.9832066416725895,-0.0002600559439056643,-0.007576521693372252,0.021065684698178155,-7.697378267208575e-05,0.09834825417827091,0.1326979766699513
5.0,0.875413589202702,0.8659267095744542,-0.37832444264292586,-7.811754072949989,-0.11878898088577422,0.009929734651470715,0.08099497871997385,-0.012540002860835758,0.13554216435398175,0.13407329042554578,18.099350160822823,18.176140109823063,0.036038369284889536,0.03585935899483483,0.0,0.0,1.0131998506957731,85.17354989890984,92.96154726685769,0.07865754877426674,-0.05731501569548519,0.0,0.0,0.006174123230883344,-0.9836312070023655,-0.0002506005288216843,-0.0070185109490107245,0.02042859184769124,-8.065402469747229e-05,0.09367591243952578,0.13965206464628802
5.25,0.8712677370815748,0.8612742642738621,-0.12244800838617535,-7.959377470330285,-0.12046019049262689,0.0112497096840605,0.0767558411980144,-0.01210437120761414,0.14033538775594512,0.13872573572613794,17.633960061290832,17.528097475142975,0.03600740100481443,0.03626609123959277,0.0,0.0,1.0136808058154372,85.05750557986471,93.0896761753465,0.0807704371024345,-0.05949796830053527,0.0,0.0,0.010413257105248042,-0.9840668333361021,-0.00024367345321312826,-0.006528055726958024,0.01967903772508111,-8.11652746333383e-05,0.08923176467003317,0.1464207525997486
5.5,0.8666892615038028,0.8563006470604289,0.12110616110542896,-8.102588792930858,-0.12198009550078652,0.0126609752862806,0.07270285383566669,-0.011664679985102936,0.14544270929294553,0.143699352939571,17.14506494337737,16.83595296266252,0.03588237406427075,0.03666128672341211,0.0,0.0,1.0142699182007797,84.94766023314536,93.21140472136808,0.08276058866888275,-0.06160057565865146,0.0,0.0,0.014466240982819165,-0.9845065195775939,-0.00023840350689368367,-0.006089415629734698,0.01887341793837723,-8.046494454315291e-05,0.08500013082388136,0.15293011332951856
5.75,0.8614861919537053,0.8506236287531956,0.35086957105758915,-8.243519177761755,-0.12335117601791548,0.014154654852909891,0.06884481036349091,-0.011226076494784045,0.15128392497383822,0.14937637124680436,16.665071493202962,16.12831271259827,0.035769670496712855,0.03717350242695794,0.0,0.0,1.014749814359372,84.85097026890058,93.33654436858,0.08453685481333253,-0.06373907545967045,0.0,0.0,0.018324281115567373,-0.9849451183885852,-0.00023433660153542745,-0.005694754832770494,0.018051518402758517,-7.913334060054126e-05,0.08100685832013595,0.15920724497389835
6.0,0.8558102520282349,0.8445848789091819,0.5677541973442843,-8.380777999836269,-0.12457102687581358,0.015739610309150113,0.06518339725672428,-0.010792358550809091,0.15748074263597336,0.155415121090818,16.170415122056845,15.383877020076854,0.03554155461825629,0.03767937717150388,0.0,0.0,1.0153478412479353,84.7579893505755,93.45541163493776,0.08623479890392396,-0.06579978638481669,0.0,0.0,0.021985691018549386,-0.9853788319229299,-0.00023102012629568557,-0.005338711519885346,0.017236311728465493,-7.754812185700918e-05,0.07723629653006146,0.1652260628278071
