t,tau,ell_loc,hgate_max,hgate_min,R_opnorm_max,min_input_radius,q01_input_radius,density_edge_lo,density_edge_hi,S
0.0,0.0,0.5024748749999959,2.52667725341793e-16,-6.044459954019767e-17,0.5024748749999959,0.014142135623730945,0.014142135623730945,3.217292306642803e-05,3.217292306642803e-05,0.00019999999999999977
0.25,2.25,0.5022599373811817,0.0001321384226529198,-0.000164767188516069,0.5022599373811818,0.014142135623730945,0.014142135623730945,2.9383609883019222e-05,0.0005662555758293579,0.0007155850445285108
0.5,4.5,0.5002117986229268,0.0011720882163067806,-0.0014856476782403062,0.5002117986229269,0.014142135623730945,0.014142135623730945,2.7991807499496282e-05,0.008875442565952735,0.0050346858027918474
0.75,6.75,0.48141889124139975,0.008923881284421826,-0.011147395550895181,0.48141889124139964,0.014142135623730945,0.014142135623730945,2.799884521890636e-05,0.10469780079618538,0.0431266855479631
1.0,9.0,0.35425423907428566,0.05498102900879048,-0.06612890759163507,0.3542542390742855,0.014142135623730945,0.014142135623730945,2.520489670999225e-05,0.5989533963137205,0.29844147703015766
1.25,11.25,0.22866011094298355,0.14484291003430974,-0.15736173323350366,0.22389447924541056,0.014142135623730945,0.014142135623730945,2.381011586797643e-05,1.2710827339823878,0.8073204913945766
1.5,13.5,0.22976759256095586,0.17715639581851372,-0.1804970988116812,0.22152135185746114,0.014142135623730945,0.014142135623730945,2.2414127455901908e-05,1.4809408477740056,0.9912607340472437
1.75,15.75,0.22390677141378776,0.18165890683557015,-0.18282164409306534,0.21584211618542107,0.014142135623730945,0.014142135623730945,2.2419071757299633e-05,1.3634000309977523,1.0398537818990734
2.0,18.0,0.2091443459734212,0.18152154132791595,-0.18259203913826008,0.2019156958179894,0.014142135623730945,0.014142135623730945,2.102217400074149e-05,1.1187498512589042,1.1057938407789314
2.25,20.25,0.177497583113012,0.17455767598765223,-0.17579430008942434,0.17197331256530793,0.014142135623730945,0.014142135623730945,1.8223424354320998e-05,0.9098414154132871,1.2421544448216144
2.5,22.5,0.15363845698821263,0.15320278707478532,-0.15448596219080535,0.12295677059875194,0.014142135623730945,0.014142135623730945,1.8227374752917277e-05,0.7252298638471617,1.464694567373352
2.75,24.75,0.12020217894701092,0.11988317188315495,-0.12097087852777602,0.06991971115698668,0.014142135623730945,0.014142135623730945,1.542692455099667e-05,0.6253627083963862,1.7055319097590096
3.0,27.0,0.09010519217607257,0.08987199265653646,-0.09067556804429738,0.0329357643198536,0.014142135623730945,0.014142135623730945,1.5430480915120572e-05,0.563727148047118,1.8737182098350607
3.25,29.25,0.07092889810065581,0.07075719500810625,-0.07136142249107504,0.014267880855418705,0.014142135623730945,0.014142135623730945,1.4030584875387621e-05,0.5784449511121625,1.9589894507336847
3.5,31.5,0.05981008040598583,0.0596771558925939,-0.060152426236801296,0.006477326141317309,0.014142135623730945,0.014142135623730945,1.4033030569345635e-05,0.6323651010850698,1.9956419204741085
3.75,33.75,0.052737073263879636,0.05262759965882708,-0.05306250356065753,0.005250070679408254,0.014142135623730945,0.014142135623730945,1.4035509331827159e-05,0.6891398113321723,2.0106065531181194
4.0,36.0,0.0476082446008151,0.047512139215201865,-0.04791641404408099,0.004749153850053529,0.014142135623730945,0.014142135623730945,1.26339916650675e-05,0.8039915471718213,2.016916160078349
4.25,38.25,0.04349333964208109,0.043403213763396356,-0.04378252351566426,0.004446076141913525,0.014142135623730945,0.014142135623730945,1.2635938392837123e-05,0.9226149635349531,2.01992346514175
4.5,40.5,0.0399744847375651,0.039897764387963726,-0.04028324222483489,0.0042191827488734,0.014142135623730945,0.014142135623730945,1.2638299825204859e-05,1.0457527965357893,2.0216999804292413
4.75,42.75,0.03694357881441625,0.036873557532539944,-0.03725074419319998,0.004026765725793339,0.014142135623730945,0.014142135623730945,1.1235404031977342e-05,1.229934174941391,2.023029609463217
5.0,45.0,0.0342762363881776,0.03421052035594646,-0.034593956826252596,0.003851584802737861,0.014142135623730945,0.014142135623730945,1.1236833312024772e-05,1.4208782608149026,2.024205120037323
5.25,47.25,0.031940412197016925,0.03187903692114741,-0.03225123436767088,0.003686164907628388,0.014142135623730945,0.014142135623730945,1.1237927138272096e-05,1.6584138868905098,2.0253334636107443
5.5,49.5,0.029856219059690707,0.029801808154301862,-0.030175223185370297,0.003527752874785969,0.014142135623730945,0.014142135623730945,1.12396177841034e-05,1.9056566732804299,2.0264514385966015
5.75,51.75,0.028285873540512887,0.02813322234752092,-0.02892574226349029,0.0033752490476837253,0.014142135623730945,0.014142135623730945,9.835468927147693e-06,2.2235933150584346,2.0275694970336655
6.0,54.0,0.02713350962518006,0.026988810781213516,-0.027796652957601326,0.0032284349657635465,0.014142135623730945,0.014142135623730945,9.836455707201435e-06,2.533988403278027,2.028688417336376
6.25,56.25,0.026026661037646046,0.025887038736657614,-0.026705631789762402,0.003087458726091918,0.014142135623730945,0.014142135623730945,9.838133710035053e-06,2.8798348328475596,2.0298056897043346
6.5,58.5,0.02496541397729876,0.02483366216075752,-0.025655488286978417,0.002952719098682484,0.014142135623730945,0.014142135623730945,9.838660939594173e-06,3.2619204718448627,2.0309179661146928
6.75,60.75,0.02395136665599404,0.02382455703522697,-0.024648385293284066,0.002824180159391002,0.014142135623730945,0.014142135623730945,9.839946699376791e-06,3.6610841103630114,2.032021984881123
7.0,63.0,0.02298487894266891,0.022866138406678713,-0.02368566772150743,0.002702116406687306,0.014142135623730945,0.014142135623730945,8.43472621219653e-06,4.0314098958179425,2.0331148945201316
7.25,65.25,0.022067459588618443,0.021954500434752805,-0.022767847602174124,0.002586378303044208,0.014142135623730945,0.014142135623730945,8.435497830416943e-06,4.439631584893665,2.0341943378876595
7.5,67.5,0.021198348091137527,0.021089036369960772,-0.021894728366924906,0.0024768560119324884,0.014142135623730945,0.014142135623730945,8.43611114528424e-06,4.816189367131397,2.0352584408618686
7.75,69.75,0.02037505549493776,0.020271606076054504,-0.02106552769355266,0.0023733722408660813,0.014142135623730945,0.014142135623730945,8.436567119201049e-06,5.205542170859598,2.0363057649395424
8.0,72.0,0.019594254763207544,0.01949697583485741,-0.02027902848113119,0.0022758295290223923,0.014142135623730945,0.014142135623730945,8.43786902155e-06,5.57988437337974,2.0373352488960643
8.25,74.25,0.01885914317678485,0.01876535569726209,-0.01953370270845029,0.0021839107959129955,0.014142135623730945,0.014142135623730945,8.438034785020717e-06,5.939020810306273,2.0383461503450224
8.5,76.5,0.018163261612566102,0.018072859455593126,-0.018827806215726505,0.0020971542901157205,0.014142135623730945,0.014142135623730945,8.439103768063723e-06,6.280745768503361,2.0393379917661036
8.75,78.75,0.01750554043469392,0.017418731257831107,-0.0181594670967246,0.002015636520746287,0.014142135623730945,0.014142135623730945,7.0329280734071405e-06,6.574111265357458,2.040310512705534
9.0,81.0,0.016884492996945256,0.016801623389922703,-0.017526758248063753,0.0019387443355108598,0.014142135623730945,0.014142135623730945,8.439822293433894e-06,6.868047977696414,2.0412636284948666
9.25,83.25,0.01629806061735007,0.016218869540855795,-0.016927733174418664,0.001866303629352641,0.014142135623730945,0.014142135623730945,8.440557044254152e-06,7.136162524229048,2.0421973951952936
9.5,85.5,0.015743791753654684,0.015668533811207624,-0.016360471478080906,0.0017980585076247974,0.014142135623730945,0.014142135623730945,8.441191117025806e-06,7.376445949724431,2.0431119801877706
9.75,87.75,0.015218991518373,0.015147692424106574,-0.015823106814680674,0.0017337050937399543,0.014142135623730945,0.014142135623730945,8.441725061903654e-06,7.6118623728971775,2.0440076377287935
10.0,90.0,0.014722987867886108,0.01465349001405599,-0.015313835556836242,0.0016729158653528292,0.014142135623730945,0.014142135623730945,8.442160108087573e-06,7.816722021752686,2.0448846887855643
10.25,92.25,0.014254109368964034,0.014188089222070929,-0.014830938386235447,0.0016156595621572144,0.014142135623730945,0.014142135623730945,7.035912783326452e-06,8.01516168694104,2.045743504506508
10.5,94.5,0.013809109293835298,0.013744824072943453,-0.014372782762601493,0.0015614586488859063,0.014142135623730945,0.014142135623730945,7.03612132763719e-06,8.237187344204955,2.0465844927495933
10.75,96.75,0.01338773904693627,0.013327203608967376,-0.013937825596672143,0.0015103293363649367,0.014142135623730945,0.014142135623730945,7.036252215728828e-06,8.452567514615545,2.0474080871623292
11.0,99.0,0.012988702136773651,0.012929749181416867,-0.013524616461520474,0.0014618722754071642,0.014142135623730945,0.014142135623730945,8.444223487905988e-06,8.691366770687344,2.048214738376996
11.25,101.25,0.012609143644695339,0.012551840586199563,-0.013131793617842861,0.0014159643704029395,0.014142135623730945,0.014142135623730945,7.037368129907063e-06,8.924013312417978,2.049004906952633
11.5,103.5,0.01224830970347031,0.012193586151989696,-0.012758083311245578,0.0013724765626992432,0.014142135623730945,0.014142135623730945,8.445421213269211e-06,9.179309814405972,2.04977905775303
11.75,105.75,0.011905336059284835,0.011853417894318723,-0.012402298928235394,0.001331258700564218,0.014142135623730945,0.014142135623730945,7.038248274923088e-06,9.51521529422495,2.0505376555016754
12.0,108.0,0.011579460282647157,0.01152951189817192,-0.01206332848228698,0.0012921127399964385,0.014142135623730945,0.014142135623730945,8.446338525599243e-06,9.843638240837434,2.0512811612982507
12.25,110.25,0.011269128007494442,0.011220909228788769,-0.011740139810893445,0.0012549600319025022,0.014142135623730945,0.014142135623730945,7.038897973917338e-06,10.222766566949796,2.0520100299189665
12.5,112.5,0.010973852126156175,0.010926614707850007,-0.011431771395118352,0.0012196312413117016,0.014142135623730945,0.014142135623730945,7.039724973591928e-06,10.65153301715667,2.0527247077540944
12.75,114.75,0.010692392370234111,0.010645790742197826,-0.011137328219134369,0.0011859891350789655,0.014142135623730945,0.014142135623730945,7.039325995448158e-06,11.069665365757192,2.05342563126166
13.0,117.0,0.010423688653592486,0.010378909159122674,-0.01085597754547417,0.0011539033898511815,0.014142135623730945,0.014142135623730945,7.040055233150257e-06,11.47574429224433,2.0541132258392305
13.25,119.25,0.01016669148778105,0.010123721148208628,-0.010586944731210635,0.0011233458591812938,0.014142135623730945,0.014142135623730945,7.0407481238534394e-06,11.897283863970701,2.054787905031475
13.5,121.5,0.009920372487898097,0.009879190814206403,-0.010329509171572975,0.0010942214613993467,0.014142135623730945,0.014142135623730945,7.040178565698908e-06,12.216377477275138,2.055450070008494
13.75,123.75,0.009685571358068456,0.009644448816388382,-0.010083000412386103,0.0010663256236570673,0.014142135623730945,0.014142135623730945,7.0407776650634895e-06,12.519180812323501,2.0561001092583715
14.0,126.0,0.009461074234189222,0.00942175969162724,-0.0098467944713177,0.0010397904885895693,0.014142135623730945,0.014142135623730945,7.041340957390017e-06,12.718908241156369,2.056738398453429
14.25,128.25,0.009244622847616728,0.009207077120047723,-0.009620310384565001,0.0010143039863675625,0.014142135623730945,0.014142135623730945,7.041868463076151e-06,12.872742537665495,2.0573653004497148
14.5,130.5,0.009038865606615877,0.009001490285782341,-0.00940300696926873,0.0009900166622334662,0.014142135623730945,0.014142135623730945,7.042360305332174e-06,12.897033819865833,2.0579811653933233
14.75,132.75,0.008840150926937204,0.008804533464546342,-0.009194379817329321,0.0009666928012765508,0.014142135623730945,0.014142135623730945,7.042816701290075e-06,12.878857065889306,2.058586330908545
15.0,135.0,0.00865033199683684,0.008614939836494855,-0.008993958499314784,0.0009443475436150211,0.014142135623730945,0.014142135623730945,7.043237953244585e-06,12.789980569414704,2.059181122348334
15.25,137.25,0.00846690582502285,0.00843324385695808,-0.008801303976467513,0.0009229553906985219,0.014142135623730945,0.014142135623730945,7.0436244401529025e-06,12.636682329021177,2.0597658530915917
15.5,139.5,0.008291906292990616,0.008258514728021278,-0.008616006201932412,0.0009023889686473357,0.014142135623730945,0.014142135623730945,7.043976609480232e-06,12.474633641813801,2.060340824874334
15.75,141.75,0.00812206035762325,0.008089694834591854,-0.008437681906529272,0.0008826152004380414,0.014142135623730945,0.014142135623730945,7.044294969466038e-06,12.250243207579949,2.060906328144915
16.0,144.0,0.007960009813840648,0.007928612041673286,-0.008265972542390925,0.0008636803700755319,0.014142135623730945,0.014142135623730945,7.044580081848567e-06,11.994631440355823,2.0614626424338893
16.25,146.25,0.007803468412366317,0.007772392605357794,-0.008100543904031282,0.000845459176787705,0.014142135623730945,0.014142135623730945,7.044832555081558e-06,11.709946963557796,2.0620100367343754
16.5,148.5,0.007651730736388997,0.0076217357247242625,-0.007941080830423474,0.0008279166000613841,0.014142135623730945,0.014142135623730945,7.04505303804517e-06,11.423008792607392,2.0625487698839917
16.75,150.75,0.007506648858049075,0.00747756245213174,-0.007787289168836187,0.000811022225098114,0.014142135623730945,0.014142135623730945,7.04524221425585e-06,11.137892005552686,2.0630790909480217
17.0,153.0,0.0073665675041231496,0.007337839525053298,-0.007638892322153277,0.0007947463458883216,0.014142135623730945,0.014142135623730945,7.045400796558504e-06,10.801437618383854,2.063601239598196
17.25,155.25,0.007230846529334127,0.007202488802663469,-0.007495631942903744,0.0007790601226866723,0.014142135623730945,0.014142135623730945,7.045529522283693e-06,10.497032464379686,2.064115446484996
17.5,157.5,0.007099398750982679,0.007071871663046452,-0.007357263107964128,0.0007639356913461225,0.014142135623730945,0.014142135623730945,7.045629148845999e-06,10.194712606594951,2.0646219336024965
17.75,159.75,0.006972927538481136,0.006946527979666871,-0.00722355668998763,0.0007493462359574808,0.014142135623730945,0.014142135623730945,7.045700449759894e-06,9.895095487301178,2.0651209146430456
18.0,162.0,0.00685107643696378,0.0068250661236703035,-0.007094296728517725,0.0007352660316826113,0.014142135623730945,0.014142135623730945,5.637151012004104e-06,9.576450192330896,2.0656125953419298
18.25,164.25,0.006732995312040193,0.006707381965959146,-0.006969279394478273,0.0007216704564254644,0.014142135623730945,0.014142135623730945,7.047189025410846e-06,9.287807500447496,2.066097173810148
18.5,166.5,0.0066185757263723674,0.0065933663127941584,-0.00684831395493555,0.0007085359983385322,0.014142135623730945,0.014142135623730945,7.047181696316926e-06,9.007020724956387,2.0665748408564757
18.75,168.75,0.00650770474337806,0.0064829054700047085,-0.00673121771671679,0.0006958402401989465,0.014142135623730945,0.014142135623730945,7.047148506264045e-06,8.70618182570811,2.067045780296083
19.0,171.0,0.00640026676095785,0.006375883083832412,-0.006617820839066526,0.000683561836558801,0.014142135623730945,0.014142135623730945,7.047090285770802e-06,8.43548922686873,2.067510169248525
19.25,173.25,0.006296142435839749,0.0062721790611407644,-0.0065079604101217865,0.0006716804852252608,0.014142135623730945,0.014142135623730945,5.63817819163285e-06,8.170107071985774,2.0679681784230537
19.5,175.5,0.006195211107827497,0.00617167200298167,-0.006401483785840443,0.000660176892730693,0.014142135623730945,0.014142135623730945,7.048367541624603e-06,7.913856344500762,2.0684199723916956
19.75,177.75,0.0060973512298895215,0.00607423963650041,-0.006298245977218292,0.0006490327360566942,0.014142135623730945,0.014142135623730945,7.04823740288273e-06,7.6597553629384825,2.0688657098516536
20.0,180.0,0.0060024397764106025,0.005979758221333669,-0.006198109014273134,0.0006382306251586965,0.014142135623730945,0.014142135623730945,5.639052366486043e-06,7.434600008239539,2.0693055438753563
