index,time,phi_deg,spread_q05_deg,spread_q50_deg,spread_q95_deg,spread_90_width_deg
106,1.06,32.85647696032618,-16.263878366401883,1.9062816573993473,65.32690521605343,81.59078358245532
107,1.07,32.570713359806746,-16.097995512824525,2.0147329499103535,65.45022472787952,81.54822024070404
108,1.08,32.327546014904456,-15.959959553425705,2.106750548752899,65.53394648883881,81.49390604226451
109,1.09,32.12670943788332,-15.849574813320743,2.18275963270176,65.57822783092615,81.4278026442469
110,1.1,31.967901963064996,-15.766631196507717,2.243144936071161,65.58336342512689,81.34999462163461
111,1.11,31.850791961488483,-15.710910308966419,2.2882442590563983,65.54959730669805,81.26050761566447
112,1.12,31.77501853257066,-15.682185739692613,2.318348341411422,65.47716486911963,81.15935060881225
113,1.1300000000000001,31.740200204810908,-15.680231054408267,2.3336935460156383,65.36634613815087,81.04657719255914
114,1.1400000000000001,31.745933211762694,-15.704817087651719,2.334465758425182,65.21761705441719,80.92243414206891
115,1.1500000000000001,31.7917959159154,-15.755715153709872,2.3207988570204634,65.03121685940346,80.78693201311333
116,1.1600000000000001,31.87734747879871,-15.832694233808553,2.292779643994635,64.80761913611494,80.64031336992349
117,1.1700000000000002,32.00213170198707,-15.935523112983873,2.2504482101985843,64.54722592837993,80.4827490413638
118,1.1800000000000002,32.165674834614215,-16.063966361043924,2.193804801298114,64.25035900964383,80.31432537068775
119,1.19,32.367486721949355,-16.217783549225544,2.122813721093735,63.91759391094459,80.13537746017013
120,1.2,32.60705867664017,-16.396725077688302,2.0374108173477623,63.549287670074136,79.94601274776244
121,1.21,32.883862672921765,-16.60052932671178,1.9375097873513027,63.1460158853738,79.74654521208558
122,1.22,33.197347033424556,-16.828916292877153,2.4745157791092254,62.70816346493754,79.5370797578147
123,1.23,33.546936776616775,-17.081585958604876,2.348200645440727,62.236159341915595,79.31774530052047
124,1.24,33.93202588124698,-17.358208609180934,2.207231866313748,61.73073071755181,79.08893932673274
125,1.25,34.35197819533946,-17.658423979101258,2.0515018812408528,61.192328804581365,78.85075278368262
126,1.26,34.806122023696005,-17.981834153395823,1.8809230914816624,60.62152591910126,78.60336007249708
127,1.27,35.29374355309171,-18.327995448709373,1.6954391931730015,60.01897680613513,78.3469722548445
128,1.28,35.81408229307392,-18.696412569731763,1.4950340609644286,59.38534190743778,78.08175447716954
129,1.29,36.36632636794129,-19.08653274682638,1.2797404139309663,60.32054841951208,79.40708116633846
130,1.3,36.94961266866937,-19.49774492688732,1.0496431984902017,59.60118046505295,79.09892539194027
131,1.31,37.56301502693849,-19.929367013622084,1.0339384070036317,58.85395211170308,78.78331912532516
132,1.32,38.20554263786156,-20.380643661217135,0.775900022286379,58.07999910398783,78.46064276520497
133,1.33,38.87613843521339,-20.8507442347273,0.5037219598004015,57.280195809895446,78.13094004462275
134,1.34,39.57367224788054,-21.338755689468627,0.21778153316563476,56.45575678329408,77.7945124727627
135,1.35,40.296939055140314,-21.84368049795333,-0.08145598056762537,55.607684522366526,77.45136502031986
136,1.36,41.044648226343064,-22.36442579790247,-0.3934252006028487,54.737101843508526,77.101527641411
137,1.37,41.815438476266785,-22.899818433850697,3.0143350453288065,53.870256518801625,76.77007495265232
138,1.3800000000000001,42.60787785448073,-23.448605074238742,2.690256336284506,52.95854118400803,76.40714625824677
139,1.3900000000000001,43.42045950331027,-24.00944820939091,2.354805560444504,52.028522527979106,76.03797073737002
140,1.4000000000000001,44.25160425383507,-24.58092899987477,2.008833271721926,51.08164578896873,75.6625747888435
141,1.4100000000000001,45.09966549860478,-25.16155252411542,1.6532802213035893,50.119557714865266,75.28111023898069
142,1.4200000000000002,45.96292841151469,-25.749747472657504,5.763411484663976,49.14385398204908,74.89360145470658
143,1.4300000000000002,46.839632467342156,-26.343889097896835,5.388034051984221,48.15632793767537,74.5002170355722
144,1.4400000000000002,47.72796327162517,-26.94229152924038,5.004891267492496,47.35101511234268,74.29330664158306
145,1.4500000000000002,48.626077191196764,-27.543232899403137,4.615190491566295,46.34247241638511,73.88570531578824
146,1.46,49.53210795853301,-28.14496252251405,32.63466705249576,45.32765043414909,73.47261295666314
147,1.47,50.44417346545951,-28.745708230355405,31.91785605016284,44.30847581960006,73.05418404995547
148,1.48,51.36039714110272,-29.343698292391565,31.194606597338066,43.28699080929272,72.63068910168428
149,1.49,52.27890631044423,-29.937160355082483,36.14541193706836,42.264675449135325,72.20183580421781
150,1.5,53.197860168644105,-30.52434999617344,35.254402764292024,41.243544717811744,71.76789471398519
151,1.51,54.115443204275465,-31.103544676149966,34.363786613762045,40.225157723566724,71.32870239971669
152,1.52,55.02989699150587,-31.673076102477324,33.47508858845606,40.04230565125434,71.71538175373166
153,1.53,55.93952267693205,-32.231333312900006,32.61566199611133,39.022649484591,71.253982797491
154,1.54,56.842693608207554,-32.77677586137392,31.735886358143603,38.01111634773747,70.78789220911139
155,1.55,57.73786187224226,-33.307940850176664,30.86324664141702,37.00927785754942,70.31721870772608
156,1.56,58.62355927814276,-33.82344436532003,30.696118439798,36.01878979055459,69.84223415587462
157,1.57,59.498396962646574,-34.32198166128239,29.819388773677787,35.04061701670423,69.36259867798663
158,1.58,60.36111866473074,-34.802380816650896,28.9548335469986,34.07621732239622,68.87859813904711
159,1.59,61.210574189411865,-35.26357669910254,28.10365827718263,33.12645961519965,68.3900363143022
160,1.6,62.04571906387307,-35.70461111802618,27.338476738496354,32.192428642261376,67.89703976028756
161,1.61,62.8656095212335,-36.12462818100474,26.5147361657163,31.44286145438116,67.5674896353859
162,1.62,63.66940290843238,-36.522875172691386,25.707225680613533,30.54067865722422,67.0635538299156
163,1.6300000000000001,64.45637328585416,-36.89871853213248,24.91667167765428,29.65652393189029,66.55524246402277
164,1.6400000000000001,65.22591566073436,-37.25164829649009,24.14367764233282,28.791389723105226,66.04303801959531
165,1.6500000000000001,65.97753802773116,-37.58127062246248,23.571735118879587,27.945611766989032,65.52688238945152
166,1.6600000000000001,66.71081098229827,-37.88725780605478,22.82966566102141,27.119639348512322,65.0068971545671
167,1.6700000000000002,67.42541133683308,-38.169392074799276,22.106541241027912,26.31373278759233,64.4831248623916
168,1.6800000000000002,68.12111484920156,-38.42755865952009,21.40262589673702,25.528065738613634,63.95562439813372
169,1.6900000000000002,68.7977578407005,-38.661707601945864,20.71810776044981,24.76269141956476,63.424399021510624
170,1.7000000000000002,69.45528868533873,-38.87190553246711,20.053056627166626,24.017699086074117,62.88960461854123
171,1.7100000000000002,70.09370894079295,-39.058277092499196,19.425625500570504,23.293133703419414,62.35141079591861
172,1.72,70.71309961243969,-39.221031195018554,18.79873545786984,22.588934199599805,61.80996539461836
173,1.73,71.31358270323851,-39.36042282343891,18.19106253767626,21.905031334634145,61.265454158073055
174,1.74,71.89533180182052,-39.476763850071364,17.602387272801423,21.337231825843162,60.813995675914526
175,1.75,72.45859315827096,-39.57044398460519,17.032532513842682,20.691718964349377,60.26216294895457
176,1.76,73.00362438908073,-39.641869611179345,16.4811306400739,20.065645822795886,59.70751543397523
177,1.77,73.53072735638035,-39.69149674018445,15.947928386590377,19.45885907038013,59.15035581056458
178,1.78,74.04028019658101,-39.71986319450792,15.533909452252402,18.87103432030824,58.59089751481616
179,1.79,74.53263134038967,-32.66991737769291,15.032966174992168,18.301588793892677,50.97150617158559
180,1.8,75.0081851833232,-32.61206568409017,14.549275914001782,17.750191460642668,50.36225714473284
181,1.81,75.46734529473186,-32.536646602656276,14.082325167561578,17.216446848553744,49.75309345121002
182,1.82,75.91055773822508,-32.44434487371606,13.631694168123715,16.70000530173141,49.14435017544747
183,1.83,76.33825555995158,-32.33583352598254,13.196870204312404,16.20045736996542,48.53629089594796
184,1.84,76.75087102391888,-32.2117857871512,12.777480797960209,15.717209741337797,47.928995528489
185,1.85,77.14887818499496,-32.07291731029031,12.373015370528236,15.249762779474963,47.32268008976527
186,1.86,77.53272289211716,-31.919915714813357,11.983093085616446,14.797765313100683,46.71768102791404
187,1.87,77.9028607817048,-31.753478181215996,11.653462270293886,14.360808821057674,46.11428700227367
188,1.8800000000000001,78.25972266987294,-31.574276501283293,11.2897833841389,13.938374437932282,45.512650939215575
189,1.8900000000000001,78.60378475596164,-31.38302694035525,10.939281414632376,13.53000812670075,44.913035067056
190,1.9000000000000001,78.935488019984,-31.180409127667502,10.601421468464366,13.135222100086594,44.315631227754096
191,1.9100000000000001,79.2552660247266,-30.967093459319244,10.275846936227026,12.75360839749024,43.720701856809484
192,1.9200000000000002,79.56354178634321,-30.743737498782025,9.962095875479179,12.384715773379867,43.12845327216189
193,1.9300000000000002,79.8607366785371,-30.51099462150023,9.659749728357156,12.028146546869351,42.53914116836958
194,1.9400000000000002,80.14726148799828,-30.269504666541792,9.368450642228083,11.6834862863397,41.95299095288149
195,1.9500000000000002,80.4235226536029,-30.019899700524945,9.087758953509734,11.35034083093285,41.370240531457796
196,1.9600000000000002,80.6898962677833,-29.76277769276095,8.81726007629834,11.028346570729411,40.79112426349036
197,1.9700000000000002,80.9467467707804,-29.498720787740098,8.556550077245788,10.729961391537529,40.22868217927763
198,1.9800000000000002,81.19445798922357,-29.228326144222905,8.305264050176277,10.428893622375142,39.65721976659805
199,1.99,81.43339703110874,-28.95216949913103,8.063056098122843,10.137842887798485,39.090012386929516
200,2.0,81.66390831704844,-28.670798780929374,7.82959421663648,9.856457232680668,38.52725601361004
201,2.0100000000000002,81.88631673142594,-28.38473701288808,7.604481369554719,9.584409521568318,37.9691465344564
202,2.02,82.10094351524512,-28.094497888070777,7.4301708396174035,9.32137402710984,37.41587191518062
203,2.0300000000000002,82.30810435364899,-27.800583631446415,7.219581248429449,9.067027470785206,36.86761110223162
204,2.04,82.50809322126179,-27.503468603479348,7.016446465378152,8.821064736327315,36.32453333980666
205,2.0500000000000003,82.70119579245915,-27.203612534399525,6.820495191141333,8.583168055112935,35.78678058951246
206,2.06,82.88768994173184,-26.901460807730786,6.63148712968615,8.353092918490233,35.25455372622102
207,2.0700000000000003,83.06783296150418,-26.597431519070255,6.449128956549771,8.130547888439878,34.727979407510134
208,2.08,83.24188045736302,-26.291934226832865,6.273117708738425,7.915297179577493,34.20723140641036
209,2.0900000000000003,83.41007075116292,-25.985354244046363,6.103270711846676,7.707062716554162,33.692416960600525
210,2.1,83.572641563415,-25.678069166893295,5.93935196304011,7.505581714477557,33.18365088137085
211,2.1100000000000003,83.72982163372451,-25.37044052235882,5.781066758696227,7.31063515712097,32.68107567947979
212,2.12,83.88182715140191,-25.062810062620116,5.628193094428639,7.121970377806917,32.18478044042703
213,2.13,84.02886900303805,-24.755506986595634,5.480516747094384,6.93933823757078,31.694845224166414
214,2.14,84.17113195223915,-24.448827115591314,5.337849502606787,6.762584459810114,31.211411575401428
215,2.15,84.30881397536946,-24.1430721678704,5.199989793019512,6.591479269838459,30.73455143770886
216,2.16,84.44209554476852,-20.816109353649836,5.066753384786125,6.425828830572755,27.24193818422259
217,2.17,84.57115726387624,-20.53482458860981,4.93795572314491,6.265480183145655,26.800304771755464
218,2.18,84.69615224493597,-20.255506502538367,4.813439598531318,6.1102060195867125,26.36571252212508
219,2.19,84.81722371355191,-19.978338699025755,4.693057577996996,5.959934243582808,25.938272942608563
220,2.2,84.93454126808211,-19.70352498746476,4.576635655168843,5.8144123789574,25.51793736642216
221,2.21,85.04824631056152,-19.431234951180727,4.464027812959358,5.673459375602647,25.104694326783374
222,2.22,85.15846734018226,-19.161619359669714,4.355091445821529,5.5369439903503235,24.698563350020038
223,2.23,85.2653261628133,-18.894816587567277,4.249650367130499,5.4046350199793665,24.299451607546644
224,2.24,85.36895647691921,-18.630971326547865,4.147574289673912,5.276395800344574,23.90736712689244
225,2.25,85.46948600961362,-18.37021701791761,4.0487811313528255,5.1521435732889245,23.522360591206535
226,2.2600000000000002,85.56704274501675,-18.1126823000385,3.9531387931195923,5.031706121983461,23.14438842202196
227,2.27,85.6617194671543,-17.85845559684782,3.8604774675388853,4.914945212087787,22.773400808935605
228,2.2800000000000002,85.7536079354118,-17.607619448901232,3.7707229995713476,4.8019088892508535,22.409528338152086
229,2.29,85.84281788863963,-17.360269792086115,3.6837934794530725,4.692362468556041,22.052632260642156
230,2.3000000000000003,85.92943393174188,-17.11647304754399,3.599587671232939,4.586099174699314,21.702572222243305
231,2.31,86.0135419693346,-16.87629255238093,3.518037287238144,4.483118899735302,21.359411452116234
232,2.3200000000000003,86.09522714145801,-16.639786871094486,3.4390119914305615,4.383273360334556,21.023060231429042
233,2.33,86.1745734468228,-16.407009570040657,3.3624543390637314,4.286506704862177,20.693516274902834
234,2.3400000000000003,86.25164684091261,-16.17799249530583,3.2882273984283756,4.192700398318124,20.370692893623954
235,2.35,86.3265010580297,-15.952751503424537,3.216343810165398,4.101823071033351,20.054574574457888
236,2.3600000000000003,86.39920689558703,-15.731315958333084,3.146725316341474,4.0137349542623895,19.745050912595474
237,2.37,86.46986442805274,-15.513741645278742,3.079255472859927,3.9283791102583905,19.442120755537132
238,2.38,86.5385204450005,-15.300028145048742,3.0138317335309353,3.845747033348431,19.145775178397173
239,2.39,86.60523622056581,-15.090186607724064,2.9555756152798267,3.76566507967226,18.855851687396324
240,2.4,86.67006174101826,-14.88421418110596,2.8939863632336085,3.688045577275659,18.57225975838162
241,2.41,86.73304984289295,-14.68210808965992,2.8342452946939716,3.612794810979011,18.29490290063893
242,2.42,86.79424025681445,-14.483850195385969,2.7763169363284703,3.539878583575728,18.023728778961697
243,2.43,86.85369679921004,-14.289444066803014,2.720139534168652,3.46927516561675,17.758719232419764
244,2.44,86.91148328329862,-14.098891558338778,2.6656732913435235,3.4008353996565575,17.499726957995335
245,2.45,86.96764779488846,-13.912177125871438,2.6128520061657525,3.334506988629215,17.246684114500653
246,2.46,87.02220635391245,-13.729251048591152,2.561651233630357,3.2703096971517027,16.999560745742855
247,2.47,87.07519070456881,-13.550077149578442,2.5120590134949907,3.208176367051351,16.758253516629793
248,2.48,87.12666438320088,-13.374649902427166,2.464000784363293,3.147925296120576,16.52257519854774
249,2.49,87.17666499929994,-13.202936568285907,2.417400602903058,3.0895752146092264,16.292511782895133
250,2.5,87.22520294049309,-13.034875785740297,2.372234277609948,3.033067631205995,16.067943416946292
251,2.5100000000000002,87.27233927420012,-12.870455528284452,2.3284397138750705,2.9783143727353263,15.848769901019779
252,2.52,87.3180991570915,-12.709627128183342,2.2859711706757935,2.925290109402681,15.634917237586023
253,2.5300000000000002,87.36250695317044,-12.552339936848199,2.2447858844330426,2.873916424824131,15.42625636167233
254,2.54,87.40560537967309,-12.398560795928631,2.2048536930416276,2.824162147258619,15.22272294318725
255,2.5500000000000003,87.44741043969682,-12.248229339092035,2.166155478068532,2.7760172629713793,15.024246602063414
256,2.56,87.4879603790858,-12.10130667186968,2.1285932454373437,2.729415163250451,14.83072183512013
257,2.5700000000000003,87.52725360141133,-11.957713236207383,2.0922159782102767,2.6843304007693973,14.64204363697678
258,2.58,87.56532407471161,-11.817404300937028,2.056998691386042,2.64068440212651,14.458088703063538
259,2.5900000000000003,87.6022105341203,-11.680339879725182,2.022900753630921,2.598425146716181,14.278765026441363
260,2.6,87.63791552073408,-11.546443405689331,1.9899045724206985,2.5575590826379084,14.10400248832724
261,2.6100000000000003,87.67247463119438,-11.415670919397428,1.9579580103937246,2.5180589062075,13.933729825604928
262,2.62,87.70593854821396,-11.287994177568464,1.9269939741726887,2.479836344676528,13.767830522244992
263,2.6300000000000003,87.73832246739978,-11.163349674927389,1.896981477404438,2.4428447075887902,13.606194382516179
264,2.64,87.76963484688996,-11.041666944652718,1.8679200124632303,2.4070681918655055,13.448735136518223
265,2.65,87.79990927530062,-10.922900699418733,1.8397677457649024,2.3724642986561832,13.295364998074916
266,2.66,87.8291683602932,-10.80699526644699,1.8125142846273548,2.339003968297959,13.145999234744949
267,2.67,87.85741097177599,-10.69387106543752,1.78615378880545,2.3066467002474837,13.000517765685004
268,2.68,87.88468847428706,-10.583501551431254,1.7606281331742935,2.275352308823301,12.858853860254555
269,2.69,87.91102618827631,-10.475835274827148,1.7359052265411776,2.2450848192007697,12.720920094027917
270,2.7,87.93644657127228,-10.370818540053733,1.7119560968579322,2.2158225612381273,12.58664110129186
271,2.71,87.96096667345418,-10.268392668424553,1.6887502001998769,2.1875175368285795,12.455910205253133
272,2.72,87.98460248988917,-10.168498459887019,1.666264146863341,2.1601268726172123,12.328625332504231
273,2.73,88.00737371587917,-10.071080992171176,1.6444822123882545,2.1336191683257084,12.204700160496884
274,2.74,88.02928956595807,-9.976075394841189,1.6233900247914903,2.107992831533892,12.08406822637508
275,2.75,88.0503757981815,-9.883433988890744,1.6029570391017103,2.0832159175434413,11.966649906434185
276,2.7600000000000002,88.07064337922077,-9.79309522611419,1.5831628862812863,2.059258243217755,11.852353469331945
277,2.77,88.09009769834732,-9.704992427604424,1.563993096487991,2.0361093757405797,11.741101803345003
278,2.7800000000000002,88.10876133230265,-9.619076698138883,1.545432094160617,2.0137329566019844,11.632809654740868
279,2.79,88.12666581166388,-9.535309497546649,1.5274448517867256,1.9920822071637758,11.527391704710425
280,2.8000000000000003,88.14383110543741,-9.453641854159997,1.5100081432536285,1.9711281938671448,11.424770048027142
281,2.81,88.16025984915112,-9.374008303458425,1.4931236712788234,1.9508742866751732,11.324882590133598
282,2.8200000000000003,88.17596227775357,-9.296351398048103,1.4767764069854366,1.9313076206827304,11.227659018730833
283,2.83,88.19096189593338,-9.22062810993691,1.4609354316706344,1.9124005100792658,11.133028620016177
284,2.8400000000000003,88.20528474602045,-9.146799145327066,1.4455728823258198,1.894106994578408,11.040906139905474
285,2.85,88.21894095909255,-9.07481053601731,1.4306770315748736,1.876407642764434,10.951218178781744
286,2.8600000000000003,88.23193633049486,-9.004604639373895,1.4162468289299852,1.8592960025945615,10.863900641968456
287,2.87,88.24428667190537,-8.936134760710104,1.4022624466441016,1.8427524299837046,10.778887190693808
288,2.8800000000000003,88.25600786779282,-8.869355345563974,1.3887044651568488,1.8267529506768199,10.696108296240794
289,2.89,88.2671168292664,-8.804222941864282,1.375555817726024,1.8112764359385665,10.615499377802848
290,2.9000000000000004,88.27762692390976,-8.740691646738526,1.3628032650742057,1.7963066409693624,10.536998287707888
291,2.91,88.28755343878733,-8.678718705034271,1.3504318789994159,1.7818256921588613,10.460544397193132
292,2.92,88.29691213253399,-8.618262803761382,1.3384312242871488,1.7678156122436235,10.386078416005006
293,2.93,88.3057153689188,-8.55928036088261,1.3267908350273103,1.7542621082725702,10.31354246915518
294,2.94,88.31397797827802,-8.501731433153452,1.3155010823327302,1.7411530770290256,10.242884510182478
295,2.95,88.3217077641646,-8.445569838090194,1.304548338124306,1.728482911407724,10.174052749497918
296,2.96,88.32891158330573,-8.390749534177246,1.2939263933579355,1.716234060035788,10.106983594213034
297,2.97,88.3356065483362,-8.337235578753223,1.283616463645501,1.7043888557551554,10.041624434508378
298,2.98,88.34180872413485,-8.284993386360384,1.2736066209066337,1.692930937247496,9.97792432360788
299,2.99,88.34752865601175,-8.233983934218315,1.2638937314932832,1.681850834730767,9.915834768949082
300,3.0,88.35277055651628,-8.184162692145094,1.2544751044849534,1.6711438423860159,9.85530653453111
301,3.0100000000000002,88.3575494844744,-8.13549693469804,1.2453349428182037,1.6607944664729928,9.796291401171032
302,3.02,88.36187600255901,-8.087950557932658,1.2364663219700844,1.6507916062436152,9.738742164176273
303,3.0300000000000002,88.36577252143537,-8.041500477446561,1.2278462808021402,1.6411123245542,9.682612802000762
304,3.04,88.36924462872157,-7.996107963648399,1.219471783215397,1.6317496769318893,9.627857640580288
305,3.0500000000000003,88.37230627799029,-7.951743584471302,1.2113297890469426,1.6226894719239624,9.574433056395264
306,3.06,88.37496892228783,-7.908376489896568,1.203411543352047,1.613920116939795,9.522296606836363
307,3.0700000000000003,88.37724002828959,-7.865972756502401,1.1957138082372012,1.605436918688838,9.47140967519124
308,3.08,88.37913344214206,-7.824505895950324,1.1882255066782363,1.597226834798164,9.421732730748488
309,3.0900000000000003,88.38065624620093,-7.783943625076347,1.180942251700401,1.5892846937084357,9.373228318784783
310,3.1,88.38181028926773,-7.7442490851285015,1.1738641670846164,1.5816060566828583,9.32585514181136
311,3.1100000000000003,88.38260917443537,-7.705398068314423,1.1669818953924391,1.5741830964302608,9.279581164744684
312,3.12,88.38306343928414,-7.66736436311362,1.1602869343951738,1.5670031554536195,9.23436751856724
313,3.1300000000000003,88.38318179658144,-7.630120826841477,1.1537765473469221,1.5600553601768752,9.190176187018352
314,3.14,88.38297947323696,-7.593647905795649,1.147436388931851,1.5533266542391289,9.146974560034778
315,3.1500000000000004,88.382463240577,-7.557918466363276,1.1412644439110409,1.5468185935397116,9.104737059902988
316,3.16,88.38164003374223,-7.522906380303652,1.1352547864212283,1.5405260379356776,9.06343241823933
317,3.1700000000000004,88.3805208712875,-7.488590413174734,1.1293983949720143,1.5344357069358807,9.023026120110615
318,3.18,88.37911326215921,-7.454946718054714,1.1236951481776032,1.5285503486080643,8.983497066662778
319,3.19,88.37743268826208,-7.421960362800007,1.1181325585101831,1.522854791268628,8.944815154068635
320,3.2,88.37548854458035,-7.38961134359738,1.1127037812185563,1.5173362097361007,8.906947553333481
321,3.21,88.37328524410083,-7.357875390796494,1.1074132492869921,1.511981916279808,8.869857307076302
322,3.22,88.37083522761799,-7.326737053647264,1.1022488255839562,1.506785259373089,8.833522313020353
323,3.23,88.36814649026121,-7.296177339681378,1.0972071006148099,1.5017504818209204,8.797927821502299
324,3.24,88.3652257397003,-7.266176718785573,1.092284837844005,1.4968787952296907,8.763055514015264
325,3.25,88.36207363340613,-7.236710133426328,1.0874817183607774,1.4921681379637732,8.728878271390101
326,3.2600000000000002,88.35870121121876,-7.207763556267423,1.0827975602810511,1.4876139080465691,8.695377464313992
327,3.27,88.3551186663957,-7.17932302533859,1.0782126595558736,1.4832074303362788,8.662530455674869
328,3.2800000000000002,88.35132802722012,-7.151367044547044,1.0737373307148346,1.4789465257983352,8.630313570345379
329,3.29,88.3473387415502,-7.123882161744234,1.06936063445238,1.474823670319438,8.598705832063672
330,3.3000000000000003,88.34315722482933,-7.096852635149787,1.065082958873461,1.4708252113878757,8.567677846537663
331,3.31,88.33879087555205,-7.07026435323931,1.0609009064514794,1.4669531404142049,8.537217493653515
332,3.3200000000000003,88.33424402610778,-7.04410076917884,1.0567881512315296,1.4632126398413448,8.507313409020185
333,3.33,88.32952366885583,-7.018348544150001,1.0527436248099207,1.4595926104597652,8.477941154609766
334,3.3400000000000003,88.32463764220199,-6.992995868453988,1.0487907132996384,1.45608127375462,8.449077142208608
335,3.35,88.31959336177333,-6.968031190257875,1.0449197958708396,1.452676956766652,8.420708147024527
336,3.3600000000000003,88.31439490446115,-6.943440176445961,1.0411339892391993,1.4493771775649407,8.392817354010901
337,3.37,88.3090447681997,-6.9192074024494445,1.0374266588651722,1.4461898119837429,8.365397214433187
338,3.3800000000000003,88.303550660291,-6.895323100084511,1.033803890354875,1.4431104000133246,8.338433500097835
339,3.39,88.29792188507672,-6.871779867977779,1.0302534555618479,1.4401312456352002,8.311911113612979
340,3.4000000000000004,88.29216058463388,-6.848563634370407,1.0267590102915847,1.4372377542709671,8.285801388641374
341,3.41,88.28626736976447,-6.825659103082614,1.0233070672935867,1.4344312473278364,8.26009035041045
342,3.4200000000000004,88.28025120120051,-6.803059806263946,1.019915830740814,1.4317047204995674,8.234764526763513
343,3.43,88.27411966152772,-6.780758593037774,1.0165790235058694,1.4290544181109226,8.209813011148697
344,3.44,88.26787451215093,-6.758742929686434,1.0132691103730167,1.426493618679018,8.185236548365452
345,3.45,88.26151949484148,-6.737002682526963,1.0100258893259593,1.4240165945294905,8.161019277056454
346,3.46,88.25506020453322,-6.715529971979322,1.006849302931471,1.4216275641655898,8.137157536144912
347,3.47,88.24850472071273,-6.694319990136364,1.0037278121986333,1.4193075348813124,8.113627525017677
348,3.48,88.24185416557152,-6.673361365075209,1.0006538021500546,1.4170622851370922,8.090423650212301
349,3.49,88.23510974386649,-6.652643083404882,0.9976184628571332,1.4148791758634047,8.067522259268287
350,3.5,88.22827721053721,-6.632159032330662,0.9946258420940808,1.412760536752046,8.044919569082708
351,3.5100000000000002,88.22136551563909,-6.611906849089394,0.991672898683305,1.4107137112190458,8.02262056030844
352,3.52,88.21437463166109,-6.591875606277966,0.9887508739125224,1.4087193065753922,8.000594912853359
353,3.5300000000000002,88.20730972896003,-6.572113297194704,0.9858713566427468,1.406794458196316,7.97890775539102
354,3.54,88.20017617725517,-6.552648625464315,0.9830380527093894,1.4049090596951999,7.9575576851595144
355,3.5500000000000003,88.19297844328297,-6.533389120938182,0.9802414462243405,1.4030628941025611,7.936452015040743
356,3.56,88.18571557629693,-6.514324360019373,0.9774777210569425,1.4012639476459015,7.915588307665274
357,3.5700000000000003,88.17839056593931,-6.4954480732380375,0.9747446770751083,1.3995291024010896,7.894977175639127
358,3.58,88.1710105198574,-6.47675850179607,0.9720488670071745,1.397844919629506,7.874603421425576
359,3.5900000000000003,88.16357894669476,-6.458250682177834,0.9693922847904162,1.3961899624517855,7.854440644629619
360,3.6,88.15610163794979,-6.439922275100116,0.9667777822293715,1.3945690027730109,7.834491277873127
361,3.6100000000000003,88.14858178915101,-6.421808855899428,0.9641984017931122,1.3929836174185084,7.814792473317937
362,3.62,88.14102033301994,-6.4039414329923545,0.9616428161594399,1.3914472896875623,7.795388722679917
363,3.6300000000000003,88.13341920247304,-6.386236647342685,0.9591107418271463,1.3899490802882042,7.776185727630889
364,3.64,88.12577899001404,-6.368687951896362,0.956617666458726,1.388482406027805,7.757170357924167
365,3.6500000000000004,88.11810733830517,-6.351296226933812,0.9541599770966513,1.3870378019024656,7.738334028836277
366,3.66,88.11040190022501,-6.334052546291446,0.9517421926833549,1.3856366904590232,7.719689236750469
367,3.6700000000000004,88.10266840304902,-6.316956269730497,0.949346938186892,1.3842665002518402,7.701222769982337
368,3.68,88.09491182235188,-6.3000063693231425,0.9469745854079861,1.3829362708784743,7.682942640201617
369,3.6900000000000004,88.08712815967955,-6.28319299064907,0.9446113000593641,1.3816458263252116,7.664838816974282
370,3.7,88.07931922518885,-6.266512111438317,0.9422782417088911,1.3803924973696553,7.646904608807972
371,3.71,88.07148924663377,-6.249962405824419,0.9399877209091585,1.3791697945378303,7.62913220036225
372,3.72,88.06364359656781,-6.233544015992663,0.9377145715485256,1.3779829832820951,7.6115269992747585
373,3.73,88.05578101718987,-6.217250655140418,0.9354427977208104,1.3768115402373269,7.594062195377745
374,3.74,88.04790280242928,-6.201078646805513,0.9331895682127254,1.3756715264092918,7.576750173214805
375,3.75,88.04001219340682,-6.185026511619668,0.9309579587042549,1.3745497702431635,7.559576281862832
376,3.7600000000000002,88.03211007153112,-6.1690905870393635,0.9287475863769998,1.3734574803527266,7.54254806739209
377,3.77,88.02419760437849,-6.153267619317262,0.9265599151372612,1.3723817915691257,7.525649410886388
378,3.7800000000000002,88.01627829153053,-6.137556874124698,0.9243790566962957,1.3712770048310574,7.508833878955755
379,3.79,88.00835325233766,-6.121955413068861,0.9222202036382896,1.3701885686759852,7.492143981744846
380,3.8000000000000003,88.00042249661996,-6.106459372686913,0.9200748390641422,1.3691303487692608,7.475589721456174
381,3.81,87.99248867532233,-6.091067566711331,0.917950710821799,1.3680952885863462,7.459162855297677
382,3.8200000000000003,87.98455477210241,-6.075779349075248,0.9158460135428186,1.3670877178163892,7.442867066891637
383,3.83,87.97662239562453,-6.060592913254368,0.9137627593415232,1.3660936732334221,7.42668658648779
384,3.8400000000000003,87.96869249056381,-6.0455059557941695,0.9116886623064886,1.3651355060324022,7.410641461826572
385,3.85,87.96076987452076,-6.030520136152575,0.9096352467855127,1.3641800873565444,7.394700223509119
386,3.8600000000000003,87.95285415014213,-6.015632104402357,0.9076014672540111,1.3632110673963211,7.378843171798678
387,3.87,87.94494224780061,-6.000835811397678,0.9055856919630969,1.3622271070791498,7.363062918476828
388,3.8800000000000003,87.93703726420915,-5.986131469273232,0.9035959962343441,1.3612583656848187,7.347389834958051
389,3.89,87.92914167298127,-5.971518877257836,0.9016136458463677,1.3602853349133284,7.331804212171164
390,3.9000000000000004,87.92125529609348,-5.9569952783433,0.8996473106103053,1.359289341770733,7.316284620114033
391,3.91,87.91338038012015,-5.9425604086201815,0.8976877554463272,1.3583132187984575,7.300873627418639
392,3.9200000000000004,87.90551799051,-5.928212909552883,0.8957451044847744,1.357357406630399,7.285570316183282
393,3.93,87.89767077376895,-5.9139531699113945,0.8938262519243381,1.3564133023618297,7.270366472273224
394,3.9400000000000004,87.88983696856157,-5.899777260570431,0.8919275927190995,1.3554750745699664,7.255252335140398
395,3.95,87.88201971419818,-5.88568621974639,0.8900497098352389,1.3545273389091506,7.24021355865554
396,3.9600000000000004,87.87422034614949,-5.871679448996588,0.8881964462243559,1.3535755390809356,7.225254988077523
397,3.97,87.86643613676208,-5.857817571850035,0.8863554558505484,1.3526261884698272,7.210443760319862
398,3.98,87.85866982095496,-5.844091572624677,0.8845345869387415,1.3516735068230332,7.19576507944771
399,3.99,87.85092285661692,-5.830445488345049,0.882725561822383,1.350711116723886,7.181156605068935
400,4.0,87.84319418651249,-5.81687648221569,0.8809147901076244,1.3497562563978818,7.166632738613572
401,4.01,87.83548364429848,-5.803382673426427,0.8791154344204415,1.3488149156226825,7.152197589049109
402,4.0200000000000005,87.8277927585986,-5.789963942195186,0.8773218147117348,1.3478779366639912,7.137841878859177
403,4.03,87.82011746976669,-5.776614569471576,0.8755419456060736,1.3469436405021895,7.1235582099737655
404,4.04,87.8124597998777,-5.763334905682171,0.8737692000751736,1.3460050100859178,7.109339915768089
405,4.05,87.80482159021388,-5.750125216620631,0.8720162851017221,1.3450710544050537,7.095196271025685
406,4.0600000000000005,87.79720339204917,-5.7369845625980815,0.8702857806011366,1.3441462647308526,7.081130827328934
407,4.07,87.78960398479146,-5.723910271820927,0.868569261396857,1.3432336280877166,7.067143899908643
408,4.08,87.78202376555986,-5.710901348426546,0.8668571206732736,1.3423393537930792,7.053240702219625
409,4.09,87.77445920823882,-5.69795280334273,0.8651523771535494,1.341463317041189,7.039416120383919
410,4.1000000000000005,87.76691059180992,-5.6850633586562935,0.8634480952492254,1.3405969284266064,7.0256602870829
411,4.11,87.75938110513064,-5.672234825787626,0.8617433386186519,1.33973271666693,7.011967542454556
412,4.12,87.75186781728664,-5.659462938840363,0.860040861029546,1.338874208750923,6.998337147591286
413,4.13,87.74437387870015,-5.646749540742121,0.8583417833162628,1.3380359589850457,6.984785499727167
414,4.140000000000001,87.73689948249286,-5.6340936272684985,0.856630066957905,1.3372141406098876,6.971307767878386
415,4.15,87.72944773697343,-5.621497236705579,0.854923367302888,1.3364062229260867,6.957903459631666
416,4.16,87.72201734067056,-5.608958075963642,0.8532167238095383,1.3356101715704654,6.944568247534107
417,4.17,87.71460709581149,-5.596473880351283,0.8515096474029633,1.3348167377671416,6.931290618118425
418,4.180000000000001,87.70722102602299,-5.584047713569305,0.8498239291415359,1.3340301557909697,6.918077869360275
419,4.19,87.69985605993858,-5.5716756249884725,0.8481515103216282,1.3332333922519126,6.904909017240385
420,4.2,87.69251026710425,-5.559354698971674,0.8464865964487274,1.3324475912982336,6.891802290269908
421,4.21,87.68518406207224,-5.547084352046227,0.8448334520259664,1.331683965851596,6.878768317897823
422,4.220000000000001,87.67787999040577,-5.534866279009719,0.843191121184077,1.3309388073184323,6.865805086328152
423,4.23,87.67059819649742,-5.522699788387342,0.8415643003613127,1.3301938591824296,6.852893647569772
424,4.24,87.66333886881102,-5.510584287544532,0.8399486075958293,1.3294358761893932,6.840020163733925
425,4.25,87.6560995230283,-5.498516434461067,0.8383415295118652,1.328683187745753,6.82719962220682
426,4.26,87.64888338297968,-5.486498689518726,0.8367510496900081,1.3279376051527834,6.814436294671509
427,4.2700000000000005,87.64169053002749,-5.474530443068801,0.8351578669252717,1.327204273153427,6.801734716222228
428,4.28,87.63452467711971,-5.462614821963655,0.8335569545886301,1.3264673688000812,6.789082190763736
429,4.29,87.62738054956873,-5.45074596084055,0.8319445274996156,1.325742662756511,6.776488623597061
430,4.3,87.6202601519162,-5.438925186960688,0.8303387890895806,1.325016709453564,6.763941896414252
431,4.3100000000000005,87.61316299230833,-5.427151432695524,0.828743025311951,1.3242942537307556,6.75144568642628
432,4.32,87.60608925490247,-5.4154242668655,0.8271559917693025,1.323579251071635,6.739003517937135
433,4.33,87.59904024175255,-5.403744501540302,0.8255794365037445,1.3228644666443756,6.726608968184678
434,4.34,87.59201610445855,-5.392111837273035,0.8240093189756976,1.3221576353358273,6.714269472608862
435,4.3500000000000005,87.58501803641951,-5.380527035202306,0.8224449072309312,1.3214549243872966,6.701981959589602
436,4.36,87.57804290817131,-5.369054901861546,0.820897313894335,1.320764592895614,6.68981949475716
437,4.37,87.57109143723021,-5.357662442718862,0.8193593026972508,1.3200837785410044,6.677746221259866
438,4.38,87.56416063701107,-5.346310934809367,0.8178245033831786,1.3194079630235365,6.665718897832903
439,4.390000000000001,87.55725388738503,-5.335003227313592,0.8163032360466502,1.318737235325841,6.653740462639433
440,4.4,87.55037136993425,-5.323739105402183,0.8147803136433822,1.3180847319407007,6.6418238373428835
441,4.41,87.5435157841812,-5.312520922028227,0.8132613965284747,1.317435230725522,6.629956152753749
442,4.42,87.53668679682484,-5.30134809964116,0.8117508312599853,1.3167891466572428,6.618137246298403
443,4.430000000000001,87.52988259750155,-5.2902185549160095,0.8102405549339835,1.3161561336218597,6.606374688537869
444,4.44,87.52310243703573,-5.2791311876197256,0.8087352919298496,1.3155337537272658,6.594664941346991
445,4.45,87.51634715559696,-5.268086527118896,0.8072411396044572,1.3149073731142948,6.582993900233191
446,4.46,87.50961660515274,-5.257084118213129,0.8057571805852604,1.3142892043236998,6.571373322536829
447,4.470000000000001,87.5029104482208,-5.246123361963669,0.8042739202860218,1.313671838825769,6.559795200789438
448,4.48,87.4962309750319,-5.235206284433673,0.8028010801685355,1.313058710593765,6.548264995027438
449,4.49,87.48957576514198,-5.224330250183812,0.8013309888330298,1.3124522870413955,6.536782537225207
450,4.5,87.48294460246848,-5.213494722813152,0.7998633726631397,1.3118612527578648,6.525355975571017
451,4.51,87.4763369681302,-5.2026988881523835,0.7983983340761824,1.3112824332771993,6.513981321429583
452,4.5200000000000005,87.46975587200028,-5.19194551800129,0.7969405459872405,1.3107107156806705,6.502656233681961
453,4.53,87.46319921891464,-5.181232302238072,0.7954783887903432,1.3101512314660226,6.491383533704095
454,4.54,87.45666829963487,-5.170560326964534,0.794019264371741,1.3096049108565353,6.480165237821069
455,4.55,87.45016174544266,-5.15992800470292,0.7925614817416999,1.3090703787369193,6.468998383439839
456,4.5600000000000005,87.44368040085072,-5.149335996479408,0.7911118095671554,1.3085334135508333,6.457869410030241
457,4.57,87.43722599155566,-5.138785909215443,0.789670097065482,1.3080075848789647,6.446793494094408
458,4.58,87.4307973135893,-5.128276475682071,0.7882361085197829,1.307488705936379,6.43576518161845
459,4.59,87.42439263038092,-5.117805768219256,0.786804296271157,1.3069652037749506,6.4247709719942065
460,4.6000000000000005,87.41801129333146,-5.107372946288166,0.7853766913745233,1.3064418844405452,6.413814830728711
461,4.61,87.4116549843492,-5.096979526182167,0.7839588232946255,1.3059219023076594,6.402901428489827
462,4.62,87.40532489723938,-5.086626646612558,0.7825501955358618,1.305399556801433,6.392026203413991
463,4.63,87.39901988880065,-5.076313074855165,0.7811504470444675,1.3048772691850559,6.3811903440402205
464,4.640000000000001,87.39273839074966,-5.066037114670394,0.7797544408448118,1.3043598985979088,6.3703970132683025
465,4.65,87.3864815056379,-5.055799727685297,0.7783588154540553,1.3038402944329164,6.359640022118214
466,4.66,87.38025031676273,-5.045601886813046,0.7769726063668827,1.3033212484643855,6.348923135277431
467,4.67,87.37404573642563,-5.03544446432187,0.775593304052137,1.3028111318720335,6.338255596193903
468,4.680000000000001,87.36786598201006,-5.025325642505948,0.7742171761823613,1.3023107041314574,6.327636346637405
469,4.69,87.36170972847209,-5.01524401017187,0.7728485407039329,1.301813629298465,6.317057639470335
470,4.7,87.3555778416026,-5.005200296168965,0.7714837260129741,1.3013192662020288,6.306519562370994
471,4.71,87.34946979633361,-4.9951938844363895,0.7701246884037118,1.3008192887489827,6.296013173185372
472,4.720000000000001,87.34338583334937,-4.98522488612474,0.768776956956799,1.3003194414567645,6.285544327581505
473,4.73,87.33732719245498,-4.975294492955641,0.7674336507430439,1.299808077235781,6.275102570191422
474,4.74,87.331290294394,-4.965399022395417,0.7660935512415108,1.299290344017379,6.264689366412796
475,4.75,87.32527659950402,-4.955539808696955,0.7647592117498334,1.2987683175663847,6.254308126263339
476,4.76,87.31928490847281,-4.945715525179651,0.7634270887043044,1.2982395776665214,6.243955102846172
477,4.7700000000000005,87.31331508986871,-4.935925896017409,0.7621024570076429,1.2977056729470178,6.233631568964427
478,4.78,87.30736645724924,-4.926170069917276,0.7607859033405475,1.2971728494621289,6.223342919379405
479,4.79,87.30144165664574,-4.916450570351628,0.7594775572055141,1.2966204902444929,6.213071060596121
480,4.8,87.29553895732505,-4.906765584097229,0.7581719508164326,1.2960643257013373,6.202829909798567
481,4.8100000000000005,87.2896577466166,-4.897114398566373,0.7568712782040734,1.295507888645517,6.19262228721189
482,4.82,87.28379665574185,-4.887495469691743,0.7555753095057867,1.2949523918223633,6.182447861514106
483,4.83,87.27795664853934,-4.87790958499653,0.7542892739379568,1.2943837145244004,6.1722932995209305
484,4.84,87.27213956463302,-4.868358490549923,0.7530050254013076,1.293818190875129,6.162176681425052
485,4.8500000000000005,87.26634369730091,-4.858840384648374,0.7517269310361598,1.293263520464052,6.152103905112426
486,4.86,87.26056947586898,-4.849355591256398,0.7504540007407172,1.292716197701509,6.142071788957907
487,4.87,87.2548148476363,-4.8399019189399155,0.7491860850952605,1.2921696899299775,6.132071608869893
488,4.88,87.24908100523523,-4.830480403428851,0.747925505428725,1.2916207970848745,6.122101200513725
489,4.890000000000001,87.24336965970261,-4.821092680824279,0.7466598540006544,1.2910728849955149,6.112165565819794
490,4.9,87.23767682073891,-4.8117346240759105,0.7453865168182574,1.2905280783249964,6.102262702400907
491,4.91,87.23200311231341,-4.802406657508129,0.7441165294448808,1.2899889002303553,6.0923955577384845
492,4.92,87.22634879509363,-4.793108895989974,0.7428473325582274,1.2894559114385231,6.082564807428497
493,4.930000000000001,87.22071411688682,-4.783841468919377,0.7415781302494793,1.2889293209316577,6.072770789851035
494,4.94,87.21509977302303,-4.774604959058507,0.7403154401651477,1.28840164285441,6.063006601912917
495,4.95,87.20950630541917,-4.765399839723443,0.7390562212099212,1.2878722708079522,6.053272110531395
496,4.96,87.20393342752766,-4.756225797241598,0.7378012873783462,1.2873499786201705,6.043575775861768
497,4.970000000000001,87.1983817273915,-4.747083377215404,0.7365481653574761,1.2868299678374626,6.033913345052866
498,4.98,87.19285077911213,-4.737972115925629,0.7352980397128022,1.2863017761373499,6.024273892062979
499,4.99,87.1873406513184,-4.728892037951994,0.7340549157096348,1.285766705522434,6.014658743474428
500,5.0,87.18185186688034,-4.719843658978107,0.7328188608580319,1.2852197724827192,6.005063431460826
501,5.010000000000001,87.17638417620394,-4.710826747249655,0.731589308899288,1.2846604666828227,5.995487213932478
502,5.0200000000000005,87.1709368282846,-4.701840549781252,0.7303655679938004,1.2840996654793173,5.98594021526057
503,5.03,87.1655113389997,-4.692886580265338,0.7291406638353806,1.2835387497856345,5.976425330050972
504,5.04,87.16010687858675,-4.683964026431113,0.7279205781854898,1.2829780740021874,5.9669421004333
505,5.05,87.15472155121014,-4.6750709355764,0.7267048140693646,1.2824197465826614,5.957490682159062
506,5.0600000000000005,87.14935566321705,-4.666207527878441,0.7254984474588468,1.2818611171051657,5.948068644983607
507,5.07,87.14400995951875,-4.657374522476374,0.7243005883237856,1.2813059175176988,5.938680439994073
508,5.08,87.13868429171346,-4.648571767834625,0.7231112366815182,1.280749164610313,5.929320932444938
509,5.09,87.13337882000845,-4.639799426583153,0.7219270143584708,1.2801932315607587,5.9199926581439115
510,5.1000000000000005,87.12809246262222,-4.631056406544985,0.7207482599238233,1.2796375898415988,5.910693996386584
511,5.11,87.12282710900561,-4.622344598174664,0.7195725191637621,1.2790864794135928,5.901431077588256
512,5.12,87.11758143897846,-4.613662698505095,0.7184006402224838,1.2785371616537873,5.8921998601588825
513,5.13,87.11235645483005,-4.6050117015273315,0.717232176384158,1.2779871790366428,5.882998880563974
514,5.140000000000001,87.10715242257923,-4.596391875154296,0.7160639582228328,1.2774274203606524,5.873819295514949
515,5.15,87.10196838426997,-4.587802263742162,0.7149011057418306,1.276870175650913,5.864672439393075
516,5.16,87.09680269348816,-4.579241206430851,0.7137467986571266,1.2763153592921412,5.855556565722992
517,5.17,87.09165531203955,-4.570708613661935,0.7125973746220211,1.2757546758750777,5.846463289537013
518,5.180000000000001,87.0865263634032,-4.562204566402272,0.711451060333701,1.2751886234877077,5.83739318988998
519,5.19,87.08141545543805,-4.553728616439059,0.7103072967685762,1.2746292466312354,5.828357863070295
520,5.2,87.07632339384934,-4.545281505963146,0.7091709515330535,1.2740689020239415,5.819350407987088
521,5.21,87.07124872407128,-4.536861761398427,0.7080384066391048,1.2735084984598473,5.810370259858274
522,5.220000000000001,87.06619125069756,-4.528469082909339,0.7069092095429994,1.2729449217586648,5.801414004668004
523,5.23,87.06115263422383,-4.520105082881912,0.7057832215832036,1.272380306600894,5.792485389482806
524,5.24,87.05613088685371,-4.511767716383673,0.7046652172761014,1.2718171008964987,5.783584817280172
525,5.25,87.0511270871539,-4.503458014483755,0.7035529116552652,1.2712607801515219,5.774718794635277
526,5.260000000000001,87.04614133117191,-4.495176065715185,0.7024437189967898,1.2707060331689206,5.765882098884106
527,5.2700000000000005,87.0411744701183,-4.486922687732573,0.7013332992459596,1.2701439245510073,5.75706661228358
528,5.28,87.03622738227968,-4.478698779866704,0.7002266283505776,1.2695791810288029,5.748277960895507
529,5.29,87.03129679793476,-4.470501027059072,0.699127114199257,1.2690214920935432,5.739522519152615
530,5.3,87.02638421314006,-4.462330866578554,0.6980319729733537,1.2684636214778493,5.730794488056404
531,5.3100000000000005,87.0214883238364,-4.454186958847231,0.6969420479394444,1.2678995119673004,5.722086470814531
532,5.32,87.01660991910141,-4.446070037222967,0.6958538304515685,1.2673357609429843,5.713405798165951
533,5.33,87.01174983609671,-4.437980921722556,0.6947692552361957,1.266765681857521,5.704746603580077
534,5.34,87.00690620564134,-4.429917727789331,0.6936899072099436,1.2661984668885395,5.69611619467787
535,5.3500000000000005,87.00207839441785,-4.421879728008463,0.6926074673563107,1.265633524837824,5.687513252846287
536,5.36,86.99726662996274,-4.413867085061412,0.6915273229453476,1.265062909478388,5.6789299945398
537,5.37,86.99247073878804,-4.40587953787346,0.6904491928964944,1.2644906069816955,5.670370144855156
538,5.38,86.98769155801881,-4.397917874108117,0.6893739673078016,1.2639176910821561,5.661835565190273
539,5.390000000000001,86.98292860203759,-4.38998155273768,0.6883047353086056,1.263341400333104,5.653322953070784
540,5.4,86.97818136782669,-4.382070022533867,0.6872428681555505,1.2627684064828486,5.6448384290167155
541,5.41,86.97345111999739,-4.374184504967644,0.6861870036618711,1.262195755599464,5.636380260567108
542,5.42,86.96873743044587,-4.366324567699621,0.6851320393732578,1.261625641856483,5.627950209556104
543,5.430000000000001,86.96404005820173,-4.358489949298246,0.6840803904087807,1.261061502767575,5.619551452065821
544,5.44,86.95935886365758,-4.35068050751056,0.6830327849189075,1.2604968269816936,5.611177334492254
545,5.45,86.95469272731675,-4.342895074816738,0.6819923031985127,1.2599316560964837,5.602826730913222
546,5.46,86.95004266216013,-4.335134643358771,0.6809559893687549,1.2593661346421925,5.594500778000963
547,5.470000000000001,86.94540846841376,-4.327398982874968,0.6799209850396153,1.258797984711265,5.586196967586233
548,5.48,86.9407905708063,-4.31968848915335,0.6788877130061621,1.2582347716612503,5.5779232608146
549,5.49,86.93618762621014,-4.312001787415227,0.677857204651616,1.2576747909853339,5.569676578400561
550,5.5,86.93159896558234,-4.304338116321418,0.6768340496564917,1.2571212987132867,5.5614594150347045
551,5.510000000000001,86.92702514284692,-4.2966979605216125,0.6758153212259685,1.256571874149472,5.5532698346710845
552,5.5200000000000005,86.92246613443892,-4.289081250189156,0.6748004604298785,1.2560252517409367,5.545106501930093
553,5.53,86.91792241309021,-4.28148842155781,0.6737887017029038,1.255476506029055,5.536964927586865
554,5.54,86.91339422243759,-4.273919668843149,0.6727791027044532,1.2549231240548409,5.52884279289799
555,5.55,86.90888110200149,-4.266374509206145,0.6717729812950779,1.2543742689992143,5.520748778205359
556,5.5600000000000005,86.90438287147134,-4.258852727581456,0.6707662362630344,1.253829500672481,5.5126822282539365
557,5.57,86.89989883575586,-4.251353568726529,0.6697661163340456,1.2532883206116594,5.504641889338188
558,5.58,86.89542986633143,-4.243877859943154,0.6687716790254683,1.2527507938919484,5.496628653835103
559,5.59,86.8909764547338,-4.236426093225532,0.6677810851704749,1.2522104961591083,5.48863658938464
560,5.6000000000000005,86.8865370839357,-4.22899672794361,0.6667961294799625,1.2516740554147248,5.480670783358335
561,5.61,86.88211252777039,-4.221590512332881,0.6658147355961432,1.2511375924822232,5.472728104815104
562,5.62,86.87770257686948,-4.2142072241178425,0.6648387861316394,1.250602539540182,5.464809763658025
563,5.63,86.87330589145748,-4.206912072574028,0.6638686108884713,1.250069138591698,5.456981211165726
564,5.640000000000001,86.86892317531347,-4.19965781170157,0.6629024730614219,1.2495398806163394,5.4491976923179095
565,5.65,86.86455385583099,-4.192425023701958,0.6619387872800644,1.2490168834444546,5.441441907146412
566,5.66,86.86019765770624,-4.18521333692496,0.6609789551403367,1.248497833775616,5.433711170700576
567,5.67,86.8558563552915,-4.178024491742576,0.6600239738696132,1.2479777189529386,5.426002210695515
568,5.680000000000001,86.85152947606424,-4.170857998753007,0.6590735655674109,1.2474555435364607,5.418313542289468
569,5.69,86.84721697699932,-4.163713782494142,0.6581247391329157,1.246935036921002,5.410648819415144
570,5.7,86.8429184957134,-4.156591472578384,0.6571793608556504,1.2464145064843706,5.403005979062755
571,5.71,86.83863316167394,-4.149490154693012,0.6562389884661002,1.2458924654948191,5.395382620187831
572,5.720000000000001,86.83436044921054,-4.14240923324428,0.6553009401373799,1.245372696266088,5.387781929510368
573,5.73,86.83010112618443,-4.135349418797659,0.6543646558732803,1.2448571230805783,5.380206541878238
574,5.74,86.82585541652426,-4.128310911908812,0.6534310859030938,1.244342321055882,5.372653232964694
575,5.75,86.82162261558983,-4.121292954613409,0.65249958112895,1.2438304015944084,5.3651233562078176
576,5.760000000000001,86.81740246538004,-4.114295218601228,0.6515720202933153,1.2433243206868383,5.357619539288066
577,5.7700000000000005,86.81319567943021,-4.107318371972838,0.650649057888188,1.242815538663109,5.350133910635947
578,5.78,86.80900204516307,-4.100362169436579,0.6497254640635219,1.2423081745984632,5.342670344035042
579,5.79,86.80482280270212,-4.09342784029397,0.6488029393822217,1.2417984628245335,5.335226303118503
580,5.800000000000001,86.8006569636651,-4.086514391276324,0.6478815189620946,1.2412881690723907,5.327802560348715
581,5.8100000000000005,86.79650346234266,-4.079620704948695,0.6469639078178488,1.240780247385942,5.320400952334637
582,5.82,86.7923627539818,-4.072747193905201,0.6460492666028017,1.2402770420162597,5.313024235921461
583,5.83,86.78823625832693,-4.0658952761185105,0.6451366626882873,1.2397712359881439,5.305666512106654
584,5.84,86.78412415791665,-4.059065182775839,0.6442252027213726,1.2392630003269005,5.29832818310274
585,5.8500000000000005,86.78002389354735,-4.0522543311515165,0.643316068066099,1.2387588773598566,5.291013208511373
586,5.86,86.77593580426863,-4.0454629980677055,0.6424103920549271,1.2382559190477593,5.283718917115465
587,5.87,86.77185964822256,-4.038690879510511,0.6415083689681751,1.23775318336925,5.2764440628797615
588,5.88,86.76779674629354,-4.0319392591454175,0.6406086948472876,1.2372499693207715,5.269189228466189
589,5.890000000000001,86.76374739126915,-4.025208464592907,0.639711769096948,1.236747531473668,5.261955996066575
590,5.9,86.75970969674182,-4.018496588471294,0.638820186534474,1.236246543255902,5.254743131727196
591,5.91,86.75568440927468,-4.011804310147909,0.6379331682520615,1.2357395100132749,5.247543820161184
592,5.92,86.75167190911692,-4.0051320028184705,0.6370502522391632,1.2352231266299327,5.240355129448403
593,5.930000000000001,86.74767166303165,-3.9984791270794915,0.6361712814831719,1.234699434269828,5.23317856134932
594,5.94,86.7436841961455,-3.991846194950824,0.6352952402732512,1.2341766297417394,5.2260228246925635
595,5.95,86.73970894381172,-3.9852326309695627,0.6344236029433148,1.2336525481523495,5.218885179121912
596,5.96,86.73574563087023,-3.978638138039571,0.6335543344675898,1.2331235269596164,5.211761664999187
597,5.970000000000001,86.7317937567874,-3.9720621579333795,0.6326864686037652,1.2325923217146624,5.204654479648042
598,5.98,86.72785437637852,-3.9655057127960447,0.6318198353266382,1.2320627730998979,5.197568485895943
599,5.99,86.72392795720324,-3.95896926108702,0.6309548290538771,1.2315333206728951,5.190502581759915
600,6.0,86.72001404256548,-3.9524523486596763,0.6300932502815044,1.2310028884971302,5.183455237156807
