time,phi_root_deg,phi_empirical_deg,empirical_minus_root_deg,selected_mass_fraction,selected_count,empirical_90_width_deg
1.08,86.4310181617737,91.14806730995538,4.7170491481816725,0.0036081764579806255,26,18.935745883820232
1.09,86.99375894546498,92.21747636345985,5.2237174179948624,0.0036378956572271207,28,9.263091528843177
1.1,87.37359933853125,92.22640589850272,4.852806559971469,0.003684947988309635,29,9.429755002768701
1.11,87.65736856460535,92.36699274450534,4.709624179900004,0.0038755314246485097,32,10.122590241226817
1.12,87.89064645767164,92.30011664678572,4.409470189114074,0.00386480288098947,32,9.96626862661671
1.1300000000000001,88.0331125831598,92.23473865750083,4.201626074341021,0.0038618325834036127,32,9.809209042928046
1.1400000000000001,88.1809168434136,92.17082118249108,3.9899043390774978,0.0038665363523458863,32,9.651485229237522
1.1500000000000001,88.2974192237846,92.10833741237373,3.8109181885891417,0.0038788454324955464,32,9.493105834693836
1.1600000000000001,88.39309335708526,92.04723628128728,3.654142924202006,0.0038987061866554385,32,9.334340063687023
1.1700000000000002,88.4749479103078,91.987481659894,3.512533749586197,0.003926079819180025,32,9.175136669920903
1.1800000000000002,88.55191659927254,92.02841314963113,3.476496550358604,0.004061332484631248,34,9.053148260569316
1.19,88.61311563491697,92.01577124112177,3.402655606204803,0.004152811699393514,35,8.921097518376143
1.2,88.65816415786608,91.95722248698272,3.299058329116633,0.004204399259616895,35,8.760735497866563
1.21,88.72111856460424,91.89990557016309,3.1787870055588314,0.004263769931727857,35,8.600517853135614
1.22,88.78257761001427,91.84376659238396,3.0611889823696856,0.004330956526085761,35,8.44080517011244
1.23,88.83697732925245,91.78877493100634,2.9517976017538956,0.004406006107291105,35,8.281878297089406
1.24,88.88582956313908,91.73487155832504,2.8490419951859565,0.004488979870933033,35,8.12389809614777
1.25,88.92460977554131,91.71733862021625,2.79272884467494,0.004621827550024702,36,7.966667674891028
1.26,88.95310800552167,91.66486897770389,2.711760972182219,0.004721763311365978,36,7.810352696241097
1.27,88.98441629409578,91.64591044019576,2.661494146099983,0.004871447418736868,37,9.308869203659299
1.28,89.00560434341207,91.65609128430003,2.6504869408879586,0.005070692849392334,39,9.155926000869215
1.29,89.03395792007211,91.63353939249231,2.5995814724201978,0.005238819117065492,40,9.220964469513802
1.3,89.05195199966187,91.60965757654198,2.557705576880096,0.005415885014518278,41,9.039036445661907
1.31,89.07042215347036,90.98238962189708,1.9119674684267238,0.005836664027044191,43,10.077519806704515
1.32,89.09380136489602,90.94558626023571,1.8517848953396765,0.006001561220671277,43,9.878895046606345
1.33,89.10828470229828,90.95757747212946,1.8492927698311803,0.00625335357836549,45,9.944480874679016
1.34,89.12101633071617,90.92168277914094,1.8006664484247494,0.0064407240334794155,45,9.747212465033272
1.35,89.13730569839186,90.8866377490973,1.7493320507054477,0.006638681674279539,45,9.553158117939802
1.36,89.15020151138003,90.85234692029856,1.7021454089185113,0.006847480733425694,45,9.362341774537555
1.37,89.16044900893851,90.81876154404516,1.6583125351066315,0.007067391460389547,45,9.175324488284105
1.3800000000000001,89.16821176528606,90.78586764764711,1.6176558823610492,0.0072987002608150605,45,8.991809458321995
1.3900000000000001,89.17535196303982,90.77116899372035,1.5958170306805357,0.00757853235185486,46,8.973281503348403
1.4000000000000001,89.18307748794206,90.73928454813671,1.5562070601946516,0.007834777829738498,46,8.79369870148929
1.4100000000000001,89.18925516128178,90.72406300159889,1.5348078403171144,0.008140648807971808,47,8.617239312172217
1.4200000000000002,89.19723276137933,90.69312210254404,1.4958893411647125,0.008423341672350575,47,8.444102634712749
1.4300000000000002,89.20258768081283,90.66277464799684,1.460186967184029,0.008719234414009841,47,8.27420724177685
1.4400000000000002,89.2084699439963,90.6329773201297,1.4245073761333913,0.009028717095780115,47,8.107435932442854
1.4500000000000002,89.2115006446798,90.60371509633885,1.3922144516590436,0.009352197208898492,47,7.944263971745073
1.46,89.21536142348828,90.58737265270439,1.3720112292161275,0.00972698412731534,48,7.811684209404945
1.47,89.21605325698425,90.55891817209535,1.342864915111079,0.010081064717819619,48,7.654549618009014
1.48,89.22002206801929,90.53098717690571,1.3109651088864211,0.01045052906372035,48,7.500550237061958
1.49,89.22298257827308,90.50355921850739,1.280576640234301,0.010835858046770265,48,7.34938930088623
1.5,89.22770944594873,90.47664211087594,1.2489326649272243,0.011237550948131217,48,7.201212144455212
1.51,89.23046121596815,90.45020701818322,1.2197458022150727,0.011656125578338287,48,7.055922781456303
1.52,89.2310328102063,90.4332831409803,1.2022503307740067,0.01212872133459765,49,6.9136022144688525
1.53,89.23240884780384,90.40763903717708,1.1752301893732238,0.012584030314938549,49,6.7738718513374465
1.54,89.23670053481544,90.38247890139444,1.1457783665790089,0.01305794213280624,49,6.636486075959141
1.55,89.2386167335458,90.3654760754868,1.1268593419409854,0.013587511212568933,50,6.65345108440161
1.56,89.24030649184647,90.34111352847472,1.1008070366282539,0.014101780835885553,50,6.518808046845578
1.57,89.24170938491275,90.32417011723673,1.0824607323239661,0.01467369494234497,51,6.386839106956245
1.58,89.24276071547902,90.30718357673382,1.0644228612547977,0.015268360997172329,52,6.2574126481400185
1.59,89.24428201674843,90.28383744818517,1.0395554314367246,0.015848930922465393,52,6.130567362665715
1.6,89.24757211684596,90.26095197263761,1.0133798557916407,0.01645213014846272,52,6.006174660458356
1.61,89.249138584131,90.23851856119857,0.9893799770675855,0.017078673722903545,52,5.883855938628528
1.62,89.250240573877,90.21651153944478,0.9662709655677872,0.017729295654163937,52,5.76373474157981
1.6300000000000001,89.25192178725578,90.19492360536138,0.9430018181055857,0.018404748716726264,52,5.645629279755383
1.6400000000000001,89.25522531508767,90.17377681155682,0.9185514964691492,0.01910580421463817,52,5.529590056420432
1.6500000000000001,89.25672037123991,90.15311072989572,0.8963903586558217,0.019833251696907365,52,5.415238105147978
1.6600000000000001,89.26037179946243,90.13288988509137,0.8725180856289398,0.0205878985065589,52,5.302502554997062
1.6700000000000002,89.26211771010685,90.1171196236295,0.8550019135226421,0.021406916140782814,53,5.1917592199108356
1.6800000000000002,89.26437326430596,90.09769874931303,0.8333254850070659,0.022219798971846685,53,5.0826770930538885
1.6900000000000002,89.26867227553632,90.07868261499759,0.8100103394612574,0.02306245411139229,53,4.975529276105647
1.7000000000000002,89.27206796645416,90.06351634841499,0.7914483819608336,0.023972145644883588,54,5.015874651684356
1.7100000000000002,89.27549173354387,90.04528890246458,0.7697971689207179,0.024878325498195585,54,4.910301696636452
1.72,89.2803101539539,90.02749862078264,0.7471884668287316,0.025816992396986684,54,4.806509292724996
1.73,89.28341531752801,90.01012562353051,0.7267103060025022,0.026789063413786944,54,4.704177030633588
1.74,89.28609994887555,89.99314722481643,0.7070472759408801,0.027795467303709416,54,4.603591462850943
1.75,89.28922708510589,89.97658372886112,0.6873566437552086,0.028837143229566497,54,4.50462455233847
1.76,89.29114511489092,89.96040234624775,0.6692572313568235,0.029915039359650397,54,4.407268764704838
1.77,89.2914304542463,89.94458414181129,0.653153687565009,0.031030111334751326,54,4.311703650656426
1.78,89.29388071059384,89.93137397554148,0.6374932649476364,0.03221914515746369,55,4.2176882877099615
1.79,89.29492044448045,89.91630998589368,0.6213895414132367,0.033412751163482385,55,4.125274617897503
1.8,89.29856454848422,89.9016391273306,0.6030745788463605,0.034646471796641556,55,4.034473798147019
1.81,89.30221292494895,89.88734531257201,0.5851323876230481,0.03592127622139218,55,3.9453096684474076
1.82,89.30645578383556,89.87345691908996,0.5670011352544009,0.0372381315846134,55,3.8576895541845317
1.83,89.31135538100341,89.85996353306642,0.548608152063025,0.038598000634007895,55,3.771638788853039
1.84,89.3147809791478,89.84684164663689,0.5320606674890769,0.04000183917372855,55,3.6871995019627377
1.85,89.31517679213596,89.83412515587155,0.5189483637356034,0.041450593361327406,55,3.6041887956386347
1.86,89.31973581313193,89.82322133664597,0.5034855235140299,0.04298072892162406,56,3.522725040698134
1.87,89.32251810072947,89.81126206824074,0.4887439675112546,0.044523341811666846,56,3.4428115795313943
1.8800000000000001,89.32430490492857,89.79966125216554,0.47535634723698195,0.04611365987869886,56,3.364310996415469
1.8900000000000001,89.32817361830735,89.78845912583697,0.46028550752961905,0.04775256123059799,56,3.2872517943079913
1.9000000000000001,89.33212961195957,89.77765000405874,0.4455203920991835,0.04944089843236828,56,3.2117101640413352
1.9100000000000001,89.33477762221335,89.76834227357143,0.43356465135809685,0.05121567745542446,57,3.137511993566136
1.9200000000000002,89.34340158461558,89.75827393930665,0.414872354691056,0.05300655616050369,57,3.064683768174717
1.9300000000000002,89.35214029311155,89.74857996082186,0.3964396677102968,0.054849273492279416,57,2.9931826699605324
1.9400000000000002,89.35447824477157,89.73925753817151,0.38477929339995853,0.056744542417822404,57,2.923096965696203
1.9500000000000002,89.36171915053316,89.73031210984263,0.368592959309467,0.05869303073211985,57,2.8544367895279095
1.9600000000000002,89.36848337172444,89.72172026994643,0.35323689822200777,0.06069535673764636,57,2.7871147917655605
1.9700000000000002,89.37451028822821,89.71424643142913,0.3397361432009234,0.06278681813740819,58,2.721087719273271
1.9800000000000002,89.38186410902887,89.70706675548625,0.3252026464573987,0.06493420204985825,59,2.656361705587642
1.99,89.39009500502485,89.69948854065683,0.30939353563198324,0.06710348279625784,59,2.592974711351161
2.0,89.39312570570834,89.69293592290396,0.2998102171956134,0.06936272544069541,60,2.5309218575756915
2.0100000000000002,89.39639383314963,89.6860461685245,0.28965233537485346,0.0716449798527984,60,2.4702240670283118
2.02,89.39907907484874,89.67949476581366,0.28041569096490093,0.07398358252567744,60,2.4109290409013227
2.0300000000000002,89.40406717299314,89.67328582914747,0.2692186561543508,0.07637868155790381,60,2.352988218531607
2.04,89.41104867934067,89.66740875446897,0.25636007512829906,0.07883033988907479,60,2.2963445294774942
2.0500000000000003,89.41670145033666,89.66185698452169,0.24515553418501668,0.08133853108769107,60,2.240973215448605
2.06,89.42406503676233,89.65662846949644,0.23256343273411062,0.0839031351908586,60,2.186860483056364
2.0700000000000003,89.43128763197706,89.65170743797985,0.22041980600278066,0.08652393484507154,60,2.1340411783675393
2.08,89.43825082777772,89.64709048835454,0.2088396605768139,0.08920061146092362,60,2.0825517166794896
2.0900000000000003,89.44338235853934,89.64276447202347,0.19938211348414825,0.09193274183549084,60,2.0323090921356766
2.1,89.4545209693791,89.63872923799575,0.18420826861665773,0.09471979487551344,60,1.9833472933731002
2.1100000000000003,89.46160501478911,89.2530771150223,-0.20852789976680697,0.10087742943172184,61,2.629981315353348
2.12,89.46892343519914,89.25954907302527,-0.2093743621738895,0.10386435642648378,61,2.562057456691093
2.13,89.47891641615607,89.26605311051777,-0.2128633056382796,0.106905610400195,61,2.496208856787007
2.14,89.48697336195673,89.27257539402667,-0.21439796793004007,0.11000017216061124,61,2.4326324168062854
2.15,89.49783487318709,89.27913042631985,-0.21870444686723545,0.11314690008932508,61,2.3712243084659406
2.16,89.5042164039487,89.28572005232583,-0.21849635162288905,0.11634452956389256,61,2.311681484148693
2.17,89.51404642103844,89.29235630233971,-0.22169011869874566,0.11959167291853702,61,2.253685455340843
2.18,89.5202985572688,89.29902483654624,-0.22127372072256435,0.1228868193068558,61,2.197424857300234
2.19,89.5262290382257,89.30570769224074,-0.22052134598493467,0.12622833583372256,61,2.1428668706645624
2.2,89.53666086195605,88.97077898611009,-0.5658818758459461,0.133750167955751,62,9.294819917418522
2.21,89.54559549330358,88.98594521410361,-0.5596502791999569,0.1372809276587718,62,9.070111023919821
2.22,89.55180368422143,89.0009168325379,-0.550886851683515,0.1408536457215393,62,8.850410663245128
2.23,89.56246255873305,89.01568820382965,-0.5467743549033912,0.14446615895218662,62,8.635655985486892
2.24,89.5674921607837,89.03027555231353,-0.5372166084701746,0.1481161920414983,62,8.4257285268435
2.25,89.57540750502187,89.04469414186099,-0.5307133631608849,0.15180136273639333,62,8.220413109599576
2.2600000000000002,89.58429636000221,89.05896585683361,-0.5253305031686182,0.15551918698064446,62,8.019606209871995
2.27,89.593751010881,89.07307469092532,-0.520676319955669,0.15926708471413983,62,7.823291244869438
2.2800000000000002,89.60248666761913,89.08700915861755,-0.5154775090015846,0.16304238637894583,62,7.631519772282019
2.29,89.60830911634949,88.5110195322301,-1.0972895841193804,0.1768377572235335,64,10.782511433851198
2.3000000000000003,89.61349130629077,88.53812946070133,-1.0753618455894411,0.18087167100827198,64,10.554821439127124
2.31,89.62367410658362,88.29842985466941,-1.3252442519142278,0.1901136816337502,65,10.44347900806116
2.3200000000000003,89.63232553480614,88.3304435669351,-1.3018819678710543,0.19429041332617442,65,10.224320454003788
2.33,89.63905923841929,88.3618001831373,-1.277259055282002,0.1984811515023642,65,10.010045976295544
2.3400000000000003,89.65062753675906,88.39250064595801,-1.2581268908010657,0.2026826035744416,65,9.800539963755455
2.35,89.6563688087316,88.42253540309568,-1.2338334056359201,0.2068914435780423,65,9.595765179257683
2.3600000000000003,89.66448678968851,88.45191716598089,-1.2125696237076227,0.21110432260779005,65,9.395611717665446
2.37,89.6729221534579,88.48069436667704,-1.1922277867808475,0.2153178805784322,65,9.200017222305348
2.38,89.68136789320388,88.50885842068855,-1.172509472515344,0.2195287563291184,65,9.008898557437192
2.39,89.69142007826238,88.53641960285702,-1.1550004754053589,0.22373359805993062,65,8.822134836981405
2.4,89.69925424574274,88.56337810811836,-1.1358761376243933,0.22792907426083364,65,8.639958270223417
2.41,89.70947366712934,88.58973963954453,-1.1197340275847978,0.23211188432378813,65,8.462238997549377
2.42,89.71469430921908,88.61549748412543,-1.0991968250936566,0.23627876852705976,65,8.288748040299652
2.43,89.72033304212911,88.64067403420583,-1.0796590079232828,0.24042651816790755,65,8.119421737908596
2.44,89.728431491836,88.66529370866219,-1.0631377831738291,0.24455198549295457,65,7.954174476037309
2.45,89.7331723975976,88.68936533692498,-1.0438070606726342,0.24865209312429176,65,7.7928121869832125
2.46,89.73771249769513,88.7128637472812,-1.0248487504139234,0.25272384192116326,65,7.635343170254231
2.47,89.74514627455048,88.73578302684113,-1.0093632477093593,0.25676431951880363,65,7.481726243007074
2.48,89.75223459242144,88.75815445677128,-0.9940801356501652,0.2607707090264666,65,7.331999010778844
2.49,89.75859231947211,88.77998196134442,-0.9786103581276961,0.2647402957822171,65,7.185966095519461
2.5,89.76699594496026,88.80124062601462,-0.9657553189456394,0.26867047353219947,65,7.043686197723872
2.5100000000000002,89.77048074720625,88.82196345051626,-0.9485172966899995,0.27255875034475946,65,6.905163948968948
2.52,89.77351755140535,88.84214478733882,-0.9313727640665093,0.27640275421675914,65,6.770130071576375
2.5300000000000002,89.7798215675185,88.86177938639811,-0.9180421811203701,0.2802002373682654,65,6.638707286882379
2.54,89.78316965101448,88.88088364903902,-0.9022860019754546,0.2839490796910762,65,6.510656961913469
2.5500000000000003,89.7840690040417,88.89944543030015,-0.8846235737415498,0.28764729231905795,65,6.385942107687214
2.56,89.78548166273299,88.91747847759329,-0.8680031851396848,0.29129302005119995,65,6.2648691621523085
2.5700000000000003,89.78831399915867,88.9349532238261,-0.8533607753325896,0.29488454258570473,65,6.147554128731997
2.58,89.78952768324058,88.72260083330252,-1.0669268499380564,0.305744375299675,66,6.034327194592947
2.5900000000000003,89.78952737806469,88.74259890051005,-1.0469284775546441,0.3092991989187627,66,5.9242689026602875
2.6,89.78952768324035,88.76194547980833,-1.0275822034320186,0.31279414921430454,66,5.817510736315569
2.6100000000000003,89.78910013197071,88.78065884263057,-1.0084412893401407,0.31622802665628436,66,5.71399219207828
2.62,89.78630990980261,88.79877439531967,-0.9875355144829427,0.31959976932017126,66,5.613668167725791
2.6300000000000003,89.78452432630638,88.81628979240868,-0.9682345338977143,0.3229084509931142,66,5.516248884697717
2.64,89.78316965101328,88.83319602704819,-0.9499736239650929,0.32615327860038723,66,5.421948477120736
2.65,89.77788370130614,88.8495119434388,-0.9283717578673532,0.3293335890306016,66,5.330748181672902
2.66,89.77121774671616,88.86524512051344,-0.9059726262027255,0.33244884635984207,66,5.242561457914945
2.67,89.76731973646216,88.66809077092026,-1.0992289655418972,0.343261339794061,67,5.3730597077805555
2.68,89.75529123304409,88.6854851921572,-1.0698060408868741,0.3463061062039294,67,5.287392254973014
2.69,89.74654001234086,88.70225210682679,-1.044287905514068,0.3492835491668326,67,5.2046011233814795
2.7,89.7357340431025,88.7184034889276,-1.0173305541748903,0.3521936012394277,67,5.124505439216989
2.71,89.72843149183288,88.73394599792556,-0.9944854939073196,0.35503630290612737,67,5.047017327431348
2.72,89.71647073743824,88.74888554952985,-0.9675851879084121,0.35781179768654814,67,4.971699142407942
2.73,89.70203866956703,88.76323234979506,-0.9388063197719703,0.3605203267413109,67,4.898535426599324
2.74,89.68439554212554,88.77698586972657,-0.9074096723989555,0.36316222378681423,67,4.827542973254822
2.75,89.66830698011373,88.790163400624,-0.8781435794897448,0.3657379096256581,67,4.758837020744238
2.7600000000000002,89.65367715833628,88.80276693247677,-0.8509102258595078,0.3682478869288759,67,4.692335746615868
2.77,89.63172250745725,88.81479286457957,-0.8169296428776818,0.3706927348462388,67,4.628147392995231
2.7800000000000002,89.61233621595323,88.82625604620944,-0.7860801697437978,0.37307310372870656,67,4.565943459778168
2.79,89.5932349586289,88.83718110525875,-0.7560538533701333,0.375389709787719,67,4.505868028878183
2.8000000000000003,89.56749185560145,88.84758074786897,-0.7199111077324574,0.3776433299086812,67,4.447617337322413
2.81,89.54324472425367,88.8574496313541,-0.685795092899582,0.37983479652399743,67,4.391317116564494
2.8200000000000003,89.51551553724181,88.86679067431177,-0.6487248629300382,0.38196499263196027,67,4.337085241094684
2.83,89.48275217054248,88.8756210726518,-0.6071310978906865,0.38403484717872816,67,4.2845897819467496
2.8400000000000003,89.4479667091166,88.88396095372234,-0.5640057553942484,0.38604533021715176,67,4.233743241353466
2.85,89.416529026011,88.89181388555431,-0.5247151404566921,0.3879974483201418,67,4.184539226411658
2.8600000000000003,89.39134195325698,88.89917906449098,-0.49216288876601766,0.3898922401657956,67,4.136956007755543
2.87,89.35213998792486,88.90606647577582,-0.44607351214904156,0.3917307725099057,67,4.091007874181628
2.8800000000000003,89.31954202649897,88.71772005806103,-0.601821968437946,0.40178638841853814,68,7.215724095848884
2.89,89.29091257093245,88.72531896585599,-0.5655936050764581,0.4035459152539305,68,7.147370020647401
2.9000000000000004,89.24506265638158,88.73242492379563,-0.5126377325859437,0.4052515438582457,68,7.080770950684638
2.91,89.2115009498385,88.73904960961404,-0.47245134022443835,0.40690443674991256,68,7.015824914031441
2.92,89.16817300794386,88.74520531963957,-0.4229676883043112,0.40850576651163234,68,6.952497685555954
2.93,89.11623971936956,88.75090096995856,-0.365338749410995,0.4100567128167555,68,6.890826323403701
2.94,89.06201578138118,88.75614815161381,-0.3058676297673628,0.4115584593520272,68,6.830749250797112
2.95,89.01090280530687,88.76095129686155,-0.24995150844532077,0.41301219108443504,68,6.772203946117031
2.96,88.9673069190763,88.76531398005443,-0.20199293902186355,0.41441909180927033,68,6.715319325962298
2.97,88.91513742444732,88.7692504789491,-0.14588694549820502,0.4157803418695001,68,6.659907007071354
2.98,88.85215951917377,88.77277411015062,-0.07938540902313207,0.41709711579766673,68,6.60583349643403
2.99,88.78475748059944,88.77589258847378,-0.008864892125643564,0.41837058043220293,68,6.553060609711906
3.0,88.71550546643917,88.77860717465157,0.06310170821240035,0.4196018931212672,68,6.50167691766103
3.0100000000000002,88.65427225110705,88.78093043868175,0.12665818757471925,0.4207922001271402,68,6.451677671767726
3.02,88.61488412854834,88.78287039721087,0.1679862686625313,0.42194263499085344,68,6.402861816949638
3.0300000000000002,88.57992410657559,88.78444741527903,0.20452330870344326,0.4230543171936384,68,6.355194753415105
3.04,88.51577219007157,88.59670602186213,0.08093383179055991,0.43239734768992344,69,7.360200299208543
3.0500000000000003,88.46979227063787,88.59863720444258,0.1288449338047144,0.43345047359897954,69,7.311554442258455
3.06,88.41988351819637,88.60020202297083,0.18031850477444777,0.4344675364153542,69,7.264103779613436
3.0700000000000003,88.36693155286426,88.60140673337868,0.23447518051443694,0.43544960629725166,69,7.21774532151656
3.08,88.31203622815715,88.60226411267969,0.290227884522551,0.43639773411317967,69,7.17244491720399
3.0900000000000003,88.26307229993441,88.60278011514141,0.33970781520702076,0.43731295083795607,69,7.128170339049063
3.1,88.20895944593042,88.60295541872847,0.3939959727980522,0.4381962670676799,69,7.0850022316742525
3.1100000000000003,88.13568399427018,88.60280267012622,0.4671186758560566,0.4390486724312424,69,7.04286083330075
3.12,88.07148935315678,88.60233144512694,0.5308420919701575,0.4398711352453126,69,7.001697268519791
3.1300000000000003,88.01229104993402,88.60154950400555,0.589258454071512,0.4406646023183957,69,6.961427580605175
3.14,87.9778821754222,88.6004712573852,0.6225890819629853,0.44142999867247523,69,6.922023697586809
3.1500000000000004,87.93468423841037,88.59910256820346,0.6644183297930795,0.44216822743884987,69,6.883464440174606
3.16,87.84658029553918,88.59744949909657,0.7508692035573858,0.44288016977631217,69,6.845722800945225
3.1700000000000004,87.78321023938673,88.59552228731197,0.8123120479252179,0.4435666848635098,69,6.808772361040667
3.18,87.71726694104677,88.59332764215188,0.8760607011051036,0.4442286099133582,69,6.772687082336148
3.19,87.66144052503105,88.5908803943923,0.9294398693612607,0.44486676029427685,69,6.73734523965112
3.2,87.60178750989422,88.58818923076996,0.9864017208757332,0.44548192947209836,69,6.702717762426971
3.21,87.53495798108551,88.58525780969411,1.0502998286086154,0.4460748893540679,69,6.668882335143678
3.22,87.48767190930806,88.58209796333593,1.0944260540278492,0.44664639052764177,69,6.635715950499588
3.23,87.44594675061654,88.57871704121128,1.132770290594749,0.44719716241814506,69,6.603200173897989
3.24,87.37359903333129,88.5751211123275,1.20152207899622,0.4477279135884973,69,6.571345702749454
3.25,87.32701730725697,88.57131012714066,1.2442928198836967,0.44823933207109334,69,6.5403227806880295
3.2600000000000002,87.28547159192485,88.56729459412809,1.2818230022032253,0.44873208556834066,69,6.509942999713587
3.27,87.22690011975678,88.56308418987996,1.3361840701231813,0.4492068218250414,69,6.480138510677591
3.2800000000000002,87.1851371192684,88.55868032654733,1.3735432072789422,0.4496641689485084,69,6.4508885466450465
3.29,87.13315561292066,88.55409196675744,1.4209363538367938,0.4501047359065298,69,6.422174938344398
3.3000000000000003,87.0763321876276,88.54932501828345,1.472992830655869,0.45052911283864727,69,6.393971000967042
3.31,87.02257944104548,88.54438640686473,1.521806965819252,0.45093787144018316,69,6.366267228387528
3.3200000000000003,86.96448526379928,88.5392799665359,1.5747947027366251,0.4513315653687672,69,6.339054777438065
3.33,86.93121530530306,88.53401224754934,1.6027969422463002,0.4517107305500941,69,6.312311640520051
3.3400000000000003,86.90805765149435,88.5285906801841,1.6205330286897492,0.4520758857500073,69,6.286077554592026
3.35,86.84168344495126,88.52302228455876,1.6813388396075197,0.4524275329966969,69,6.260342658043612
3.3600000000000003,86.8045554542285,88.51731070950606,1.712755255277557,0.45276615785262403,69,6.2351281545361985
3.37,86.77228647229481,88.51145801647856,1.7391715441837619,0.45309222990673687,69,6.210362823199489
3.3800000000000003,86.7461649512986,88.50547156849802,1.759306617199428,0.453406203062534,69,6.186001476409217
3.39,86.65382272717738,88.49936036902311,1.8455376418457377,0.4537085162009221,69,6.162030990781375
3.4000000000000004,86.62104288098587,88.49312616699657,1.8720832860107066,0.45399959327195577,69,6.138424599957233
3.41,86.59642221448186,88.48676916891321,1.890346954431351,0.454279843638603,69,6.115170156468054
3.4200000000000004,86.56756204602473,88.48029806969313,1.9127360236684012,0.45454966282601866,69,6.092255947927015
3.43,86.5414801978801,88.47372018283666,1.9322399849565386,0.4548094330004876,69,6.0696727641828545
3.44,86.50727151868077,88.46703692636753,1.9597654076867457,0.4550595232024093,69,6.047422983230376
3.45,86.45176706311426,88.46025174116568,2.008484678051417,0.4553002895933096,69,6.025557423049605
3.46,86.42466531750867,88.45336996016789,2.0287046426592212,0.45553207604188933,69,6.004031477283775
3.47,86.36113229748904,88.4463994520044,2.08526715451535,0.4557552145476087,69,5.982799898894314
3.48,86.30862466809441,88.43934103583132,2.130716367736909,0.45597002555141347,69,5.96193264283059
3.49,86.27245370862164,88.43219562324755,2.159741914625897,0.45617681788692105,69,5.941343155489051
3.5,86.2466337012973,88.42496875435299,2.17833505305569,0.45637588933534823,69,5.9210188356350955
3.5100000000000002,86.1959565162386,88.41766922484699,2.221712708608379,0.45656752724184274,69,5.900965921948284
3.52,86.15409585950022,88.41029673049205,2.2562008709918473,0.4567520088234615,69,5.8811553051207
3.5300000000000002,86.11481637951962,88.40285625179865,2.288039872279029,0.4569296013278263,69,5.8616328978028776
3.54,86.07275857922656,88.39535298107918,2.3225944018526263,0.4571005627047989,69,5.842373737163882
3.5500000000000003,86.03596017834755,88.38779120415117,2.3518310258036195,0.45726514163356274,69,5.8233313435540595
3.56,86.0108939552029,88.38016971800313,2.369275762800214,0.45742357771926645,69,5.8045043136751815
3.5700000000000003,85.98306863781995,88.37249132403377,2.389422686213834,0.45757610182597985,69,5.785904253036563
3.58,85.95576181408939,88.36476301281215,2.4090011987227626,0.45772293643233003,69,5.76751691920785
3.5900000000000003,85.93033914563225,88.35698813226632,2.4266489866340635,0.4578642959160533,69,5.749316831169182
3.6,85.8870588111595,88.34917235513058,2.4621135439710713,0.45800038688713457,69,5.731307305706167
3.6100000000000003,85.8617362403586,88.3413187288268,2.4795824884682247,0.4581314083603532,69,5.713486204498025
3.62,85.81749887463585,88.33342801044175,2.515929135805891,0.45825755219725256,69,5.695861190769051
3.6300000000000003,85.77316446301464,88.32550197801413,2.5523375149994934,0.4583790031948317,69,5.678441533940912
3.64,85.74066720959655,88.31754105534475,2.576873845748196,0.4584959392682605,69,5.661247792375548
3.6500000000000004,85.72920938488943,88.30955282828067,2.580343443391257,0.4586085317153621,69,5.644225309841005
3.66,85.71132211682291,88.30153475135941,2.590212634536499,0.45871694568618315,69,5.627457694024486
3.6700000000000004,85.70304117199859,88.29349247773294,2.590451305734348,0.4588213402826998,69,5.610917587721872
3.68,85.68379831311177,88.28543090569127,2.601632592579506,0.458921868790865,69,5.59457004821806
3.6900000000000004,85.64038003918589,88.27734583156301,2.6369657923771115,0.4590186784871313,69,5.578382120928836
3.7,85.58556100842407,88.26923894830132,2.6836779398772705,0.4591119109475197,69,5.562347712165035
3.71,85.57995035168568,88.26111440932151,2.68116405763584,0.4592017025424689,69,5.546523257499189
3.72,85.56877511975199,88.25297753593276,2.684202416180767,0.45928818476813016,69,5.530873099701836
3.73,85.52717264172452,88.24482692654999,2.7176542848254712,0.4593714841332136,69,5.515409165770905
3.74,85.5027161597908,88.23666377116281,2.7339476113720025,0.4594517222807854,69,5.500083777291877
3.75,85.46934732434147,88.0399494903245,2.5706021659830185,0.46719558481438506,70,7.559576281862832
3.7600000000000002,85.46189218518123,88.03204732408466,2.5701551389034307,0.4672702232055224,70,7.54254806739209
3.77,85.44897867199751,88.0241348122264,2.5751561402288985,0.4673421119199283,70,7.525649410886359
3.7800000000000002,85.4200232886966,88.0162154543622,2.596192165665599,0.46741135651571347,70,7.508833878955727
3.79,85.41954690930194,88.00829036985964,2.58874346055768,0.46747805858703245,70,7.492143981744874
3.8000000000000003,85.40336557385262,88.00035956854983,2.5969939946971863,0.46754231592979806,70,7.475589721456146
3.81,85.37708536145016,87.9924257014025,2.615340339952354,0.4676042224448347,70,7.459162855297677
3.8200000000000003,85.35288095471176,87.98449175210155,2.631610797389783,0.46766386862219306,70,7.442867066891637
3.83,85.32823465344214,87.97655932932967,2.6483246758875225,0.46772134146123445,70,7.42668658648779
3.8400000000000003,85.32425668713341,87.96862937777628,2.6443726906428537,0.4677767249042258,70,7.410641461826572
3.85,85.31592874523878,87.96070671507718,2.644777969838401,0.46783009977592244,70,7.394700223509119
3.8600000000000003,85.27827035900819,87.95279094388542,2.6745205848772287,0.46788154369343704,70,7.378843171798678
3.87,85.26148416516043,87.94487899456502,2.683394829404591,0.4679311310714656,70,7.3630629184768
3.8800000000000003,85.21414438244548,87.9369739638536,2.7228295814081207,0.4679789334636678,70,7.347389834958051
3.89,85.21090677258209,87.92907832538576,2.7181715528036534,0.46802501994719936,70,7.331804212171136
3.9000000000000004,85.16417306896872,87.92119190114411,2.7570188321753903,0.46806945700925345,70,7.316284620114033
3.91,85.10094156262096,87.91331693772234,2.8123753751013965,0.46811230856126745,70,7.300873627418611
3.9200000000000004,85.06690134045286,87.90545450058151,2.8385531601286402,0.4681536362134832,70,7.285570316183282
3.93,85.06595315930039,87.8976072362485,2.831654076948098,0.46819349915881947,70,7.270366472273167
3.9400000000000004,85.05742990490577,87.88977338338418,2.832343478478407,0.4682319542420273,70,7.255252335140426
3.95,85.03173196789393,87.88195608132204,2.850224113428112,0.4682690562891912,70,7.24021355865554
3.9600000000000004,85.0317322730696,87.87415666554578,2.8424243924761754,0.4683048580277811,70,7.225254988077495
3.97,85.02991434094059,87.86637240839227,2.836458067451673,0.46833941015050734,70,7.210443760319862
3.98,85.01508432385066,87.85860604480077,2.8435217209500934,0.46837276120907356,70,7.19576507944771
3.99,85.00096597668258,87.85085903267316,2.8498930559905773,0.46840495801651705,70,7.181156605068907
4.0,85.00096567150669,87.84313031477299,2.842164643266301,0.46843604549248796,70,7.1666327386135436
4.01,84.97532632824485,87.83541972476067,2.860093396515822,0.4684660667245809,70,7.152197589049109
4.0200000000000005,84.96849618908459,87.82772879127268,2.8592326021880865,0.4684950633000796,70,7.137841878859206
4.03,84.96849649426025,87.82005345464465,2.851556960384414,0.46852307523967457,70,7.123558209973737
4.04,84.95249704357656,87.81239573696676,2.859898693390221,0.46855014072847023,70,7.109339915768089
4.05,84.94673074718972,87.80475747953527,2.858026732345536,0.4685762964984652,70,7.095196271025685
4.0600000000000005,84.94673105236538,87.79713923363089,2.850408181265493,0.4686015779788539,70,7.081130827328934
4.07,84.91671121593947,87.78953977865842,2.8728285627189507,0.4686260190502482,70,7.067143899908643
4.08,84.91058603283389,87.78195951174261,2.8713734789087084,0.4686496523720276,70,7.053240702219625
4.09,84.91058633800955,87.77439490675194,2.8638085687423995,0.4686725090356472,70,7.039416120383919
4.1000000000000005,84.90377267834145,87.76684624267246,2.863073564330989,0.46869461888084263,70,7.0256602870829
4.11,84.90377237316557,87.75931670838234,2.8555443352167913,0.4687160108174156,70,7.011967542454556
4.12,84.90162790295062,87.75180337295402,2.8501754700033928,0.46873671246556503,70,6.998337147591286
4.13,84.90162759777473,87.74430938682977,2.8426817890550353,0.4687567504692302,70,6.984785499727167
4.140000000000001,84.88623178478636,87.73683494313497,2.850603158348605,0.4687761505405008,70,6.971307767878386
4.15,84.88623208996202,87.72938315019788,2.8431510602358685,0.4687949374590602,70,6.957903459631638
4.16,84.87015024181741,87.72195270654244,2.85180246472504,0.46881313508643924,70,6.944568247534107
4.17,84.87015054699307,87.71454241439177,2.8443918673987127,0.4688307661989186,70,6.931290618118425
4.180000000000001,84.87015024181719,87.7071562973969,2.8370060555797068,0.4688478528491965,70,6.918077869360275
4.19,84.86262918468819,87.69979128417661,2.8371620994884097,0.46886441641557436,70,6.904909017240357
4.2,84.86262948986385,87.69244544426837,2.8298159544045234,0.46888047731734317,70,6.8918022902698794
4.21,84.86093118664107,87.6851191922287,2.8241880055876436,0.46889605520530603,70,6.878768317897823
4.220000000000001,84.86093088146518,87.67781507363667,2.8168841921714716,0.4689111690107244,70,6.865805086328123
4.23,84.86093118664084,87.67053323288748,2.8096020462466527,0.46892583677836075,70,6.8528936475697435
4.24,84.83253915783214,87.6632738584479,2.83073470061575,0.4689400759770422,70,6.840020163733925
4.25,84.8325394630078,87.65603446598756,2.8234950029797687,0.46895390317081315,70,6.827199622206848
4.26,84.83253915783192,87.64881827935625,2.8162791215243317,0.4689673343577715,70,6.814436294671509
4.2700000000000005,84.80597513195289,87.64162537991834,2.8356502479654466,0.4689803850453965,70,6.801734716222228
4.28,84.80597543712855,87.63445948064363,2.8284840435150613,0.4689930702466729,70,6.789082190763736
4.29,84.80597513195266,87.62731530681707,2.8213401748644173,0.469005404323154,70,6.776488623597061
4.3,84.80597543712832,87.62019486299268,2.814219425864337,0.46901740086387855,70,6.763941896414224
4.3100000000000005,84.77902322765556,87.61309765731517,2.8340744296596085,0.4690290730590123,70,6.75144568642628
4.32,84.77902292247967,87.60602387394417,2.8270009514644983,0.46904043365833786,70,6.739003517937164
4.33,84.77902322765533,87.59897481494194,2.819951587286596,0.4690514950321542,70,6.726608968184678
4.34,84.77902292247944,87.59195063191045,2.812927709430994,0.4690622690601401,70,6.714269472608862
4.3500000000000005,84.77569437023323,87.58495251825651,2.8092581480232752,0.46907276713804325,70,6.701981959589631
4.36,84.77569467540889,87.57797734449967,2.8022826690908005,0.46908300024623045,70,6.689819494757188
4.37,84.775694370233,87.5710258281612,2.7953314579281994,0.469092979046567,70,6.677746221259866
4.38,84.77569467540866,87.56409498264073,2.7884003072320525,0.46910271368256584,70,6.665718897832932
4.390000000000001,84.77569437023277,87.55718818782881,2.7814938175960435,0.4691122136781123,70,6.653740462639433
4.4,84.76743844982252,87.55030562530952,2.782867175487013,0.46912148838542705,70,6.641823837342912
4.41,84.76743814464663,87.54344999462097,2.7760118499743385,0.4691305466927554,70,6.629956152753778
4.42,84.7674384498223,87.53662096246114,2.7691825126388494,0.46913939736115434,70,6.6181372462983745
4.430000000000001,84.7674381446464,87.52981671845727,2.7623785738108495,0.4691480487462859,70,6.606374688537841
4.44,84.76743844982207,87.52303651343044,2.7555980636083746,0.4691565086918959,70,6.594664941346991
4.45,84.76743814464618,87.51628118755559,2.7488430429094137,0.469164784815709,70,6.582993900233191
4.46,84.76081918712654,87.5095505928001,2.7487314056735386,0.46917288463529605,70,6.571373322536829
4.470000000000001,84.7608194923022,87.50284439168051,2.7420248993782934,0.4691808153524239,70,6.559795200789409
4.48,84.76081918712632,87.49616487444081,2.735345687314492,0.46918858372290917,70,6.548264995027466
4.49,84.76081949230198,87.4895096206243,2.7286901283223415,0.469196196182102,70,6.536782537225179
4.5,84.76081918712609,87.48287841414782,2.722059227021731,0.4692036588230858,70,6.525355975571017
4.51,84.76081949230175,87.47627073612789,2.7154512438261236,0.4692109776300639,70,6.513981321429554
4.5200000000000005,84.76081918712586,87.46968959645473,2.708870409328881,0.46921815833925695,70,6.502656233681961
4.53,84.7359501075359,87.46313289995331,2.727182792417409,0.4692252064826155,70,6.491383533704095
4.54,84.73594980236001,87.4566019373928,2.7206521350327932,0.46923212745089243,70,6.480165237821097
4.55,84.73595010753567,87.45009534004784,2.7141452325121804,0.4692389263465245,70,6.468998383439839
4.5600000000000005,84.73594980235978,87.44361395243618,2.707664150076397,0.46924560801486725,70,6.457869410030241
4.57,84.73595010753544,87.43715950026436,2.701209392728913,0.469252177217016,70,6.446793494094408
4.58,84.73594980235956,87.430730779558,2.694780977198434,0.46925863876808566,70,6.435765181618422
4.59,84.73061502452742,87.42432605373727,2.693711029209851,0.4692649970460965,70,6.424770971994178
4.6000000000000005,84.73061532970308,87.41794467419997,2.687329344496902,0.46927125630984434,70,6.413814830728711
4.61,84.7306150245272,87.41158832286393,2.6809732983367383,0.46927742055316857,70,6.402901428489827
4.62,84.73061532970286,87.40525819354136,2.6746428638385,0.4692834937146998,70,6.392026203413991
4.63,84.73061502452697,87.39895314302495,2.668338118497985,0.4692894795864606,70,6.381190344040249
4.640000000000001,84.73061532970263,87.39267160302312,2.662056273320502,0.46929538185057146,70,6.370397013268274
4.65,84.73061502452674,87.38641467609374,2.6557996515670084,0.4693012039472051,70,6.359640022118185
4.66,84.7306153297024,87.3801834455404,2.649568115838008,0.46930694907125703,70,6.348923135277431
4.67,84.70547769542495,87.3739788236699,2.668501128244941,0.46931262045548766,70,6.338255596193875
4.680000000000001,84.70547739024906,87.36779902785622,2.662321637607164,0.4693182212407156,70,6.327636346637377
4.69,84.70547769542472,87.3616427330484,2.65616503762368,0.4693237544591644,70,6.317057639470335
4.7,84.70547739024883,87.35551080504231,2.6500334147934836,0.4693292229251367,70,6.306519562370994
4.71,84.70547769542449,87.3494027187674,2.643925023342888,0.46933462932537356,70,6.296013173185344
4.720000000000001,84.7054773902486,87.34331871490943,2.637841324660826,0.46933997620151674,70,6.285544327581505
4.73,84.70547769542426,87.33726003328054,2.6317823378562935,0.4693452660025711,70,6.27510257019145
4.74,84.69823740001402,87.3312230946049,2.6329856945908716,0.46935050103526593,70,6.264689366412796
4.75,84.69823709483813,87.32520935922825,2.626972264390133,0.46935568358120905,70,6.254308126263339
4.76,84.6982374000138,87.31921762783205,2.620980227818251,0.4693608158068755,70,6.243955102846172
4.7700000000000005,84.6982370948379,87.31324776898408,2.6150106741461627,0.469365899755284,70,6.233631568964427
4.78,84.69823740001357,87.30729909623828,2.609061696224728,0.4693709373625231,70,6.223342919379405
4.79,84.69823709483768,87.30137425564072,2.603137160803044,0.46937593059283256,70,6.21307106059615
4.8,84.69823740001334,87.29547151644886,2.5972341164355157,0.4693808812332703,70,6.202829909798567
4.8100000000000005,84.69196390147809,87.28959026598889,2.597626364510802,0.4693857910600785,70,6.19262228721189
4.82,84.69196420665375,87.283729135475,2.5917649288212488,0.4693906617212964,70,6.182447861514106
4.83,84.69196390147786,87.27788908875111,2.585925187273233,0.4693954948005559,70,6.172293299520902
4.84,84.69196420665352,87.27207196545139,2.580107758797851,0.4694002918171316,70,6.1621766814250805
4.8500000000000005,84.69196390147764,87.26627605884472,2.5743121573671033,0.4694050542680137,70,6.152103905112426
4.86,84.6919642066533,87.26050179825954,2.56853759160623,0.46940978363252295,70,6.142071788957878
4.87,84.69196390147741,87.25474713098372,2.5627832295062944,0.4694144812555692,70,6.132071608869921
4.88,84.69196420665307,87.24901324965634,2.557049043003275,0.46941914830670306,70,6.122101200513725
4.890000000000001,84.69196390147718,87.24330186532377,2.5513379638466063,0.4694237859905123,70,6.112165565819822
4.9,84.6836432838013,87.23760898766469,2.5539657038633834,0.46942839550228455,70,6.102262702400935
4.91,84.68364297862541,87.23193524065186,2.5482922620264503,0.4694329779433035,70,6.0923955577384845
4.92,84.68364328380108,87.22628088495433,2.542637601153274,0.4694375343328998,70,6.082564807428469
4.930000000000001,84.68364297862519,87.22064616838084,2.5370031897556373,0.4694420657057156,70,6.072770789851035
4.94,84.68364328380085,87.21503178626527,2.531388502464438,0.46944657296039843,70,6.063006601912917
4.95,84.68364297862496,87.20943828052766,2.52579530190269,0.46945105709488144,70,6.053272110531395
4.96,84.68364328380062,87.2038653646189,2.520222080818286,0.469455519258791,70,6.04357577586174
4.970000000000001,84.68364297862473,87.19831362658539,2.5146706479606564,0.46945996033863235,70,6.033913345052866
4.98,84.64070932383947,87.19278264052619,2.552073316686716,0.46946438117058253,70,6.024273892062979
4.99,84.64070901866359,87.18727247507067,2.5465634564070854,0.4694687826688894,70,6.014658743474399
5.0,84.64070932383925,87.18178365309183,2.541074329252581,0.46947316582829435,70,6.005063431460826
5.010000000000001,84.64070901866336,87.17631592499427,2.535606906330912,0.469477531624079,70,5.995487213932506
5.0200000000000005,84.64070932383902,87.17086853976943,2.5301592159304107,0.46948188088623233,70,5.985940215260541
5.03,84.64070901866313,87.16544301330306,2.5247339946399165,0.46948621441112354,70,5.976425330050972
5.04,84.64070932383879,87.16003851582815,2.519329191989357,0.4694905330297327,70,5.966942100433272
5.05,84.6395224952254,87.15465315149889,2.5151306562734703,0.4694948374130569,70,5.957490682159033
5.0600000000000005,84.63952219004952,87.14928722666407,2.509765036614567,0.4694991281297167,70,5.948068644983607
5.07,84.63952249522518,87.14394148623913,2.5044189910139494,0.4695034057612022,70,5.938680439994073
5.08,84.63952219004929,87.13861578182151,2.4990935917722368,0.4695076709721359,70,5.929320932444938
5.09,84.63952249522495,87.13331027361943,2.493787778394477,0.4695119244410935,70,5.9199926581439115
5.1000000000000005,84.63952219004906,87.12802387984551,2.4885016897964647,0.46951616677250924,70,5.910693996386584
5.11,84.63952249522472,87.12275848996107,2.483235994736333,0.469520398473027,70,5.901431077588285
5.12,84.63952219004884,87.11751278377871,2.477990593729885,0.4695246200465135,70,5.8921998601588825
5.13,84.6395224952245,87.11228776359332,2.4727652683688177,0.46952883204427753,70,5.882998880563946
5.140000000000001,84.63952219004861,87.10708369542522,2.467561505376608,0.469533034930981,70,5.873819295514949
5.15,84.62461038584928,87.10189962131318,2.4772892354639,0.4695372292308991,70,5.864672439393104
5.16,84.62461069102494,87.0967338948341,2.4721232038091614,0.46954141535385924,70,5.855556565722992
5.17,84.62461038584905,87.09158647779354,2.4669760919445025,0.46954559367590065,70,5.846463289537013
5.180000000000001,84.62461069102471,87.0864574936713,2.4618468026465905,0.46954976465789144,70,5.837393189890008
5.19,84.62461038584883,87.08134655032418,2.456736164475359,0.46955392859541173,70,5.828357863070323
5.2,84.62461069102449,87.07625445346191,2.4516437624374134,0.4695580857454055,70,5.819350407987088
5.21,84.6246103858486,87.07117974851073,2.4465693626621317,0.4695622364001367,70,5.810370259858246
5.220000000000001,84.62461069102426,87.06612224006331,2.441511549039035,0.46956638080713026,70,5.8014140046680325
5.23,84.57308084483276,87.06108358862444,2.4880027437916965,0.4695705193427324,70,5.792485389482806
5.24,84.57308115000842,87.05606180638688,2.4829806563784587,0.4695746522707439,70,5.783584817280172
5.25,84.57308084483253,87.05105797192324,2.4779771270906963,0.4695787798025013,70,5.774718794635248
5.260000000000001,84.57308115000819,87.04607218128164,2.472991031273466,0.46958290225725735,70,5.765882098884106
5.2700000000000005,84.5730808448323,87.04110528567735,2.4680244408450562,0.46958701978784656,70,5.757066612283609
5.28,84.57308115000797,87.03615816340184,2.463077013393871,0.46959113250683887,70,5.748277960895507
5.29,84.57308084483208,87.0312275447159,2.4581466998838266,0.469595240446832,70,5.739522519152587
5.3,84.57308115000774,87.02631492568426,2.453233775676523,0.4695993437375977,70,5.730794488056404
5.3100000000000005,84.57308084483185,87.02141900224063,2.4483381574087844,0.4696034425678695,70,5.722086470814503
5.32,84.56117746348409,87.01654056346702,2.4553630999829466,0.4696075370846133,70,5.713405798165979
5.33,84.56117776865975,87.01168044652965,2.450502677869906,0.46961162758545183,70,5.704746603580077
5.34,84.56117746348386,87.00683678223727,2.445659318753428,0.46961571437447935,70,5.69611619467787
5.3500000000000005,84.56117776865952,87.00200893726904,2.4408311686095203,0.4696197974743939,70,5.687513252846287
5.36,84.56117746348363,86.99719713916274,2.4360196756791197,0.4696238769748827,70,5.6789299945398
5.37,84.56117776865929,86.99240121442948,2.431223445770172,0.4696279529890274,70,5.670370144855156
5.38,84.5611774634834,86.98762200019885,2.426444536715451,0.4696320256595396,70,5.661835565190245
5.390000000000001,84.56117776865906,86.98285901085082,2.4216812421917666,0.46963609510391874,70,5.653322953070813
5.4,84.56117746348318,86.9781117433649,2.4169342798817297,0.4696401614841947,70,5.6448384290167155
5.41,84.56117776865884,86.9733814623594,2.412203693700576,0.46964422498122155,70,5.636380260567108
5.42,84.53451303477198,86.96866773972809,2.4341547049561143,0.46964828576723355,70,5.627950209556076
5.430000000000001,84.53451272959609,86.96397033449936,2.429457604903291,0.4696523439372405,70,5.619551452065821
5.44,84.53451303477175,86.959289107065,2.424776072293241,0.46965639957148886,70,5.611177334492311
5.45,84.53451272959586,86.95462293792225,2.4201102083263777,0.46966045279021734,70,5.602826730913222
5.46,84.53451303477152,86.94997284005757,2.415459805286048,0.4696645037569005,70,5.594500778000963
5.470000000000001,84.53451272959563,86.94533861369592,2.4108258841002908,0.4696685524686085,70,5.586196967586261
5.48,84.5345130347713,86.94072068356839,2.4062076487970785,0.4696725989414589,70,5.5779232608146
5.49,84.5345127295954,86.93611770653996,2.4016049769445544,0.46967664312018,70,5.569676578400561
5.5,84.53451303477107,86.93152901356402,2.3970159787929504,0.46968068494194243,70,5.5614594150347045
5.510000000000001,84.51701211924362,86.92695515856768,2.409943039324048,0.4696847244418855,70,5.553269834671056
5.5200000000000005,84.51701181406773,86.92239611798584,2.4053843039181118,0.4696887617341883,70,5.545106501930121
5.53,84.51701211924339,86.91785236455301,2.4008402453096096,0.4696927968705554,70,5.536964927586865
5.54,84.5170118140675,86.91332414190731,2.3963123278398086,0.46969682977126737,70,5.52884279289799
5.55,84.51701211924316,86.90881098956667,2.3917988703234982,0.4697008605589812,70,5.520748778205359
5.5600000000000005,84.51701181406727,86.90431272721958,2.387300913152302,0.46970488929311477,70,5.5126822282539365
5.57,84.51701211924293,86.8998286597709,2.3828165405279833,0.46970891588189123,70,5.50464188933816
5.58,84.51701181406705,86.89535965870184,2.3783478446347885,0.46971294027812666,70,5.496628653835103
5.59,84.51701211924271,86.8909062155509,2.3738940963081916,0.46971696252849454,70,5.488636589384669
5.6000000000000005,84.51701181406682,86.88646681328242,2.3694549992156055,0.46972098266991164,70,5.480670783358335
5.61,84.51701211924248,86.88204222573398,2.3650301064915027,0.4697250007721051,70,5.472728104815133
5.62,84.50219919199628,86.87763224353607,2.375433051539801,0.46972901690954916,70,5.464809763658025
5.63,84.5021988868204,86.87323552690572,2.371036640085322,0.46973303117667164,70,5.456981211165754
5.640000000000001,84.50219919199606,86.86885277962593,2.3666535876298553,0.46973704373243896,70,5.4491976923179095
5.65,84.50219888682017,86.86448342908714,2.362284542266991,0.469741054655406,70,5.441441907146412
5.66,84.50219919199583,86.86012719998408,2.3579280079882494,0.4697450639420658,70,5.433711170700576
5.67,84.50219888681994,86.85578586667873,2.3535869798587896,0.46974907170366975,70,5.426002210695515
5.680000000000001,84.5021991919956,86.85145895664604,2.3492597646504407,0.4697530780132388,70,5.418313542289468
5.69,84.50219888681971,86.84714642686059,2.3449475400408915,0.46975708285110157,70,5.410648819415144
5.7,84.50219919199537,86.84284791493712,2.3406487229417507,0.46976108622094537,70,5.403005979062755
5.71,84.50219888681949,86.83856255033827,2.336363663518796,0.4697650881496262,70,5.395382620187831
5.720000000000001,84.50219919199515,86.83428980739077,2.3320906153956287,0.4697690886432769,70,5.387781929510368
5.73,84.48326517099895,86.83003045396009,2.346765282961144,0.46977308772806475,70,5.380206541878238
5.74,84.48326486582306,86.82578471397612,2.3425198481530742,0.4697770854653329,70,5.372653232964694
5.75,84.48326517099872,86.82155188279484,2.3382867117961155,0.46978108182294764,70,5.3651233562078176
5.760000000000001,84.48326486582283,86.81733170241372,2.3340668365908925,0.46978507670917385,70,5.357619539288066
5.7700000000000005,84.4832651709985,86.81312488637201,2.329859715373516,0.46978907001947906,70,5.350133910635947
5.78,84.4832648658226,86.80893122209129,2.325666356268698,0.46979306172557106,70,5.342670344035042
5.79,84.48326517099827,86.80475194970192,2.3214867787036724,0.4697970518611411,70,5.335226303118475
5.800000000000001,84.48326486582238,86.8005860808162,2.317321214993825,0.4698010404819859,70,5.327802560348687
5.8100000000000005,84.48326517099804,86.79643254971893,2.313167378720891,0.46980502753099607,70,5.320400952334637
5.82,84.48326486582215,86.79229181165962,2.3090269458374735,0.4698090130184617,70,5.313024235921461
5.83,84.48326517099781,86.78816528639051,2.304900115392684,0.46981299704133994,70,5.305666512106654
5.84,84.48326486582192,86.7840531564512,2.3007882906292707,0.46981697968665326,70,5.298328183102768
5.8500000000000005,84.47021341318509,86.77995286262403,2.3097394494389505,0.46982096090973174,70,5.291013208511373
5.86,84.47021371836075,86.77586474396053,2.3056510255997864,0.46982494058427987,70,5.283718917115465
5.87,84.47021341318487,86.77178855860139,2.301575145416507,0.46982891863049714,70,5.276444062879818
5.88,84.47021371836053,86.76772562743832,2.297511909077798,0.469832894978617,70,5.269189228466189
5.890000000000001,84.47021341318464,86.76367624326052,2.293462830075896,0.46983686959343746,70,5.261955996066604
5.9,84.4702137183603,86.75963851965005,2.289424801289755,0.46984084247571495,70,5.254743131727196
5.91,84.47021341318441,86.75561320317415,2.2853997899897536,0.4698448135962546,70,5.247543820161184
5.92,84.47021371836007,86.75160067408416,2.281386955724088,0.46984878301000527,70,5.240355129448403
5.930000000000001,84.47021341318418,86.74760039914017,2.277386985955985,0.46985275066993937,70,5.23317856134932
5.94,84.47021371835984,86.7436129034718,2.2733991851119413,0.46985671657055866,70,5.226022824692535
5.95,84.47021341318396,86.73963762242919,2.269424209245244,0.46986068072857706,70,5.218885179121941
5.96,84.47021371835962,86.73567428085073,2.265460562491114,0.46986464319718196,70,5.211761664999216
5.970000000000001,84.46796365732436,86.73172237820009,2.263758720875728,0.4698686039778222,70,5.204654479648042
5.98,84.46796335214847,86.72778296929837,2.259819617149901,0.4698725630229608,70,5.197568485895943
5.99,84.46796365732413,86.72385652170779,2.255892864383668,0.46987652032231625,70,5.190502581759915
6.0,84.46796335214825,86.71994257872979,2.2519792265815397,0.4698804759565557,70,5.183455237156807
6.010000000000001,84.4679636573239,86.716039725381,2.248076068057088,0.46988442986048545,70,5.176428710131631
6.0200000000000005,84.46796335214802,86.71214835292415,2.2441850007761275,0.4698883820200637,70,5.169419659217311
6.03,84.46796365732368,86.70826798330157,2.2403043259778883,0.46989233241467165,70,5.162428906173716
6.04,84.46796335214779,86.7043999927281,2.236436640580308,0.46989628110150594,70,5.155456629792951
6.050000000000001,84.46796365732345,86.70054372563878,2.2325800683153147,0.4699002280888688,70,5.148503430460011
6.0600000000000005,84.46796335214756,86.6966987319819,2.2287353798343474,0.46990417335081847,70,5.14157061824028
6.07,84.46796365732322,86.6928651571698,2.224901499846567,0.46990811682853834,70,5.1346601553239
6.08,84.46796335214734,86.68904334048138,2.221079988334054,0.4699120585179128,70,5.127770635796111
6.09,84.467963657323,86.68523217708344,2.217268519760438,0.46991599834543896,70,5.120900944024044
6.1000000000000005,84.39220956796743,86.68143277927115,2.289223211303721,0.46991993623458733,70,5.114053247707773
6.11,84.39220926279154,86.67764402062868,2.2854347578371517,0.4699238720902652,70,5.107224394652576
6.12,84.3922095679672,86.67386666966269,2.2816571016954867,0.46992780585616484,70,5.1004121759714
6.13,84.39220926279131,86.67010088427469,2.277891621483377,0.46993173757750584,70,5.0936172841129235
6.140000000000001,84.39220956796697,86.66634603921474,2.274136471247772,0.4699356672502568,70,5.086843081077689
6.15,84.39220926279108,86.66260328507637,2.270394022285302,0.4699395948757724,70,5.0800851759186685
6.16,84.39220956796674,86.65887246471566,2.266662896748926,0.4699435205126726,70,5.07334734675743
6.17,84.39220926279086,86.65515231903073,2.2629430562398625,0.469947444198182,70,5.066630784074675
6.180000000000001,84.39220956796652,86.65144285668646,2.2592332887199404,0.4699513659411825,70,5.059935373252074
6.19,84.39220926279063,86.64774414583549,2.255534883044845,0.4699552856705765,70,5.053260997945955
6.2,84.39220956796629,86.64405650385427,2.2518469358879827,0.46995920332236424,70,5.046607556858618
6.21,84.3922092627904,86.64037942248711,2.2481701596967127,0.469963118833542,70,5.039974877301404
6.220000000000001,84.39220956796606,86.63671205443913,2.244502486473067,0.4699670321234918,70,5.033359958820142
6.23,84.39220926279017,86.63305521523726,2.2408459524471027,0.4699709431777105,70,5.026762603449583
6.24,84.3921741675752,86.6294090813298,2.2372349137546053,0.4699748519590844,70,5.0201853962526
6.25,84.39217386239932,86.62577256476715,2.2335987023678285,0.46997875838317876,70,5.013625144917228
6.260000000000001,84.39217416757498,86.62214682765506,2.2299726600800795,0.46998266242509446,70,5.0070823736543275
6.2700000000000005,84.39217386239909,86.61853121902628,2.2263573566272044,0.46998656408773687,70,5.0005572274669134
6.28,84.39217416757475,86.61492607436756,2.2227519067928085,0.4699904633194938,70,4.994050691723231
6.29,84.39217386239886,86.61133131125018,2.2191574488513197,0.46999436008459694,70,4.987560309543056
6.300000000000001,84.39217416757452,86.60774658187378,2.2155724142992597,0.4699982543098803,70,4.981086316626033
6.3100000000000005,84.39217386239864,86.60417263622081,2.211998773822188,0.47000214602115004,70,4.974649197171118
6.32,84.3921741675743,86.6006073017285,2.2084331341542054,0.47000603523657203,70,4.968296074929327
6.33,84.39217386239841,86.59705141765345,2.2048775552550524,0.4700099219370553,70,4.961962432250971
6.340000000000001,84.39217416757407,86.59350556926816,2.201331401694091,0.47001380608805027,70,4.955646558825293
6.3500000000000005,84.39217386239818,86.58996933424412,2.19779547184595,0.47001768764855534,70,4.949346624637883
6.36,84.39217416757384,86.58644288516282,2.194268717588983,0.47002156660691624,70,4.943063255838325
6.37,84.39217386239795,86.58292630713679,2.1907524447388482,0.47002544290787907,70,4.936792971851219
6.38,84.37143442147988,86.57941944506696,2.207985023587071,0.470029316514674,70,4.930541139163324
6.390000000000001,84.37143472665554,86.57592224327024,2.204487516614705,0.470033187395812,70,4.924308202998446
6.4,84.37143442147965,86.572434277043,2.2009998555633388,0.4700370555610704,70,4.918093475539905
6.41,84.37143472665531,86.56895554913407,2.197520822478765,0.47004092099263894,70,4.911891847261529
6.42,84.37143442147942,86.5654861048695,2.194051683390086,0.47004478365609137,70,4.905706161128478
6.430000000000001,84.37143472665508,86.56202754654817,2.1905928198930837,0.47004864349803566,70,4.899536218927324
6.44,84.3714344214792,86.5585790235707,2.1871446020915073,0.47005250054908226,70,4.893382208354836
6.45,84.37143472665485,86.55513930129742,2.1837045746425474,0.4700563548236694,70,4.887246302906192
6.46,84.37143442147897,86.55170841788147,2.180273996402491,0.47006020632763346,70,4.881128692693778
6.470000000000001,84.37143472665463,86.54828643879914,2.1768517121445257,0.47006405510531374,70,4.875027552837878
6.48,84.37143442147874,86.54487367702716,2.1734392555484305,0.4700679011385895,70,4.868943168594825
6.49,84.3714347266544,86.54146993310204,2.1700352064476363,0.4700717444048979,70,4.862871938983346
6.5,84.37143442147851,86.53807525821385,2.1666408367353256,0.47007558493164514,70,4.8568138983553695
6.510000000000001,84.37143472665417,86.53468960830904,2.163254881654865,0.4700794227155811,70,4.850771718246278
6.5200000000000005,84.35338998788455,86.53131348695837,2.177923499073813,0.470083257840066,70,4.844747346318485
6.53,84.35338968270867,86.52794742058224,2.174557737873556,0.47008709030928686,70,4.83874070023262
6.54,84.35338998788433,86.52459092010504,2.1712009322206995,0.4700909200906113,70,4.8327826494661394
6.550000000000001,84.35338968270844,86.52124285232817,2.1678531696197183,0.4700947471672306,70,4.826875356148946
6.5600000000000005,84.3533899878841,86.51790366946086,2.16451368157675,0.47009857147118067,70,4.820982626583486
6.57,84.35338968270821,86.51457326376912,2.161183581060925,0.47010239291677136,70,4.815106533665727
6.58,84.35338998788387,86.51125169902747,2.157861711143596,0.4701062114037434,70,4.8092435884943825
6.590000000000001,84.35338968270798,86.50793918877488,2.1545495060668998,0.47011002691148013,70,4.803395322360615
6.6000000000000005,84.35338998788365,86.5046353916628,2.1512454037791713,0.4701138394048959,70,4.797564010153735
6.61,84.35338968270776,86.5013404059364,2.1479507232286323,0.47011764885376395,70,4.791748328989172
6.62,84.35338998788342,86.4980537087029,2.1446637208194943,0.4701214551775759,70,4.785944659325139
6.63,84.35338968270753,86.49477597906382,2.141386296356302,0.4701252583260204,70,4.780150557864772
6.640000000000001,84.35338998788319,86.49150644752534,2.1381164596421627,0.4701290582750042,70,4.774370835301738
6.65,84.3533896827073,86.48824530180849,2.134855619101188,0.47013285503709507,70,4.7686026050104715
6.66,84.35338998788296,86.4849914005304,2.1316014126474556,0.4701366486448095,70,4.762848115150007
6.67,84.3317484473555,86.48174576503402,2.149997317678526,0.47014043907901587,70,4.757108166804699
6.680000000000001,84.33174875253115,86.4785085351487,2.1467597826175506,0.4701442263441289,70,4.751382344794763
6.69,84.33174844735527,86.4752796804126,2.143531233057331,0.470148010428092,70,4.745672671472562
6.7,84.33174875253093,86.47206052359324,2.140311771062329,0.4701517913357016,70,4.739979360706059
6.71,84.33174844735504,86.46884995272735,2.1371015053723,0.47015556908553946,70,4.7343023464434
6.720000000000001,84.3317487525307,86.46564760939083,2.133898856860128,0.47015934369081036,70,4.728641559918486
6.73,84.33174844735481,86.4624541542017,2.130705706846868,0.47016311517477327,70,4.72299681365962
6.74,84.33174875253047,86.45926887458711,2.1275201220566373,0.47016688347686014,70,4.717362486059244
6.75,84.33174844735458,86.45609192241515,2.1243434750605843,0.4701706485829982,70,4.711741378695535
6.760000000000001,84.33174875253025,86.45292380509645,2.121175052566201,0.4701744105446896,70,4.706136213853966
6.7700000000000005,84.33174844735436,86.44976421369924,2.1180157663448824,0.47017816933378764,70,4.700544497857862
6.78,84.33174875253002,86.44661327603478,2.114864523504764,0.4701819249213871,70,4.694968485714526
6.79,84.33174844735413,86.44347123036482,2.1117227830106913,0.4701856772896665,70,4.689408203344215
6.800000000000001,84.33174875252979,86.44033667868331,2.1085879261535183,0.4701894263939402,70,4.683863572080924
6.8100000000000005,84.32906534188515,86.4372095978965,2.108144256011343,0.4701931721972059,70,4.678329143464566
6.82,84.32906564706082,86.43409058494944,2.105024937888629,0.47019691470060193,70,4.672808422052697
6.83,84.32906534188493,86.43097967344069,2.101914331555747,0.4702006538766068,70,4.66730237651791
6.840000000000001,84.32906564706059,86.42787653166569,2.0988108846050864,0.47020438972135553,70,4.661806048587636
6.8500000000000005,84.3290653418847,86.42478120329147,2.0957158614067737,0.4702081221937203,70,4.656323185696806
6.86,84.32906564706036,86.42169350402781,2.0926278569674537,0.4702118513034399,70,4.650855561263569
6.87,84.32906534188447,86.41861420980348,2.0895488679190066,0.47021557706292333,70,4.645403099725854
6.88,84.32906564706013,86.41554293158198,2.086477284521834,0.47021929950001606,70,4.639963432213904
6.890000000000001,84.32906534188425,86.41247939586299,2.0834140539787427,0.4702230186785498,70,4.634538591899229
6.9,84.3290656470599,86.40942355355324,2.080357906493333,0.470226734621963,70,4.629125583169241
6.91,84.32906534188402,86.4063751122408,2.077309770356777,0.4702304473406256,70,4.623725262918583
6.92,84.32906564705968,86.4033334208495,2.0742677737898134,0.470234156793868,70,4.61833818028208
6.930000000000001,84.32906534188379,86.40029900027241,2.0712336583886213,0.4702378629310433,70,4.612962949315772
6.94,84.32906564705945,86.39727172100675,2.0682060739472945,0.4702415656945989,70,4.607602402504227
6.95,84.32906534188356,86.39425237178096,2.0651870298974018,0.4702452650658513,70,4.602253163956391
6.96,84.32906564705922,86.391240727668,2.0621750806087675,0.4702489610567603,70,4.596912069783002
6.970000000000001,84.29370340340677,86.38823619689185,2.0945327934850866,0.47025265367363095,70,4.59158543004844
6.98,84.29370370858243,86.38523851244805,2.0915348038656134,0.47025634288013896,70,4.586273220978711
6.99,84.29370340340654,86.38224797906257,2.0885445756560443,0.47026002862413274,70,4.580975365387133
7.0,84.2937037085822,86.37926474921109,2.0855610406288747,0.47026371084490526,70,4.57569179644355
7.010000000000001,84.29370340340631,86.37628913166327,2.0825857282569586,0.47026738953746544,70,4.570421494845846
7.0200000000000005,84.29370370858197,86.37332036824705,2.079616659665078,0.4702710646857232,70,4.565164137089226
7.03,84.29370340340608,86.37035828445515,2.0766548810490804,0.47027473626080846,70,4.559920869811322
7.04,84.29370370858175,86.36740399233047,2.0737002837487353,0.4702784042719414,70,4.554689933339716
7.050000000000001,84.29370340340586,86.36445722347015,2.070753820064283,0.4702820687531074,70,4.549472220410621
7.0600000000000005,84.29370370858152,86.36151753142488,2.0678138228433625,0.4702857297381325,70,4.544268386828776
7.07,84.29370340340563,86.358584451208,2.0648810478023734,0.47028938718395574,70,4.5390783286185865
7.08,84.29370370858129,86.3556586372208,2.0619549286395227,0.4702930410616135,70,4.53390005558353
7.090000000000001,84.2937034034054,86.35273974618076,2.0590363427753573,0.4702966913897503,70,4.528734916090997
7.1000000000000005,84.29370370858106,86.34982777957487,2.0561240709938033,0.4703003382081379,70,4.523580378177371
7.11,84.29370340340517,86.34692240351222,2.053219000107049,0.4703039815689109,70,4.518437030937378
7.12,84.27079782479177,86.34402419951361,2.0732263747218553,0.47030762154333244,70,4.513304127361295
7.130000000000001,84.27079751961588,86.34113255625527,2.070335036639392,0.4703112581022641,70,4.508184689959023
7.140000000000001,84.27079782479154,86.33824765816809,2.0674498333765428,0.4703148912259063,70,4.5030786537540735
7.15,84.27079751961566,86.33537064256875,2.0645731229531066,0.4703185209415247,70,4.4979859618991895
7.16,84.27079782479132,86.33250059249562,2.061702767704304,0.47032214728055044,70,4.492905559731213
7.17,84.27079751961543,86.3296369608143,2.05883944119887,0.47032577018719274,70,4.487834968702373
7.180000000000001,84.27079782479109,86.32678016037426,2.055982335583167,0.47032938962339327,70,4.482776494092832
7.19,84.2707975196152,86.32392975715325,2.053132237538051,0.47033300552374885,70,4.477729989175003
7.2,84.27079782479086,86.32108559645727,2.0502877716664045,0.47033661787134323,70,4.472696330558534
7.21,84.27079751961497,86.31824790836241,2.04745038874745,0.4703402266689092,70,4.467673982484598
7.220000000000001,84.27079782479063,86.3154173106442,2.044619485853559,0.47034383192594653,70,4.462661384889827
7.23,84.27079751961475,86.31259294373706,2.041795424122313,0.4703474336512468,70,4.457658682273603
7.24,84.2707978247904,86.3097750018485,2.0389771770580865,0.4703510318887418,70,4.452666251565944
7.25,84.27079751961452,86.30696447438473,2.0361669547702093,0.4703546266650715,70,4.447684499326527
7.260000000000001,84.27079782479018,86.30416050725981,2.0333626824696296,0.4703582179730845,70,4.4427152209495375
7.2700000000000005,84.27079751961429,86.30136321697708,2.030565697362789,0.47036180585103915,70,4.437754632200551
7.28,84.25707956307122,86.29857244779943,2.0414928847282,0.4703653902934116,70,4.432804473819573
7.29,84.25707986824688,86.29578840039851,2.038708532151645,0.47036897128970534,70,4.427866895080371
7.300000000000001,84.25707956307099,86.2930114502934,2.035931887222432,0.4703725488148622,70,4.422941832767208
7.3100000000000005,84.25707986824665,86.29024171803265,2.0331618497859836,0.4703761228849689,70,4.41802619769328
7.32,84.25707956307076,86.28747825557456,2.030398692503809,0.4703796935202595,70,4.413117945923204
7.33,84.25707986824642,86.28472157600396,2.027641707757539,0.47038326077175646,70,4.408220337746627
7.340000000000001,84.25707956307053,86.28197143323375,2.0248918701632306,0.4703868246637605,70,4.403333494785727
7.3500000000000005,84.2570798682462,86.27922741725696,2.0221475490107537,0.47039038513990755,70,4.398455596889136
7.36,84.2570795630703,86.27648979811855,2.019410235048241,0.47039394217580494,70,4.393589653201303
7.37,84.25707986824597,86.27375949855775,2.016679630311785,0.47039749576824985,70,4.388733298078876
7.380000000000001,84.25707956307008,86.27103516779246,2.0139556047223834,0.470401045846622,70,4.383887516066352
7.390000000000001,84.25707986824574,86.26831647228043,2.011236604034707,0.47040459233429877,70,4.379053745857561
7.4,84.25707956306985,86.26560363184718,2.0085240687773194,0.4704081351585739,70,4.374229901232297
7.41,84.25707986824551,86.26289701453392,2.0058171462883934,0.4704116742902798,70,4.3694174353314565
7.42,84.25707956306962,86.2601965012268,2.003116938157177,0.47041520969259787,70,4.364614400806261
7.430000000000001,84.25707986824528,86.25750151358048,2.0004216453351944,0.4704187413198541,70,4.359820586814948
7.44,84.2570795630694,86.25481210407885,1.9977325410094409,0.4704222690990014,70,4.355037835499417
7.45,84.18166971199506,86.25212956971785,2.0704598577227955,0.4704257930380331,70,4.350264901620136
7.46,84.18166940681917,86.24945390867386,2.067784501854703,0.4704293132454991,70,4.345502849558585
7.470000000000001,84.18166971199483,86.24678431427095,2.0651146022761395,0.47043282975615697,70,4.34075122650205
7.48,84.18166940681894,86.24412057799185,2.06245117117291,0.47043634260750805,70,4.336009886553626
7.49,84.1816697119946,86.24146321965495,2.059793507660345,0.47043985177216335,70,4.331279145033932
7.5,84.18166940681871,86.23881191540922,2.057142508590516,0.47044335724171504,70,4.326559910669687
7.510000000000001,84.18166971199437,86.23616768064632,2.054497968651958,0.4704468590821476,70,4.321852137769241
7.5200000000000005,84.18166940681849,86.23352965938098,2.0518602525625056,0.4704503573575719,70,4.317155779446182
7.53,84.18166971199415,86.23089792031033,2.0492282083161797,0.4704538520819123,70,4.31247079250079
7.54,84.18166940681826,86.2282717735605,2.046602366742235,0.4704573432846232,70,4.307797134085604
7.550000000000001,84.18166971199392,86.22565073200899,2.043981020015053,0.4704608309740169,70,4.303134757105454
7.5600000000000005,84.18166940681803,86.22303482734476,2.041365420526745,0.4704643151622932,70,4.298483460223878
7.57,84.18166971199369,86.22042421198084,2.038754499987135,0.47046779582717446,70,4.293841591257063
7.58,84.1816694068178,86.21781901197369,2.0361496051558845,0.4704712729416197,70,4.28921087430237
7.590000000000001,84.18166971199346,86.21521986350524,2.0335501515117755,0.4704747464813962,70,4.284591263520014
7.6000000000000005,84.18166940681758,86.21262662188626,2.0309572150686677,0.4704782164922173,70,4.279982681155786
7.61,84.18166971199324,86.21003905332985,2.0283693413365995,0.47048168299241394,70,4.27538324932641
7.62,84.18166940681735,86.20745661196605,2.0257872051487027,0.4704851459943105,70,4.270790490355438
7.630000000000001,84.18166971199301,86.20487984679637,2.023210134803378,0.4704886054871264,70,4.266207795194276
7.640000000000001,84.13198556892652,86.20230810532219,2.070322536395679,0.47049206144480527,70,4.261633033374437
7.65,84.13198526375064,86.1997418469794,2.067756583228771,0.4704955138161953,70,4.257068754274513
7.66,84.1319855689263,86.19718119209222,2.06519562316592,0.47049896256668117,70,4.252513581227845
7.67,84.13198526375041,86.19462579013741,2.0626405263869856,0.470502407669348,70,4.247983073246843
7.680000000000001,84.13198556892607,86.1920748237572,2.0600892548311265,0.47050584908460885,70,4.243507257993144
7.69,84.13198526375018,86.18952981769452,2.0575445539443535,0.47050928681706594,70,4.239041831318502
7.7,84.13198556892584,86.18699015364864,2.0550045847227807,0.47051272094848795,70,4.234585118204279
7.71,84.13198526374995,86.18445562410268,2.0524703603527428,0.4705161514919778,70,4.2301389840813215
7.720000000000001,84.13198556892561,86.18192662215269,2.049941053227087,0.4705195784187124,70,4.225702456308909
7.73,84.13198526374973,86.17940311480275,2.0474178510530123,0.470523001710275,70,4.221275098289482
7.74,84.13198556892539,86.17688462315705,2.044899054231678,0.4705264213565217,70,4.216857382514746
7.75,84.1319852637495,86.1743712350635,2.0423859713139905,0.47052983732647014,70,4.21244946395916
7.760000000000001,84.13198556892516,86.17186334345615,2.039877774530993,0.4705332496257654,70,4.208050662507333
7.7700000000000005,84.13198526374927,86.16936060633765,2.0373753425883763,0.47053665824020846,70,4.203659687272335
7.78,84.13198556892493,86.16686336464439,2.034877795719467,0.47054006317563213,70,4.199277908391252
7.79,84.13198526374904,86.16437139660398,2.032386132854924,0.4705434644799624,70,4.19490639075849
7.800000000000001,84.1319855689247,86.16188484194,2.029899273015303,0.4705468621780543,70,4.190542925354464
7.8100000000000005,84.13198526374882,86.15940342645403,2.027418162705203,0.47055025627810493,70,4.186184814565223
7.82,84.13198556892448,86.15692703647758,2.0249414675531057,0.47055364677632666,70,4.1818361426916795
7.83,84.13198526374859,86.15445629176884,2.0224710280202487,0.47055703364398654,70,4.177497567733951
7.840000000000001,84.11859201423678,86.15199085865052,2.033398844413739,0.47056041692734846,70,4.173169057080742
7.8500000000000005,84.11859231941244,86.14953025733176,2.0309379379193047,0.4705637966640696,70,4.168850571534108
7.86,84.11859201423655,86.14707524737379,2.0284832331372513,0.470567172864634,70,4.164540631429077
7.87,84.11859231941222,86.14462514998776,2.0260328305755593,0.47057054549268224,70,4.160237680610123
7.880000000000001,84.11859201423633,86.14218023736994,2.023588223133629,0.47057391452723274,70,4.155943477394857
7.890000000000001,84.11859231941199,86.13974014825254,2.0211478288405544,0.4705772799747605,70,4.1516574385847775
7.9,84.1185920142361,86.13730491314708,2.0187128989109624,0.470580641811704,70,4.147381233429996
7.91,84.11859231941176,86.13487449140014,2.0162821719883937,0.47058400002727196,70,4.143114042889636
7.920000000000001,84.11859201423587,86.13244910582715,2.0138570915912624,0.47058735459500084,70,4.138855618158203
7.930000000000001,84.11859231941153,86.13002894050591,2.01143662109439,0.4705907055045257,70,4.134606910343251
7.94,84.11859201423565,86.12761353444829,2.0090215202126274,0.4705940526927877,70,4.1303678770915155
7.95,84.1185923194113,86.12520321152083,2.0066108921095065,0.47059739610969814,70,4.126138475336489
7.96,84.11859201423542,86.1227977797334,2.004205765498,0.47060073577673533,70,4.121918223478161
7.970000000000001,84.11859231941108,86.12039690678789,2.001804587376796,0.47060407172484336,70,4.117706122281589
7.98,84.11859201423519,86.11800076944547,1.9994087552102826,0.4706074039605829,70,4.113503539295323
7.99,84.11859231941085,86.11560988983551,1.9970175704246458,0.47061073251869917,70,4.109310435745243
8.0,84.11859201423496,86.11322454392099,1.9946325296860437,0.4706140574664225,70,4.105126778940814
8.01,84.11859231941062,86.11084425545022,1.9922519360395938,0.47061737879846643,70,4.100950969563485
8.02,84.11859201423474,86.10846875816297,1.989876743928221,0.47062069650654303,70,4.0967810889899
8.030000000000001,84.1185923194104,86.1060986369329,1.9875063175225023,0.47062401058399045,70,4.092617388413601
8.040000000000001,84.11859201423451,86.10373352882537,1.9851415145908504,0.4706273210687752,70,4.088461144400867
8.05,84.11859231941017,86.10137270045723,1.9827803810470641,0.4706306279841049,70,4.0843141707429425
8.06,84.11859201423428,86.09901672967446,1.980424715440165,0.47063393137321274,70,4.08017643449935
8.07,84.11859231940994,86.09666511028279,1.9780727908728295,0.4706372312400554,70,4.076047894597906
8.08,84.11859201423405,86.0943178711578,1.9757258569237592,0.4706405275382986,70,4.07192850082393
8.09,84.11859231940971,86.09197524666124,1.9733829272515209,0.4706438202210094,70,4.067817077443607
8.1,84.11278635017135,86.08963765769684,1.976851307525493,0.47064710924659753,70,4.0637139629535
8.110000000000001,84.11278604499546,86.08730440723959,1.9745183622441118,0.4706503945873827,70,4.059619093761057
8.120000000000001,84.11278635017112,86.08497541172663,1.9721890615555253,0.47065367622707843,70,4.055532219744009
8.13,84.11278604499523,86.08265126697951,1.9698652219842643,0.4706569541575833,70,4.051452541203076
8.14,84.1127863501709,86.0803321203358,1.967545770164918,0.4706602283855622,70,4.0473815183885336
8.15,84.112786044995,86.07801741580953,1.9652313708145357,0.47066349889020076,70,4.043317755102294
8.16,84.11278635017067,86.07570729691915,1.9629209467484827,0.4706667656376334,70,4.039262842727794
8.17,84.11278604499478,86.07340159702444,1.960615552029651,0.4706700286144373,70,4.035216455004331
8.18,84.11278635017044,86.07110001835622,1.958313668185781,0.470673287784077,70,4.031177316721852
8.190000000000001,84.11278604499455,86.06880261255493,1.9560165675603685,0.4706765431512772,70,4.027146929684449
8.200000000000001,84.11278635017021,86.06650959557915,1.9537232454089235,0.4706797947357394,70,4.023123217106416
8.21,84.11278604499432,86.06422170112155,1.9514356561272166,0.47068304250715914,70,4.019105242953373
8.22,84.11278635016998,86.06193733597692,1.9491509858069378,0.47068628649427807,70,4.01509493161754
8.23,84.1127860449941,86.05965632368346,1.946870278689346,0.470689526758891,70,4.011093233308998
8.24,84.11278635016976,86.0573798692246,1.9445935190548482,0.47069276333248145,70,4.007100113123613
8.25,84.11278604499387,86.05510813186183,1.9423220868679607,0.47069599626267083,70,4.003113906138196
8.26,84.11278635016953,86.05284087352183,1.9400545233523019,0.470699225562456,70,3.9991361120187605
8.27,84.11278604499364,86.05057763516886,1.937791590175209,0.4707024512272527,70,3.9951887337262235
8.280000000000001,84.1127863501693,86.04831802021879,1.9355316700494996,0.4707056732754626,70,3.9912917802273
8.290000000000001,84.11278604499341,86.04606242673223,1.9332763817388354,0.4707088917468286,70,3.9874015284608504
8.3,84.11278635016907,86.0438107867293,1.9310244365602216,0.4707121066480711,70,3.983519608389372
8.31,84.11278604499319,86.04156368374657,1.9287776387533881,0.47071531799716715,70,3.97964598893995
8.32,84.11278635016885,86.03932067795586,1.9265343277870102,0.4707185258307103,70,3.975779852025596
8.33,84.11278604499296,86.03708197156669,1.924295926573734,0.4707217301353638,70,3.971920955459666
8.34,84.10767892829364,86.03484780552428,1.927168877230656,0.4707249309165471,70,3.9680675303766577
8.35,84.1076792334693,86.0326182511857,1.9249390177163832,0.4707281281970524,70,3.964220129609089
8.360000000000001,84.10767892829341,86.03039270959574,1.9227137813023205,0.4707313219621361,70,3.960379506880713
8.370000000000001,84.10767923346907,86.02817161367769,1.9204923802086,0.47073451221092694,70,3.9565464351181845
8.38,84.10767892829318,86.02595445007098,1.9182755217777867,0.4707376989313207,70,3.9527205219652046
8.39,84.10767923346884,86.02374111721969,1.9160618837508423,0.4707408821013503,70,3.948902681539437
8.4,84.10767892829296,86.02153173978013,1.9138528114871747,0.4707440617332803,70,3.945092882701374
8.41,84.10767923346862,86.01932729575805,1.91164806228943,0.4707472378440029,70,3.941290163176717
8.42,84.10767892829273,86.01712684339323,1.9094479151004862,0.4707504104534123,70,3.9374932233935738
8.43,84.10767923346839,86.01493068928637,1.9072514558179705,0.4707535795508526,70,3.9337030608490977
8.440000000000001,84.1076789282925,86.01273840833265,1.9050594800401655,0.4707567451261906,70,3.929920835666252
8.450000000000001,84.10767923346816,86.01054997625673,1.902870742788565,0.47075990718039135,70,3.926146521103135
8.46,84.10767892829227,86.00836558071367,1.900686652421399,0.4707630656859145,70,3.9223800861832103
8.47,84.10767923346793,86.00618514314623,1.8985059096783061,0.4707662206010691,70,3.9186214985881804
8.48,84.10767892829205,86.00400867616175,1.8963297478696859,0.4707693718877446,70,3.9148707292545737
8.49,84.1076792334677,86.00183599442782,1.8941567609601293,0.47077251951703186,70,3.9111262261837396
8.5,84.10767892829182,85.9996671040893,1.8919881757974792,0.4707756634733177,70,3.907389316705462
8.51,84.10767923346748,85.99750234854646,1.8898231150789684,0.47077880375233266,70,3.9036601402434883
8.52,84.10767892829159,85.99534175005482,1.8876628217632287,0.4707819403779288,70,3.899938672793269
8.530000000000001,84.10767923346725,85.99318548669699,1.885506253229721,0.470785073371003,70,3.8962248960712316
8.540000000000001,84.10767892829136,85.99103285265475,1.883353924363405,0.47078820273373245,70,3.8925187896755915
8.55,84.10767923346702,85.98888384798353,1.8812046145164913,0.4707913284857442,70,3.88881956709119
8.56,84.10767892829114,85.98673848762746,1.8790595593363264,0.4707944506477749,70,3.8851272636207455
8.57,84.1076792334668,85.9845968545281,1.8769176210612954,0.4707975692365885,70,3.8814425582927186
8.58,84.10767892829091,85.98245903942126,1.8747801111303488,0.4708006842511174,70,3.8777653182254426
8.59,84.10767923346657,85.98032543504694,1.8726462015803804,0.4708037957427165,70,3.8740943622263444
8.6,84.10532114020472,85.97819554326873,1.872874403064003,0.4708069037635108,70,3.8704294410927105
8.610000000000001,84.10532144538038,85.97607003859683,1.8707485932164332,0.4708100083366438,70,3.8667719890994476
8.620000000000001,84.1053211402045,85.97394811968437,1.8686269794798704,0.47081310948119426,70,3.863121077856306
8.63,84.10532144538016,85.97182974235142,1.8665082969712614,0.4708162072042321,70,3.859477048915352
8.64,84.10532114020427,85.9697149338735,1.864393793669251,0.47081930149519996,70,3.855839372393234
8.65,84.10532144537993,85.96760447105214,1.8622830256722125,0.4708223923419006,70,3.852209091399999
8.66,84.10532114020404,85.96549752122561,1.8601763810215743,0.4708254797490654,70,3.8485861798103542
8.67,84.1053214453797,85.96339463035311,1.8580731849734207,0.47082856371353815,70,3.8449706137348016
8.68,84.10532114020381,85.96129566654514,1.8559745263413276,0.470831644286567,70,3.841362283981482
8.690000000000001,84.10532144537947,85.95920013860757,1.853878693228097,0.4708347214871763,70,3.8377598918493447
8.700000000000001,84.10532114020359,85.95710858356277,1.8517874433591714,0.47083779530887754,70,3.834164770613654
8.71,84.10532144537925,85.95502090216978,1.8496994567905176,0.47084086575438433,70,3.8305766898574802
8.72,84.10532114020336,85.95293683675484,1.847615696551486,0.47084393279926456,70,3.8269919475292227
8.73,84.10532144537902,85.95085640777036,1.8455349623913548,0.4708469964303958,70,3.8234127811646204
8.74,84.10532114020313,85.94878030277523,1.8434591625721168,0.47085005668736646,70,3.819840794079056
8.75,84.10532144537879,85.94670748488232,1.8413860395035329,0.47085311357428544,70,3.8162759650691953
8.76,84.1053211402029,85.94463716741473,1.8393160272118223,0.47085616708633904,70,3.8127182657687513
8.77,84.10532144537856,85.94257072682404,1.8372492814454802,0.47085921719582013,70,3.8091676718242127
8.780000000000001,84.10532114020268,85.94050773687758,1.8351865966749017,0.4708622638782215,70,3.805624160563184
8.790000000000001,84.10532144537834,85.93844807449169,1.8331266291133375,0.4708653071007851,70,3.8020877136825675
8.8,84.10532114020245,85.93639195040929,1.8310708102068247,0.4708683468710176,70,3.7985583099275004
8.81,84.10532144537811,85.93433977365791,1.8290183282798012,0.470871383221136,70,3.795034656054895
8.82,84.10532114020222,85.93229170204286,1.8269705618406533,0.47087441616419035,70,3.7915178304671144
8.83,84.10532144537788,85.93024712406552,1.8249256786876344,0.47087744569352713,70,3.7880079804779427
8.84,84.105321140202,85.92820598890017,1.8228848486981803,0.4708804717962571,70,3.784505079588797
8.85,84.10532144537765,85.92616824170264,1.820846796324986,0.47088349445718947,70,3.7810089328997947
8.860000000000001,84.10532114020177,85.92413376293383,1.8188126227320822,0.47088651366804335,70,3.777518444582796
8.870000000000001,84.10532144537743,85.92210260097191,1.8167811555944695,0.47088952942254597,70,3.7740344706336657
8.88,84.07940683356091,85.92007474014625,1.8406679065853382,0.47089254170401246,70,3.7705565056132
8.89,84.07940713873657,85.91805054467673,1.8386434059401608,0.47089555052197457,70,3.7670851815818764
8.9,84.07940683356068,85.91602983816462,1.8366230046039504,0.47089855589145263,70,3.7636183054381718
8.91,84.07940713873634,85.9140127464404,1.834605607704077,0.47090155779991016,70,3.760158191684951
8.92,84.07940683356045,85.91199920014473,1.8325923665842652,0.47090455626861544,70,3.7567048746584817
8.93,84.07940713873612,85.90998879841617,1.8305816596800355,0.4709075513173204,70,3.753258335114026
8.940000000000001,84.07940683356023,85.90798161170656,1.8285747781463328,0.4709105429427686,70,3.7498184966662507
8.950000000000001,84.07940713873589,85.90597778565241,1.8265706469165366,0.47091353114900025,70,3.7463826538815397
8.96,84.07940683356,85.90397793565076,1.824571102090772,0.4709165158850059,70,3.7429528332626205
8.97,84.07940713873566,85.9019818840536,1.8225747453179224,0.470919497183521,70,3.739528182036395
8.98,84.07940683355977,85.89998961351681,1.8205827799570216,0.4709224750587296,70,3.7361097976291546
8.99,84.07940713873543,85.89800064461447,1.8185935058790506,0.4709254495187421,70,3.7326980722589838
9.0,84.07940683355955,85.89601493171848,1.8166080981589516,0.4709284205315558,70,3.7292929832147195
9.01,84.0794071387352,85.89403231133218,1.8146251725969762,0.47093138805138096,70,3.7258945101513348
9.02,84.07940683355932,85.89205273381683,1.8126459002575075,0.4709343520170671,70,3.7225026358850073
9.030000000000001,84.07940713873498,85.89007625194854,1.810669113213578,0.4709373124362815,70,3.7191173385898537
9.040000000000001,84.07940683355909,85.8881033022526,1.8086964686935119,0.4709402693061463,70,3.7157385937063623
9.05,84.07940713873475,85.88613401955313,1.8067268808183599,0.47094322265244165,70,3.7123663787620274
9.06,84.07940683355886,85.88416838961194,1.80476155605308,0.47094617250820525,70,3.7090006679084127
9.07,84.07940713873452,85.88220518735517,1.8027980486206445,0.4709491188597605,70,3.705677490528302
9.08,84.07940683355864,85.88024477827327,1.8008379447146297,0.4709520616911095,70,3.7023790417035514
9.09,84.0794071387343,85.87828679283251,1.798879654098215,0.4709550010060611,70,3.6991303095346666
9.1,84.07940683355841,85.8763320178874,1.796925184328984,0.4709579368296852,70,3.6958875431905085
9.110000000000001,84.07940713873407,85.87438099784067,1.7949738591066193,0.47096086919676716,70,3.6926510994028945
9.120000000000001,84.07940683355818,85.87243314576355,1.7930263122053702,0.4709637981041915,70,3.6894209553649375
9.13,84.07940713873384,85.87048836234821,1.7910812236143556,0.47096672353090957,70,3.6861961331298403
9.14,84.07940683355795,85.8685468099386,1.7891399763806248,0.47096964546020315,70,3.682977363772892
9.15,84.07940713873361,85.86660861580262,1.7872014770690043,0.470972563898795,70,3.679763620762401
9.16,84.07940683355773,85.86467348431415,1.7852666507564265,0.4709754788406936,70,3.676554633824736
9.17,84.07940713873339,85.86274230314308,1.7833351644096922,0.470978390310035,70,3.6733518664520375
9.18,84.0794068335575,85.86081458344209,1.781407749884579,0.4709812983408302,70,3.6701553059461958
9.190000000000001,84.07940713873316,85.85888988550714,1.7794827467739651,0.47098420293340126,70,3.666964931744076
9.200000000000001,84.07940683355727,85.8569683046913,1.7775614711340495,0.4709871040939501,70,3.6637804269340393
9.21,84.0769272803345,85.85505012470944,1.7781228443749342,0.47099000182272655,70,3.6606011216142633
9.22,84.07692697515861,85.8531345497193,1.7762075745606865,0.4709928961340392,70,3.6574575134709733
9.23,84.07692728033427,85.85122153715355,1.7742942568192746,0.47099578701977574,70,3.6543435157524016
9.24,84.07692697515839,85.84931166309546,1.7723846879370626,0.4709986744843393,70,3.651234868138687
9.25,84.07692728033405,85.84740496316522,1.7704776828311708,0.4710015585488448,70,3.6481314103152442
9.26,84.07692697515816,85.84550133811113,1.768574362952961,0.47100443924070906,70,3.6450313319548115
9.27,84.07692728033382,85.84360074861316,1.7666734682793503,0.47100731656556816,70,3.641936743021006
9.280000000000001,84.07692697515793,85.8417031374782,1.7647761623202882,0.4710101905360382,70,3.638848121337304
9.290000000000001,84.07692728033359,85.83980878236588,1.762881502032286,0.4710130611484479,70,3.635763434543037
9.3,84.0769269751577,85.83791748840746,1.7609905132497374,0.4710159283936152,70,3.632684566283956
9.31,84.07692728033336,85.8360291661445,1.759101885811134,0.47101879227150734,70,3.62961161898491
9.32,84.07692697515748,85.83414404331789,1.7572170681604007,0.4710216527964624,70,3.6265445728847396
9.33,84.07692728033314,85.83226265329168,1.755335372958541,0.4710245100004011,70,3.6234834116998798
9.34,84.07692697515725,85.83038433636732,1.753457361210053,0.47102736390347555,70,3.6204270014419535
9.35,84.07692728033291,85.82850950537937,1.7515822250464623,0.4710302145296029,70,3.6173763221262334
9.360000000000001,84.07692697515702,85.82663800414447,1.7497110289874627,0.47103306189405775,70,3.6143292212762503
9.370000000000001,84.07692728033268,85.82476927843427,1.7478419981015918,0.47103590599470413,70,3.6112877259808727
9.38,84.0769269751568,85.82290329179871,1.7459763166419293,0.47103874681789165,70,3.608252037911342
9.39,84.07692728033246,85.82104071035083,1.7441134300183876,0.47104158432916005,70,3.6052214510901877
9.4,84.07692697515657,85.81918149160808,1.74225451645151,0.47104441851040124,70,3.602194995102309
9.41,84.07692728033223,85.81732527191116,1.7403979915789307,0.47104724934650344,70,3.5991732300969943
9.42,84.07692697515634,85.81547232057048,1.7385453454141384,0.4710500768450037,70,3.596156283938882
9.43,84.076927280332,85.81362220395903,1.7366949236270273,0.4710529010297707,70,3.593144630151869
9.440000000000001,84.07692697515611,85.81177548298797,1.734848507831856,0.47105572191491774,70,3.5901386907050323
9.450000000000001,84.07692728033177,85.8099315618499,1.733004281518106,0.47105853950133175,70,3.5871379687214073
9.46,84.07692697515589,85.80809074902612,1.731163773870236,0.4710613538045192,70,3.584141358328168
9.47,84.06171548833939,85.80625298114904,1.7445374928096555,0.4710641648228358,70,3.5811494149903353
9.48,84.0617151831635,85.80441815400856,1.7427029708450732,0.4710669725496558,70,3.5781631195444845
9.49,84.06171548833916,85.80258615548328,1.7408706671441223,0.4710697769310246,70,3.575181268236605
9.5,84.06171518316327,85.80075720509927,1.739042021936001,0.47107257794318763,70,3.5722049296877856
9.51,84.06171548833893,85.79893128879742,1.7372158004585003,0.47107537558443785,70,3.569233823825755
9.52,84.06171518316305,85.79710911299345,1.7353939298304226,0.4710781698579526,70,3.5662675907760786
9.530000000000001,84.0617154883387,85.7952896474739,1.7335741591351734,0.4710809607371423,70,3.5633069260034063
9.540000000000001,84.06171518316282,85.79347280166536,1.7317576185025416,0.471083748207283,70,3.5603517793959156
9.55,84.06171548833848,85.79165856411775,1.7299430757792607,0.471086532271621,70,3.557401282836935
9.56,84.06171518316259,85.78984731854929,1.7281321353867156,0.4710893129157922,70,3.5544563110033778
9.57,84.06171548833825,85.78803967018821,1.726324181849975,0.47109209017568515,70,3.5515168477250256
9.58,84.06171518316236,85.78623644085417,1.724521257691805,0.4710948641102879,70,3.5485828794067515
9.59,84.06171548833802,85.7844361262441,1.722720637906093,0.4710976347731609,70,3.545654390782346
9.6,84.06171518316214,85.78263837728457,1.7209231941224346,0.4711004021877305,70,3.542731368260405
9.610000000000001,84.0617154883378,85.78084313029758,1.7191276419598012,0.4711031663477761,70,3.5398137966342063
9.620000000000001,84.06171518316191,85.77905037088595,1.7173351877240464,0.47110592722645017,70,3.536901660477497
9.63,84.06171548833757,85.77726009091563,1.7155446025780634,0.4711086848103205,70,3.5339949454662474
9.64,84.06171518316168,85.775472854565,1.7137576714033003,0.4711114391009878,70,3.5310936374234814
9.65,84.06171548833734,85.77368841319031,1.7119729248529723,0.4711141901165424,70,3.528197283149666
9.66,84.06171518316145,85.77190646047221,1.7101912773107415,0.47111693784208697,70,3.5253057015290494
9.67,84.06171548833711,85.77012711052376,1.7084116221866452,0.47111968226677187,70,3.5224194800612736
9.68,84.06171518316123,85.76835067764715,1.7066354944859086,0.47112242338532406,70,3.5195386029114673
9.690000000000001,84.06171548833689,85.76657689507387,1.7048614067369954,0.4711251611915429,70,3.5166630543464237
9.700000000000001,84.061715183161,85.76480628813515,1.7030911049741349,0.47112789566587643,70,3.513792741308322
9.71,84.06171548833666,85.76303841635931,1.7013229280226483,0.47113062680552936,70,3.510926483796652
9.72,84.06171518316077,85.76127306508178,1.6995578819210095,0.4711333545840653,70,3.5080655095272846
9.73,84.06171548833643,85.75951033718489,1.6977948488484458,0.47113607897081,70,3.505209802961332
9.74,84.06171518316054,85.75775021409457,1.6960350309340129,0.471138799990052,70,3.502359347356105
9.75,84.0617154883362,85.75599307281674,1.694277584480517,0.4711415176707082,70,3.4995141261631204
9.76,84.06171518316032,85.75423920563543,1.6925240224751121,0.4711442320430997,70,3.4966739116090366
9.770000000000001,84.06171548833598,85.75248823818137,1.6907727498453937,0.4711469431562852,70,3.493838156387767
9.780000000000001,84.06171518316009,85.75074011209813,1.6890249289380392,0.47114965100315886,70,3.4910072266449106
9.790000000000001,84.06171548833575,85.7489945467334,1.6872790583976496,0.47115235559607743,70,3.4881808206099834
9.8,84.06171518315986,85.74725137518236,1.6855361920224823,0.4711550568966786,70,3.4853579254074987
9.81,84.06171548833552,85.74551119301157,1.6837957046760437,0.47115775488410766,70,3.482539684456043
9.82,84.06171518315963,85.7437742462917,1.6820590631320442,0.4711604495646957,70,3.479725297448965
9.83,84.0617154883353,85.74204022174995,1.6803247334146363,0.47116314095975814,70,3.4769160304091145
9.84,84.06171518315941,85.740308709042,1.6785935258826044,0.47116582909348537,70,3.474111705696828
9.85,84.06171548833507,85.73857963062389,1.6768641422888209,0.471168513980585,70,3.471311601402448
9.860000000000001,84.06171518315918,85.73685294533378,1.675137762174586,0.4711711956241853,70,3.4685165790994574
9.870000000000001,84.06171548833484,85.73512902924809,1.6734135409132591,0.4711738740287588,70,3.4657266249972736
9.88,84.06171518315895,85.73340756098928,1.6716923778303112,0.47117654921202407,70,3.462941727378592
9.89,84.05798624028773,85.73168872483544,1.6737024845477038,0.4711792211668658,70,3.460160952107998
9.9,84.0579865454634,85.72997275727818,1.671986211814783,0.47118188989309834,70,3.4573849484089862
9.91,84.0579862402875,85.7282597431148,1.6702735028272855,0.47118455539294996,70,3.4546139637230056
9.92,84.05798654546317,85.72654963285568,1.6685630873924993,0.4711872176990489,70,3.451847987184834
9.93,84.05798624028728,85.72484192816464,1.6668556878773586,0.4711898768236385,70,3.4490870035903356
9.940000000000001,84.05798654546294,85.72313690699328,1.6651503615303227,0.4711925327790388,70,3.446331000552817
9.950000000000001,84.05798624028705,85.72143509248012,1.6634488521930848,0.4711951855819413,70,3.44357871680117
9.96,84.05798654546271,85.71973569197569,1.6617491465129888,0.471197835217195,70,3.4408307047529263
9.97,84.05798624028682,85.71803934943011,1.6600531091432913,0.47120048170943857,70,3.438086870376594
9.98,84.05798654546248,85.7163456366928,1.6583590912302952,0.47120312507763895,70,3.4353473331220243
9.99,84.0579862402866,85.71465457945645,1.6566683391698689,0.47120576532615904,70,3.4326119680478655
10.0,84.05798654546226,85.71296590451392,1.6549793590516515,0.47120840246497836,70,3.4298814907673716
