t,residual_norm,smooth_log_norm,loss_bound_log_norm,parameter_speed,gate_defect_0.0002,count_0.0002,gate_defect_0.0001,count_0.0001,gate_defect_1e-05,count_1e-05
0.0,2.556163589182235,4.509465843556667,5.428272162949464,0.04856481225081585,2.0400951876799878e-10,17,5.361669820799593e-11,8,3.650709029115216e-12,2
0.02,2.5561435516607007,4.509423186576453,5.428229611243924,0.05270147669087931,2.709528897883009e-10,12,2.3407105556168726e-11,4,6.0896008905994614e-12,1
0.04,2.556119938871061,4.50937211021511,5.428179467094609,0.05722839730190477,1.6579718081346874e-10,6,3.2882497042010565e-11,4,0.0,0
0.060000000000000005,2.556092077227828,4.509310953190425,5.428120300074542,0.062182557278328755,1.1087199299313118e-10,10,3.837367945657678e-11,7,7.293983971344726e-13,1
0.08,2.5560591629767857,4.509237726529086,5.428050403330275,0.06760439305554528,1.9034405896599022e-10,13,3.53960694098991e-11,6,6.6296189888978415e-12,1
0.1,2.556020236759254,4.509150048966865,5.427967739566528,0.07353810256549786,2.0781874654140372e-10,12,3.9736956948853714e-11,4,7.477629184471772e-12,1
0.12000000000000001,2.5559741532091755,4.509045069649191,5.4278698764825215,0.08003199787665081,3.4723543393276673e-10,17,1.1117472550192539e-10,8,2.7807329498232165e-11,2
0.14,2.555919544564459,4.5089193755898,5.427753909496987,0.0871388903691425,3.2235931691831746e-10,8,1.0084800067008396e-10,3,0.0,0
0.16,2.555854777187943,4.508768881098602,5.427616369416024,0.09491647734679093,2.603689450839011e-10,12,9.299634240633908e-11,7,0.0,0
0.18000000000000002,2.5557778995393536,4.508588694929886,5.427453111946292,0.10342783012287902,3.321841745737202e-10,12,1.9489790219068285e-10,5,0.0,0
0.2,2.5556865799953705,4.50837296244838,5.42725918564962,0.11274181844700416,3.076458179564963e-10,12,1.4799705470552796e-10,7,0.0,0
0.22,2.5555780325315434,4.508114675573101,5.427028674121037,0.1229336817649562,4.898982353030062e-10,15,4.510879312433032e-10,8,0.0,0
0.24000000000000002,2.5554489278654104,4.507805446578596,5.426754507292184,0.13408555296761884,1.0495276506892134e-09,15,2.500094225201523e-10,5,1.1449091071082594e-10,1
0.26,2.5552952873572448,4.507435236962021,5.42642823611881,0.14628707349570058,1.4775900089547197e-09,19,8.369973090175227e-10,10,0.0,0
0.28,2.5551123562121973,4.506992033728341,5.426039763312688,0.159636031984403,1.629897812926884e-09,19,8.96047742834509e-10,10,1.6515194492860402e-10,1
0.3,2.5548944521845596,4.506461462959204,5.4255770220497945,0.17423902747433875,1.90300150402336e-09,18,1.0780355303259814e-09,6,0.0,0
0.32,2.5546347850549296,4.5058263278417785,5.4250255926118,0.1902121808565512,2.9056844077145883e-09,19,1.6700452843265145e-09,10,7.706672833005965e-10,1
0.34,2.554325241335511,4.505066058156362,5.424368245185976,0.20768188319372538,4.3192053021025655e-09,22,2.4849596450909705e-09,13,3.9547897380951277e-10,1
0.36000000000000004,2.5539561278658867,4.504156053914855,5.423584395364857,0.2267855271699463,6.835669757983331e-09,24,5.059618760135702e-09,12,0.0,0
0.38,2.553515866609207,4.503066903038524,5.422649456015054,0.24767227618300192,6.806249685503011e-09,30,3.947080894262312e-09,16,1.047116705137853e-09,2
0.4,2.5529906319106095,4.50176345086772,5.421534066958784,0.2705038211007444,7.192073986908204e-09,24,6.087017789382848e-09,18,1.6381212829628375e-09,3
0.42000000000000004,2.5523639197985855,4.500203692018306,5.420203180341714,0.2954551327289703,1.1725334361931252e-08,27,8.234466637810938e-09,15,3.662566538364795e-09,2
0.44,2.551616037547956,4.498337459652043,5.418614976668272,0.3227150212648446,2.2658539443171714e-08,46,1.460163850480006e-08,21,1.7111678661370568e-09,2
0.46,2.5507235004047577,4.496104868964718,5.416719583685865,0.3524867099769085,2.0965844766113568e-08,25,1.204857697127387e-08,15,3.045030555290699e-09,1
0.48000000000000004,2.5496583197210283,4.493434478072538,5.414457564667024,0.3849881449631829,2.805039524673993e-08,34,1.4419204632770612e-08,16,0.0,0
0.5,2.548387166017152,4.490241119754072,5.411758141087569,0.42045206530230883,4.17426091429778e-08,41,2.1031115104729475e-08,17,6.048701424839167e-09,3
0.52,2.5468703888704867,4.486423357394265,5.408537111260885,0.45912561010501685,4.623180114026328e-08,41,2.666427169689715e-08,22,8.093018833210959e-09,3
0.54,2.5450608742243745,4.4818605008735615,5.404694423717916,0.5012694822434963,3.907398217822598e-08,28,2.6225020158569598e-08,15,0.0,0
0.56,2.5429027199960466,4.476409137181905,5.400111364726479,0.5471563183298422,5.640820275397845e-08,34,3.245349840455644e-08,18,7.792895582004334e-09,2
0.5800000000000001,2.5403297125562943,4.469899111596191,5.394647322941604,0.5970680603892644,7.386678837224453e-08,40,5.0886933129236223e-08,20,0.0,0
0.6,2.5372635895761797,4.462128902909191,5.388136100384655,0.6512921748476015,1.0285128403655012e-07,39,5.673475647216806e-08,22,1.7549702773340332e-08,1
0.62,2.53361208295859,4.4528603768251385,5.38038175641036,0.7101159834404348,1.489435742983581e-07,42,7.714215698431068e-08,15,2.3913214759433613e-08,2
0.64,2.5292667469142738,4.441812866702851,5.37115399540639,0.7738190471985643,1.194006181295145e-07,30,7.457799755946985e-08,14,3.9147365350170045e-08,4
0.66,2.52410059656495,4.428656631490418,5.360183152128,0.8426627413513441,1.476274291295985e-07,37,1.0434992357889259e-07,20,2.567153012588172e-08,2
0.68,2.51796561022943,4.413005752480573,5.34715488754974,0.916876523173714,1.7173628644605732e-07,31,1.2754787640224898e-07,17,5.006770854451632e-08,2
0.7000000000000001,2.51069019203921,4.394410647580256,5.331704800472794,0.9966400826381225,2.995444414449893e-07,36,1.9266539490020881e-07,19,0.0,0
0.7200000000000001,2.502076751165665,4.372350510825394,5.3134132867688395,1.082060436644125,2.3208332539393394e-07,29,1.281124097065861e-07,13,5.2657023530428056e-08,1
0.74,2.4918996337272157,4.3462260984525205,5.291801147575558,1.1731436194737535,3.8135687411818265e-07,36,2.267944287786963e-07,18,7.96245531961084e-08,2
0.76,2.479903745210962,4.315353603055662,5.266326663869507,1.2697598818637437,4.934122099826443e-07,37,3.191385188127929e-07,22,7.871232837567224e-09,1
0.78,2.465804338114546,4.278960600821804,5.236385145502112,1.37160222115793,4.289238542248342e-07,26,1.6514563822193978e-07,9,6.494755149293864e-08,1
0.8,2.449288589305306,4.236185376986093,5.201312280881525,1.4781385068165032,7.275093376962789e-07,39,3.972136282243279e-07,17,1.6231174796552808e-07,2
0.8200000000000001,2.4300197570014213,4.186081397490947,5.160392964742927,1.5885585240929923,1.0435270827260062e-06,48,8.35598106318121e-07,34,1.5173655648313288e-07,4
0.8400000000000001,2.407644869268653,4.1276290881326245,5.112877625449732,1.7017181755108293,8.415723474696332e-07,36,5.055174436995288e-07,17,2.037053094179924e-07,4
0.86,2.3818070008334944,4.059757308657592,5.058008296049186,1.8160858733738003,1.099796048918009e-06,38,8.906664218872455e-07,26,3.07014489001176e-07,4
0.88,2.352163184670243,3.9813772066779056,4.995056651340857,1.9296976850770236,1.648746941594971e-06,36,7.896298919324625e-07,14,0.0,0
0.9,2.3184087984479915,3.8914307853460492,4.923375794965654,2.040131310076229,1.2424478419077548e-06,30,3.3923776361004583e-07,6,0.0,0
0.92,2.2803087412071226,3.7889556969195697,4.842466466234642,2.144511120141925,1.5035805503907772e-06,31,9.922546242312075e-07,17,2.8884856992628304e-07,1
0.9400000000000001,2.2377347775058984,3.6731663121157108,4.752056344204968,2.239557611290757,2.430074688288253e-06,32,1.512101279543875e-06,18,5.318317807597106e-07,1
0.9600000000000001,2.1907070102718977,3.5435484999888263,4.652188119478529,2.321695243812379,2.365626279558443e-06,25,1.7451098990264597e-06,9,1.495616327140061e-07,1
0.9800000000000001,2.1394355947146964,3.3999625675246685,4.543308077918588,2.3872270245512643,2.74097409263668e-06,34,1.7983242011008177e-06,15,0.0,0
1.0,2.0843567701922243,3.2427454514690712,4.4263426179657825,2.432576163079248,2.2723492027893722e-06,26,1.5318738299207506e-06,13,1.233289954283022e-07,2
1.02,2.0261555223649785,3.0728016882124267,4.302746376016873,2.4545828012658903,3.499046347293125e-06,29,2.349351446725705e-06,14,0.0,0
1.04,1.9657664267742785,2.891676522110888,4.174504017848566,2.4508263910931283,2.9793785309202963e-06,23,1.5553467776003716e-06,12,1.8490039410024478e-07,1
1.06,1.904345287326713,2.7016262934015307,4.044070010067976,2.419930462410844,3.281063063290866e-06,25,2.709883982274272e-06,16,8.975750751936635e-07,2
1.08,1.8432076698659687,2.505799910337787,3.9142380899296474,2.361797993571342,2.778851316517391e-06,22,2.2056976333973386e-06,13,0.0,0
1.1,1.7837363843701324,2.3092698078234544,3.7879447944151976,2.277727982556587,3.335930782426732e-06,23,2.174243571909659e-06,14,1.0137821217587933e-06,2
1.12,1.7272674837841702,2.1288238474316334,3.668027367212816,2.1703795288994026,4.4973016086048925e-06,25,2.456072236498244e-06,15,0.0,0
1.1400000000000001,1.67497140236816,2.043995958421517,3.556971343966399,2.0435790141219816,2.916663700674884e-06,14,2.381352627614106e-06,6,0.0,0
1.1600000000000001,1.627749795405918,2.029084326399376,3.4566914809530602,1.9019962233861498,4.6093888422417985e-06,21,3.17784111847029e-06,13,0.0,0
1.1800000000000002,1.586167301986599,2.024113551441919,3.3683868464416475,1.7507422715484429,3.6645177500745584e-06,19,1.6387589660593248e-06,8,8.887856673081491e-07,2
1.2,1.5504302441548703,2.0213727680901847,3.2924955861816776,1.5949545725214842,4.125415262737241e-06,15,3.6241486220606333e-06,8,2.3736761545134925e-06,1
1.22,1.520413189698603,2.0194207440170313,3.2287513321721675,1.4394307635952193,3.4038093831623684e-06,13,3.3696642640168717e-06,7,4.036086173250471e-07,1
1.24,1.4957232507165117,2.017807378409447,3.1763197471794853,1.2883557360231037,7.5812398178778855e-06,15,6.8914233987575144e-06,9,3.591207719995179e-06,1
1.26,1.4757849227982067,2.0163459208661614,3.133978689325157,1.1451417716681138,6.444413282250163e-06,23,2.988190103812599e-06,10,9.070390454145329e-07,2
1.28,1.4599271812202768,2.014943081110602,3.1003031696757035,1.0123780334168448,7.453205428212698e-06,25,6.504985266169008e-06,13,1.6771822059155436e-07,1
1.3,1.4474586194624004,2.0135453344793026,3.0738249164884928,0.8918686378125428,6.2061384526750555e-06,25,4.4650399828964124e-06,10,0.0,0
1.32,1.4377228832276632,2.0121181338040257,3.0531500949659196,0.7847305414307834,6.9360132955702164e-06,22,5.2267201304913785e-06,12,5.929276604436536e-07,3
1.34,1.4301330123629958,2.0106368290364505,3.037032235800171,0.6915139071676033,9.464436339719335e-06,18,7.108498425487738e-06,9,7.403804969280895e-07,1
1.36,1.4241874523244538,2.0090821410342885,3.0244062371407154,0.6123226711568455,1.2483005605754807e-05,28,6.807888180978043e-06,13,0.0,0
1.3800000000000001,1.4194725453575028,2.0074377760534987,3.0143936548678476,0.5469015792880527,9.009867714441618e-06,16,5.7547466586937596e-06,8,9.31594742364592e-09,1
1.4000000000000001,1.4156564631984019,2.0056890714903735,3.006289818069827,0.49468640404439995,1.2459771627206692e-05,20,6.704941177688429e-06,8,0.0,0
1.4200000000000002,1.412478653557302,2.003822172049937,2.9995414175813226,0.4548176405144943,1.1190098493674265e-05,25,5.662129946362585e-06,12,0.0,0
1.4400000000000002,1.4097377681964076,2.001823529645151,2.9937208700352484,0.42615001724808754,1.1003635029825441e-05,23,1.018781898464475e-05,12,7.440787448104961e-09,1
1.46,1.4072798929833545,1.9996795054101808,2.9885013231895443,0.40729208756821267,1.2661899367255494e-05,22,1.0466585717836863e-05,13,0.0,0
1.48,1.4049880443812828,1.9973761202865135,2.9836343506604894,0.3967041029228834,1.7861063726207126e-05,33,1.182337287228627e-05,15,1.924579233188494e-08,1
1.5,1.4027733423080349,1.9948988759944797,2.978931206595565,0.3928331235829058,1.3261756190983375e-05,27,9.931987008723532e-06,16,1.057882293033055e-06,1
1.52,1.400567866195451,1.9922326003949833,2.9742476547921304,0.39424662683083544,1.4091458192521758e-05,28,1.198345726046392e-05,17,1.3141965714319686e-06,1
1.54,1.398319055306194,1.9893613455673165,2.9694720772032963,0.39971994864098775,1.627017959129867e-05,26,1.2965652023842687e-05,13,6.524106821335417e-06,2
1.56,1.395985405268829,1.9862683155334064,2.9645163350944954,0.40827473685246424,1.417522320436917e-05,33,1.1867104791798753e-05,20,2.5649742775515813e-06,2
1.58,1.3935332100993643,1.9829356809062861,2.9593088503963885,0.41916432324793124,1.6772311414596626e-05,22,1.153527152143978e-05,11,1.3507364605404093e-06,1
1.6,1.3909341281491305,1.9793445163509085,2.95378943674877,0.43183865015731826,1.8316652105625814e-05,37,1.3679416511541017e-05,22,0.0,0
1.62,1.3881634036582067,1.975474709453376,2.9479055227892195,0.4459023136949925,2.300260928228428e-05,34,1.4846507712728403e-05,16,2.9504020927621612e-06,3
1.6400000000000001,1.3851985683537351,1.9713049607648947,2.9416093948656767,0.46108232081039835,2.1830042878051288e-05,30,1.244386640663262e-05,11,6.763878507295588e-06,2
1.6600000000000001,1.382018446284638,1.9668126202183436,2.9348560837022144,0.4771803005625768,2.5190727458720084e-05,36,1.8395805468644188e-05,18,8.467877241630103e-06,3
1.6800000000000002,1.3786025205317445,1.9619737413926335,2.9276020195438766,0.4940628432754151,1.8100104944234675e-05,32,1.17375993494333e-05,14,5.99211673774964e-07,1
1.7000000000000002,1.3749303821719028,1.9567629390746475,2.9198038619761895,0.5116341476130968,2.2759022110539718e-05,34,1.6351215702586672e-05,19,1.7426400845535432e-06,3
1.72,1.3709814044868298,1.9511534185883015,2.9114178080746678,0.5298267358060517,2.8809543323156202e-05,28,1.467365992136e-05,12,6.2281147552946124e-06,1
1.74,1.3667344456933688,1.9451168677940092,2.902398961122422,0.5485897599782938,2.3681350506127356e-05,24,1.700814476530973e-05,14,0.0,0
1.76,1.3621676339022837,1.9386233412137612,2.8927008739483897,0.567887092162724,1.8500334817748805e-05,20,1.2189103073377956e-05,8,0.0,0
1.78,1.3572583087797723,1.9316414214458963,2.882275425039651,0.5876823918309945,2.4957475768745044e-05,32,1.6017521271884614e-05,12,0.0,0
1.8,1.3519829094103546,1.9241381193911002,2.8710725804069206,0.6079424782670723,1.788235050204435e-05,28,1.5378840025808852e-05,14,2.437711337364212e-06,1
1.82,1.346316975913905,1.9160789833790448,2.8590403970184783,0.6286357752996693,2.2741793764679546e-05,22,1.9438703585485157e-05,13,6.132430633100865e-07,1
1.84,1.3402350902531928,1.907428094555633,2.846124897098988,0.6497279594584897,2.57419855780278e-05,32,1.8278845889328536e-05,15,0.0,0
1.86,1.3337109166665437,1.8981481077165514,2.832270153992352,0.6711855262822763,2.6074333216351025e-05,25,1.7139566831910293e-05,12,6.3404693795974815e-06,3
1.8800000000000001,1.3267172064522508,1.8882003124404108,2.8174183023218853,0.6929622147184878,2.9117665260750838e-05,34,1.9324881122554046e-05,15,0.0,0
1.9000000000000001,1.3192259644169164,1.877544914785558,2.801509891460227,0.7150166453533557,3.106059794106148e-05,28,2.2988028298190123e-05,14,2.856349270281729e-06,3
1.9200000000000002,1.3112084210130357,1.8661409441348695,2.7844838263606735,0.7372978568327566,2.595838497172694e-05,27,2.0248332869714665e-05,13,1.1074696165941196e-05,3
1.9400000000000002,1.3026352631722857,1.8539466097165638,2.7662778577550404,0.759741448814492,2.7335383711371567e-05,21,1.595888476667971e-05,12,0.0,0
1.9600000000000002,1.2934767754487777,1.8409195622961745,2.746828881885645,0.7822894195622421,2.183631575845069e-05,26,1.3810440628243797e-05,13,0.0,0
1.9800000000000002,1.2837030690720124,1.8270171749768698,2.726073426922447,0.8048596279366466,2.8719949314398034e-05,27,2.5906673274085198e-05,16,0.0,0
2.0,1.2732843516587495,1.8121969301551075,2.703948225723511,0.8273771914002497,2.0413841103929733e-05,23,1.3449877521639691e-05,12,8.15321304211119e-06,3
2.02,1.2621911007148923,1.7964166716393561,2.6803905842838183,0.8497538484866464,2.3989392716491742e-05,21,1.4934895360035726e-05,9,8.244634503973869e-06,1
2.04,1.250394423071848,1.7796351242612207,2.655339145034771,0.871892081896424,3.626667450305204e-05,30,2.420011795826464e-05,16,7.919777481219042e-06,1
2.06,1.2378664366164869,1.7618124120559064,2.628734697486404,0.8936897238315107,3.0431206018564442e-05,25,1.9780966079235016e-05,11,1.0823005352298687e-05,1
2.08,1.2245806527011485,1.742910581028254,2.600520990313748,0.9150325096333598,2.5877009189254656e-05,18,1.7088794501323333e-05,7,0.0,0
2.1,1.2105124243131553,1.72289432537765,2.570645683090164,0.9358025289170634,3.529185699486858e-05,29,1.8110337374377863e-05,12,7.303160128312024e-06,1
2.12,1.1956394121621652,1.7017315640286752,2.539061336071021,0.9558743569849341,3.2682523837275386e-05,20,2.004327072852209e-05,8,1.2115525092065288e-05,2
2.14,1.1799420234166742,1.6793940403940006,2.505726341895079,0.9751144491899914,3.403414773223652e-05,28,1.7381137520836063e-05,14,3.5748900253238564e-08,1
2.16,1.1634039850400282,1.655858144320497,2.47060614312155,0.9933869105176295,3.6776498101021876e-05,26,1.9596961181046275e-05,10,8.0576659441017e-06,2
2.18,1.1460129490078366,1.6311058899664728,2.4336745174705494,1.0105514074816446,4.391074794493926e-05,32,3.271790184969358e-05,15,5.511133614081082e-06,2
2.2,1.1277610137316796,1.6051255953503447,2.394914685119125,1.02646183737494,3.482084974400519e-05,15,3.210495167131955e-05,10,3.5432436837518857e-06,1
2.22,1.1086452413214574,1.5779125290421312,2.3543204071602237,1.0409720195200096,3.628817791248636e-05,22,2.5884833924075856e-05,12,0.0,0
2.24,1.0886681622397767,1.5494696884596337,2.31189705728737,1.0539453889621382,2.953617036326119e-05,22,2.507239770410221e-05,10,9.586847434628387e-06,1
2.2600000000000002,1.0678382383689087,1.5198084108786076,2.267662605164232,1.065240788424125,2.4435783754485884e-05,13,9.270266720179737e-06,4,0.0,0
2.2800000000000002,1.0461703623915437,1.4889491348502788,2.2216486769102115,1.0747221340950888,2.3905278599524864e-05,14,1.5952908035217813e-05,8,0.0,0
2.3000000000000003,1.0236863189447136,1.4569220965012741,2.1739015344074812,1.0822600667861444,2.035703047586281e-05,12,1.9883538733171313e-05,7,1.0096458705379481e-05,1
2.3200000000000003,1.000415042641336,1.4237676069297096,2.12448262323586,1.087744712983923,2.9705544217941824e-05,17,1.9522291628961906e-05,7,1.222245131321445e-05,3
2.3400000000000003,0.9763927066396024,1.389536147359263,2.0734687607588707,1.0910668977165148,3.597623706872343e-05,15,3.018292152562103e-05,10,0.0,0
2.3600000000000003,0.9516629244657834,1.3542888211557955,2.0209525647149036,1.0921421407641223,4.394562780823804e-05,31,2.3338830774553496e-05,13,0.0,0
2.38,0.9262764740020994,1.3180967470819425,1.9670418670775127,1.0909034926048746,2.6389377345849165e-05,18,1.1105738593496728e-05,7,3.7074583578135765e-07,1
2.4,0.9002912656905331,1.2810411434884534,1.9118596465329953,1.087295028460928,4.5857008534200505e-05,20,3.6236193967173015e-05,11,0.0,0
2.42,0.8737721824756172,1.2432131497065715,1.855543688582698,1.0812929189628904,2.253359172577592e-05,16,1.5789763214379422e-05,8,9.453000824212168e-06,2
2.44,0.8467900439521483,1.2047121591779781,1.7982443858058166,1.0728939801439676,3.627421007440269e-05,14,2.0358891666213366e-05,6,9.265201108934297e-06,1
2.46,0.8194212946382095,1.1656454935113678,1.7401240758756038,1.0621109026940787,2.8022575616898273e-05,14,2.3935288392245405e-05,7,0.0,0
2.48,0.7917474938341359,1.1261277982957936,1.6813559582232358,1.048991187573272,3.566571720345812e-05,14,1.2345920979056018e-05,5,4.2607231152408556e-07,1
2.5,0.7638538907778076,1.086278795264849,1.6221210682358274,1.0335982671765087,3.740082670820383e-05,18,3.1536723305691015e-05,12,1.2429996447836945e-05,2
2.52,0.7358287700823034,1.04622247848547,1.5626068872270238,1.016025175507879,3.375494618975847e-05,12,3.08343838462091e-05,6,8.548181360581414e-06,1
2.54,0.7077623086454249,1.0060854937957726,1.5030049149686509,0.9963840634448681,3.074962735916386e-05,13,2.5662438656820268e-05,7,0.0,0
2.56,0.6797453219481222,0.9659952728337228,1.4435080073284994,0.9748008858758958,4.661912385010856e-05,19,3.83048710464367e-05,7,3.451122505287936e-05,2
2.58,0.6518685873937713,0.9260792256368059,1.384308939312776,0.9514343459060325,1.5605807546682818e-05,7,1.4786653028713597e-05,4,0.0,0
2.6,0.6242210057203091,0.8864618445438694,1.3255965006386383,0.9264474143304522,2.8055020290813895e-05,11,1.716202865133433e-05,5,1.255590715953046e-05,2
2.62,0.5968889108500565,0.8472639776594202,1.2675540301304218,0.9000296134130649,2.8883488105420768e-05,12,1.1246773459633508e-05,4,0.0,0
2.64,0.5699547983110997,0.8086007574219795,1.210356715393715,0.8723603420131486,3.296027896439814e-05,16,2.5079100301848958e-05,7,0.0,0
2.66,0.5434968396645344,0.7705812487734339,1.1541705616524491,0.8436371282113594,3.657558211893799e-05,8,3.657497174546688e-05,7,8.03078951320029e-06,1
2.68,0.5175879461663639,0.7333070480425631,1.09915040334015,0.8140606758439337,3.3340495075055213e-05,11,2.9898656490932516e-05,7,0.0,0
2.7,0.4922944307681057,0.6968698964032032,1.0454370627227665,0.7838321744206495,2.629893325800629e-05,10,9.070811968313006e-06,4,1.6850542016577523e-08,1
2.72,0.46767650447092557,0.6613530420319719,0.993158403956926,0.7531378220727178,2.817741228077162e-05,10,2.7839565942332544e-05,7,5.203939799160679e-06,1
2.74,0.4437875858173401,0.6268300536668377,0.9424278667256576,0.7221651232777305,1.2208111309374895e-05,8,9.27205110597261e-06,5,0.0,0
2.7600000000000002,0.4206739331493185,0.5933642127807511,0.8933436853012426,0.6910990945099488,1.172602752578267e-05,8,1.0009456414804207e-05,4,5.37901686656457e-06,1
2.7800000000000002,0.39837472126839724,0.5610088398088797,0.8459890513407292,0.6601044060451183,2.8183765412097816e-05,11,2.7830797290021672e-05,9,4.679393527464598e-06,2
2.8000000000000003,0.37692151662314266,0.5298059734322538,0.8004309993933775,0.6293448836349989,1.948106393377525e-05,6,1.8948556489927902e-05,5,6.264968823874951e-06,2
2.8200000000000003,0.35633915590389764,0.4997883584961694,0.7567222726855513,0.5989572285993028,2.611160370852683e-05,10,9.427143459193817e-06,5,2.246537488295383e-06,2
2.8400000000000003,0.336645669652213,0.4709789265777873,0.714901160897613,0.5690773897119985,1.8853240189163965e-05,6,4.406485567982373e-06,2,0.0,0
2.8600000000000003,0.3178525566200455,0.4433912254724711,0.6749920827934555,0.539815784153384,1.2178893786692835e-05,8,1.1628709706488515e-05,4,1.498525741281199e-06,1
2.8800000000000003,0.2999655590199368,0.41703081814514265,0.6370072325427418,0.5112728358404218,3.3539653317564027e-06,2,1.7847010537536725e-07,1,0.0,0
2.9000000000000004,0.28298466660182053,0.39189491784436714,0.6009465883784184,0.48353883178100154,2.0453016624361555e-06,4,4.8988801635564e-08,2,0.0,0
2.92,0.2669046723693433,0.36797349018018655,0.5667990927165822,0.4566800276942689,1.581934281226894e-05,5,1.5808623801723562e-05,4,1.0429454053561655e-07,1
2.94,0.251716012812889,0.34525039093697163,0.5345444364763712,0.43075580818552434,2.00852372122082e-06,5,3.483232998597742e-07,1,0.0,0
2.96,0.2374050914252258,0.3237041018490128,0.5041537460981929,0.40580664828115576,2.2854976995383141e-07,1,2.2854976995383141e-07,1,0.0,0
2.98,0.22395466303069764,0.30330807853214925,0.4755903997056717,0.3818714086869315,8.783365730841288e-06,4,7.535992598975999e-07,3,6.019946127169204e-08,1
3.0,0.21134430198252946,0.2840316115980963,0.4488110213700258,0.3589644909997301,1.5966331967613042e-05,4,1.8943761782228491e-07,2,0.0,0
3.02,0.19955110428189052,0.2658409651677629,0.4237669721309792,0.3371018095819214,9.920185847153831e-07,6,9.920146960744702e-07,5,8.613654923991419e-08,1
3.04,0.18854960461634598,0.24869906839205233,0.4004041738195149,0.3162853690658188,2.567229037063276e-07,3,2.0641573137566718e-07,2,0.0,0
3.06,0.1783126200330132,0.23256709030632008,0.3786649006832342,0.2965079927037003,9.272167365310318e-06,7,9.220811477902767e-06,5,0.0,0
3.08,0.16881131024955934,0.217404682878259,0.358487907462866,0.2777596242981857,2.3193912339255138e-05,4,2.3193433010328094e-05,3,0.0,0
3.1,0.16001570104200058,0.20317075993750544,0.3398095408592451,0.2600155693868687,1.3425237308126335e-05,8,1.3398789640788157e-05,7,0.0,0
3.12,0.15189473223125136,0.18982371790826766,0.32256384143760763,0.24326049956618853,1.7685241991440264e-05,7,1.7673624139786747e-05,5,0.0,0
3.14,0.14441634727377306,0.17732141102441215,0.3066827338824036,0.22746645997073284,2.5206277125156704e-05,7,1.1106372895480888e-05,6,3.242700710555634e-08,1
3.16,0.13754795924155797,0.16562197515587648,0.2920970165529677,0.21260055956852703,2.50141940299243e-06,8,1.0598309443515109e-06,3,0.0,0
3.18,0.13125659279800983,0.15468423471147916,0.27873666298367505,0.19863294633960396,1.7237460635838446e-06,8,9.851887391589907e-07,2,0.0,0
3.2,0.12550882353547663,0.1444672757668862,0.2665306930610508,0.18553257297303322,1.3053677904020926e-05,8,8.999833134362383e-07,3,0.0,0
3.22,0.12027126381976559,0.13493144612249305,0.25540820476378373,0.17325992171733742,4.021000303879161e-06,10,3.1825748923923103e-06,5,0.0,0
3.24,0.11551061096769816,0.12603805414423874,0.24529847647264136,0.1617781940665941,2.0141780492119687e-05,8,1.9977832401108398e-05,3,0.0,0
3.2600000000000002,0.11119408872941022,0.11775030775564872,0.23613190450282984,0.1510525882828273,3.4384443765204653e-06,6,2.3768571625645236e-06,5,1.0482989612853302e-06,1
3.2800000000000002,0.10728913515462583,0.11003222102359635,0.2278393402564259,0.14104707033347696,7.425977063055943e-06,10,3.3021620204314813e-06,5,0.0,0
3.3000000000000003,0.1037640125251731,0.10284944252709047,0.22035338547582314,0.13172538228696912,4.626234401426722e-06,11,4.297598178496381e-06,6,1.7825787639449377e-08,1
3.3200000000000003,0.10058786238230502,0.09616900020037525,0.2136085090998184,0.12305303649973418,8.524544752672238e-06,16,3.4334738422497142e-06,6,7.790238945264024e-07,1
3.3400000000000003,0.09773080267419668,0.08995956004252562,0.20754125356615727,0.11499572309293034,5.3969498417425106e-06,11,3.6631557757163147e-06,5,0.0,0
3.3600000000000003,0.09516437761966574,0.0841909766475238,0.20209119014268787,0.10751687927429214,5.192504821889295e-06,10,4.352903939447153e-06,6,0.0,0
3.3800000000000003,0.09286146565819743,0.07883504160511688,0.19720072344991996,0.10058632124265776,4.80223359132733e-06,7,4.159070592992804e-06,5,0.0,0
3.4000000000000004,0.09079647603473161,0.07386455910482219,0.19281550892872215,0.09417428881690897,6.19453768471302e-06,15,3.770014204882129e-06,8,1.3908032926218505e-08,1
3.4200000000000004,0.088945348254866,0.0692544504784421,0.18888445168339085,0.08824978180690658,1.0345176681604917e-05,14,7.423728581554333e-06,10,1.9193797327875763e-06,1
3.44,0.08728581790920537,0.06498035690718042,0.18536027098656718,0.08278308584910594,6.0462861139882324e-06,11,4.687383683181125e-06,7,0.0,0
3.46,0.0857973056313595,0.06101963208043174,0.1821992644703042,0.077745298116567,6.258244149324258e-06,7,1.3900886767650732e-06,2,0.0,0
3.48,0.08446092470321195,0.0573507824048891,0.17936132427662488,0.0731142243251518,4.0433314093030885e-06,8,3.4388698146850525e-06,6,0.0,0
3.5,0.0832593386509183,0.05395397046863298,0.17680963464820768,0.06886475934607375,6.664828065837087e-06,11,5.038904037472559e-06,5,3.385044963430618e-06,1
3.52,0.08217697051636491,0.05154727159969933,0.17451111633751562,0.0649687613153044,8.89666767793965e-06,14,7.391645074103582e-06,6,0.0,0
3.54,0.08119991945570582,0.05081415830887422,0.1724362494953458,0.06139563537600261,5.882596020105771e-06,7,5.737089138667508e-06,6,0.0,0
3.56,0.08031556513874559,0.05005979256826615,0.17055823357286912,0.05813823967360143,1.3653535916316417e-05,17,1.125376649166174e-05,7,9.950776576749696e-06,1
3.58,0.07951249375617452,0.04932321864506161,0.16885283019050323,0.05517089743570773,7.853491585910354e-06,12,7.245454876735066e-06,9,7.037548429175312e-07,1
3.6,0.07878082001332967,0.04863206842817488,0.1672990469242623,0.05246610652740881,7.1975401983352485e-06,11,5.90177242469908e-06,6,0.0,0
3.62,0.07811176796763683,0.04797489442286843,0.1658782471716296,0.050007372227283235,1.2514124488513569e-05,18,7.5243244413655e-06,9,1.6775281907868282e-06,1
3.64,0.07749747479352591,0.047354835723881515,0.16457373342648898,0.04777808673293939,4.431156497908903e-06,9,1.384722143551838e-06,3,0.0,0
3.66,0.07693106521636472,0.046767941053664,0.16337090534711882,0.04576583857685456,1.0197264326253779e-05,14,6.955032285766905e-06,6,0.0,0
3.68,0.07640646097105355,0.04618053879052534,0.1622568551222274,0.04394180811176431,6.495595205077048e-06,9,3.650507977683726e-06,5,2.3988167213519437e-06,2
3.7,0.0759183020980438,0.0456036403304424,0.16122020033508078,0.042303184125012626,7.665063753598284e-06,8,4.707716402478247e-06,3,4.275762309674411e-06,1
3.72,0.07546194671075795,0.045050315942308745,0.16025108346959555,0.04082412449098042,9.010702780746435e-06,13,6.6617996259944354e-06,6,6.218524462941258e-07,2
3.74,0.07503336901935988,0.044516195176405204,0.15934095535349105,0.03949834094027535,1.4821945326551534e-05,10,6.249059452920614e-06,5,6.04706032922995e-07,2
3.7600000000000002,0.07462911320012963,0.04400042212312625,0.15848247719523675,0.03829880810594305,7.58758843403894e-06,12,3.0988942467595033e-06,5,0.0,0
3.7800000000000002,0.07424606961826083,0.04349744175759274,0.15766904537050755,0.037223810316278375,6.791023080301882e-06,8,5.24096557321541e-06,4,0.0,0
3.8000000000000003,0.07388162666230028,0.04298364398051233,0.1568951138579878,0.03626278602748054,1.0121688681406978e-05,15,8.034695408593973e-06,9,0.0,0
3.8200000000000003,0.0735334065353747,0.042517130165390646,0.15615563316529335,0.03539326327532921,5.1243853232109474e-06,6,4.590216162081735e-06,4,0.0,0
3.8400000000000003,0.0731994613419725,0.042063212560246095,0.1554464667391039,0.034616070280852174,1.2823127761195497e-05,20,8.637141386645703e-06,13,1.6041545585851682e-06,1
3.8600000000000003,0.07287803239255813,0.04162583204996993,0.15476387982414425,0.033915889876483134,8.218707026128799e-06,9,3.745811659013283e-06,1,0.0,0
3.8800000000000003,0.07256762339583672,0.04121929766498557,0.15410469489436793,0.033282921249514326,6.889969673217138e-06,11,5.6380399393265416e-06,5,2.3789561642664865e-06,2
3.9000000000000004,0.0722669523876192,0.0408283253924878,0.1534661895690357,0.03271392372532962,3.916645149166307e-06,5,1.2215027754285357e-06,3,0.0,0
