t,dt,defect_norm,defect_derivative_norm,smooth_log_norm,loss_log_norm,speed,accel,jerk
0.005,0.01,3.110101961596012e-05,6.308593399058501e-05,4.5094558885752525,5.4282621677112575,0.04953397248362868,0.20740702377848907,3.4031659039572473
0.015,0.01,3.2501643382043536e-05,6.599621032137285e-05,4.509434581691948,5.428240910535307,0.051600379105151854,0.216747598153336,3.5572718640501333
0.025,0.010000000000000002,3.396673066522614e-05,6.914648297126601e-05,4.509411266710852,5.428217838660983,0.053762049731681534,0.22651849246706027,3.718544559326623
0.035,0.009999999999999998,3.5499470980303965e-05,7.226352898151055e-05,4.509385754399098,5.428192788865495,0.056023402879885796,0.2367395662205893,3.887139792271054
0.045,0.010000000000000002,3.7102653176024666e-05,7.551123905660935e-05,4.509357837737753,5.428165582871248,0.05838905304729822,0.2474309135609494,4.063536307855429
0.05500000000000001,0.010000000000000002,3.87796134044588e-05,7.902860622676736e-05,4.50932729019995,5.428136025945328,0.06086382642890665,0.2586145225576056,4.248053637037674
0.065,0.010000000000000002,4.0533713202437646e-05,8.257409931338167e-05,4.509293863922543,5.428103905361452,0.06345277104440354,0.27031292182473593,4.441070622730407
0.07500000000000001,0.009999999999999995,4.2368683212462135e-05,8.635193459958244e-05,4.509257287675567,5.428068988719997,0.06616116545178863,0.2825497580516777,4.642914178820876
0.085,0.010000000000000009,4.4288015967971235e-05,9.025751142807415e-05,4.509217264705653,5.4280310221118055,0.06899452627078485,0.29534942271238174,4.8540350223200335
0.095,0.009999999999999995,4.6295577923717186e-05,9.452267226911493e-05,4.509173470321892,5.427989728112207,0.07195862020483164,0.3087375201982656,5.07483976734774
0.10500000000000001,0.009999999999999995,4.8395468102158604e-05,9.90210901957117e-05,4.5091255492523565,5.427944803585944,0.07505947661825592,0.32274132469549,5.305826663797465
0.115,0.010000000000000009,5.059178342487356e-05,0.0001034089907029744,4.5090731127489025,5.4278959172821555,0.07830340342182718,0.33738918498974557,5.547402863723722
0.125,0.009999999999999995,5.288923795402779e-05,0.00010798904195796275,4.509015735467323,5.427842707204187,0.08169699431728394,0.35270991746979286,5.7999943156110305
0.135,0.010000000000000009,5.5291955188807705e-05,0.00011292360943331386,4.508952952065514,5.427784777742641,0.08524713704268498,0.3687340065281417,6.064163476443497
0.14500000000000002,0.009999999999999981,5.780523653629687e-05,0.00011816671633847238,4.508884253383414,5.427721696537992,0.08896103253107707,0.3854937616887609,6.340487154953259
0.155,0.010000000000000009,6.043367955401478e-05,0.00012373948977092,4.508809082318028,5.427652991042897,0.09284621207806079,0.40302288070728903,6.629480489038838
0.165,0.010000000000000009,6.318274035270776e-05,0.00012932156922140455,4.508726829281324,5.427578144762074,0.09691055092280308,0.42135659891088195,6.931633049171345
0.17500000000000002,0.010000000000000009,6.60577288311729e-05,0.0001351061368016739,4.508636827376208,5.427496593143617,0.1011622760646232,0.44053042172201146,7.2475805830581255
0.185,0.009999999999999981,6.906477040682236e-05,0.00014125294492975873,4.508538346995712,5.427407719099402,0.10560998315152237,0.46058258314395606,7.577965960361709
0.195,0.010000000000000009,7.220934322002267e-05,0.0001479062370335205,4.508430589895921,5.427310848095763,0.11026265688385818,0.4815527428255741,7.92343214168856
0.20500000000000002,0.010000000000000009,7.54977375273177e-05,0.00015460529100327233,4.508312682709799,5.4272052427862105,0.11512968970799359,0.5034830624408491,8.284679703848411
0.21500000000000002,0.009999999999999981,7.893648065555631e-05,0.00016146232811829067,4.508183669894579,5.42709009713534,0.12022089902408901,0.526416133381477,8.662270496802183
0.225,0.010000000000000009,8.253232234585598e-05,0.00016888523346772418,4.508042506176139,5.426964530012212,0.1255465358567964,0.550396700792752,9.057045156600843
0.23500000000000001,0.010000000000000009,8.629262688765811e-05,0.00017634300993688674,4.5078880480075725,5.426827578187899,0.13111731035779345,0.5754718194659999,9.46973746493883
0.245,0.009999999999999981,9.022391788151272e-05,0.00018452519298875822,4.507719044408776,5.426678188675557,0.13694440988247503,0.6016905222098345,9.901313428554287
0.255,0.010000000000000009,9.433478944801427e-05,0.00019330721745099862,4.507534126682031,5.42651521035132,0.1430395308655151,0.6291043816684395,10.35223823396278
0.265,0.010000000000000009,9.863235670898626e-05,0.00020197597025410554,4.507331797753689,5.426337384797823,0.14941487867779163,0.6577650317642344,10.823536410525339
0.275,0.010000000000000009,0.00010312538977785944,0.00021123878946471692,4.507110419993812,5.426143336331851,0.15608319776680105,0.6877283109816983,11.31610497178094
0.28500000000000003,0.010000000000000009,0.00010782266012567553,0.00021981682348147502,4.506868201992006,5.425931561074228,0.16305780037664108,0.7190517601383966,11.830746920521596
0.29500000000000004,0.009999999999999953,0.00011273209011340417,0.0002306549884981355,4.506603184465867,5.425700415024989,0.17035257113991115,0.7517934694831637,12.368689676393293
0.305,0.010000000000000009,0.00011786443005234707,0.00024056387116084646,4.50631322414893,5.425448101065383,0.17798201008035236,0.7860174924144766,12.93061938160472
0.315,0.010000000000000009,0.0001232277795535989,0.0002515625124884644,4.505995976928354,5.425172654699311,0.1859612479775223,0.8217863810302137,13.517446795975234
0.325,0.010000000000000009,0.00012883334804006123,0.0002627382802924008,4.5056488792678095,5.424871928558783,0.1943060607629296,0.8591674762409298,14.13057544434708
0.335,0.010000000000000009,0.00013469012752145444,0.0002745195550335768,4.505269127566412,5.4245435754501,0.20303290573053365,0.8982283104507708,14.770795586913549
0.34500000000000003,0.010000000000000009,0.0001408103273968815,0.0002863744392290066,4.504853656018695,5.4241850298923655,0.21215893362807856,0.9390412440308783,15.439347292610385
0.35500000000000004,0.010000000000000009,0.00014720390944215127,0.0002990280252817644,4.5043991119968965,5.423793487938439,0.22170202837956618,0.9816801768475731,16.137234560198888
0.365,0.009999999999999953,0.0001538825418584329,0.000312189888660038,4.503901829862496,5.423365885176062,0.2316808150731224,1.0262193328810327,16.86549151119427
0.375,0.010000000000000009,0.00016085871491285374,0.00032613085124449226,4.503357802008011,5.4228988728073855,0.2421146826707927,1.072738858311184,17.62574261478035
0.385,0.010000000000000009,0.00016814367329498546,0.00034035472971817853,4.50276264675608,5.422388791479609,0.2530238322533235,1.1213182299534927,18.418548841941988
0.395,0.010000000000000009,0.00017574858757183002,0.0003551878886070083,4.502111574960842,5.421831642854387,0.2644292608435962,1.1720399423088708,19.24572017528385
0.405,0.010000000000000009,0.00018368943605722246,0.0003701493334603766,4.501399351074171,5.421223058627407,0.27635282402654743,1.2249917037776354,20.108312365487023
0.41500000000000004,0.010000000000000009,0.0001919762167571645,0.0003860888368266876,4.500620253060029,5.420558266720516,0.28881723853920005,1.2802581557824937,21.007272348590124
0.42500000000000004,0.009999999999999953,0.0002006240978282052,0.0004030378308376697,4.4997680283350565,5.419832054649931,0.30184608124134465,1.3379271869258924,21.94395856240487
0.435,0.010000000000000009,0.00020964571958971662,0.0004198245177346829,4.498835844894503,5.419038729672866,0.3154638251540219,1.3980898121911969,22.91961552083223
0.445,0.010000000000000009,0.000219055109913577,0.00043777521909124764,4.497816238698009,5.418172075417633,0.32969585454480976,1.46083744164686,23.93558097462222
0.455,0.010000000000000009,0.00022886581905783864,0.0004560222897342373,4.496701056193035,5.41722530481285,0.3445684773465475,1.5262626422362473,24.992932575409466
0.465,0.010000000000000009,0.0002390921306558734,0.00047488318447360035,4.4954813925427715,5.4161910090207765,0.3601089193676017,1.5944569497310128,26.092846510244648
0.47500000000000003,0.010000000000000009,0.00024974741548537736,0.0004948384835211942,4.494147523837134,5.415061102127034,0.3763453379394553,1.665514446073213,27.236355459963374
0.48500000000000004,0.010000000000000009,0.0002608461575493835,0.0005141023188953518,4.492688833605209,5.4138267611411,0.3933068218719122,1.7395269023286168,28.424177899424308
0.495,0.009999999999999953,0.000272401311346714,0.0005350878763300067,4.491093734611774,5.412478361153959,0.4110233593165821,1.8165830430621308,29.657541857631085
0.505,0.010000000000000009,0.0002844263689274557,0.0005566995473616335,4.489349582296916,5.411005405350148,0.42952583505166386,1.8967731761067257,30.937570916231525
0.515,0.010000000000000009,0.0002969336925006911,0.000577637675679513,4.487442581299009,5.409396449280072,0.44884601936551094,1.980180953223731,32.26410687955933
0.525,0.010000000000000009,0.000309937278398522,0.0006009656010964587,4.485357686246459,5.407639019420556,0.46901649599478584,2.0668888931744833,33.638467809734024
0.535,0.010000000000000009,0.0003234459338167285,0.000622409923406489,4.483078492386008,5.405719525419887,0.490070653511965,2.15697094398239,35.0601812358386
0.545,0.010000000000000009,0.00033747066904698115,0.0006462101538787724,4.480587120382941,5.403623165928891,0.5120425856258847,2.2504960914832672,36.529787539717496
0.555,0.010000000000000009,0.00035202062319485844,0.0006702846377461526,4.477864089821265,5.401333827638359,0.534967033345504,2.3475225539169746,38.04679717299309
0.5650000000000001,0.010000000000000009,0.00036710277054463375,0.0006931834492278898,4.4748881858059315,5.398833977315073,0.5588792775287947,2.448098825863852,39.61051510871736
0.5750000000000001,0.010000000000000009,0.00038272342712774866,0.0007190467054591542,4.471636313661864,5.396104546662114,0.5838150170067438,2.5522609025712857,41.22040734168654
0.5850000000000001,0.010000000000000009,0.0003988859812268675,0.0007400720825880457,4.468083343373158,5.3931248096895485,0.6098102641840346,2.660031224852398,42.87423313984367
0.595,0.009999999999999898,0.00041558803125519146,0.000766016522864157,4.46420195046876,5.3898722526384875,0.6369011095411048,2.7714032872565615,44.57040998437986
0.605,0.010000000000000009,0.0004328284075400054,0.000791137455923302,4.459962437615802,5.386322437172331,0.6651235522828499,2.8863633015146313,46.306645721824715
0.615,0.010000000000000009,0.00045060021633420625,0.0008117848530546123,4.4553325494821605,5.382448855592629,0.6945132928161151,3.004861954188958,48.078942681537015
0.625,0.010000000000000009,0.00046888936239005655,0.0008356503318844734,4.450277279742431,5.378222779863406,0.7251053988727448,3.126821967238167,49.883619393533195
0.635,0.010000000000000009,0.00048768260420162555,0.0008597089169891686,4.444758665755757,5.37361310444459,0.7569340182929157,3.2521322217091244,51.715771551053905
0.645,0.010000000000000009,0.000506958159809503,0.000875851170833286,4.438735573012189,5.368586183650919,0.7900320136784081,3.380642197659275,53.56827657436
0.655,0.010000000000000009,0.0005266814314965556,0.0009029846670845315,4.432163473604559,5.363105664995631,0.824430506775323,3.51215716260709,55.43562150955948
0.665,0.010000000000000009,0.0005468219519470935,0.0009189442462669737,4.4249942150380415,5.357132319702242,0.8601584423288471,3.6464254243200083,57.30770440684351
0.675,0.010000000000000009,0.0005673255493160699,0.0009504344254721193,4.417175788455015,5.3506238729695745,0.8972419665856953,3.783141108385143,59.1759772425345
0.685,0.010000000000000009,0.0005881421592646764,0.0009548867957666576,4.4086520833006135,5.343534835735388,0.9357038863754965,3.9219315513194792,61.02707713563652
0.6950000000000001,0.010000000000000009,0.0006092031494535991,0.0009655543013137669,4.399362657431271,5.335816341477083,0.9755628731935728,4.062344095764851,62.84928544751965
0.7050000000000001,0.010000000000000009,0.000630428357486268,0.0009699675144408735,4.389242493428873,5.32741599230632,1.016832720487822,4.203845149915002,64.62643179793879
0.7150000000000001,0.010000000000000009,0.0006517229941890153,0.0009943147454303833,4.3782217781245,5.318277718191667,1.0595214363333096,4.345807570239521,66.34186312368357
0.7250000000000001,0.009999999999999898,0.0006729780407711951,0.0010072454842888678,4.366225679712366,5.3083416552308496,1.1036302954763901,4.487504443994697,67.97555474213733
0.735,0.010000000000000009,0.0006940687430717253,0.001022166656565911,4.35317415091826,5.297544049167594,1.1491527386308007,4.628091503442318,69.50575897658504
0.745,0.010000000000000009,0.0007148515209894769,0.001045774233031007,4.338981765843123,5.285817192482586,1.196073184800145,4.766597564711457,70.9070448874608
0.755,0.010000000000000009,0.0007351526524289408,0.0010262706394634975,4.323557586249999,5.273089404090812,1.2443657139472246,4.9019231240363865,72.15335970276628
0.765,0.010000000000000009,0.0007547944326526906,0.0010110325779361308,4.306805067381487,5.259285061178001,1.2939927129895925,5.032817778319293,73.2139325334362
0.775,0.010000000000000009,0.0007735621917207012,0.0010099850240164838,4.288622036709637,5.244324695705089,1.3449033304266795,5.157877567529973,74.05592720667086
0.785,0.010000000000000009,0.0007912181221131574,0.0010909179340097112,4.2689007310619695,5.228125168556107,1.3970318995275002,5.275537242036497,74.64452175361089
0.795,0.010000000000000009,0.0008075073705612004,0.0010655279453628795,4.247527926391252,5.210599935533005,1.4502962998813298,5.3840632453242705,74.94170925466995
0.805,0.010000000000000009,0.0008221460846303711,0.0011467460263854565,4.224385171888649,5.191659420593079,1.5045962113602107,5.481539646052416,74.90563671066653
0.8150000000000001,0.010000000000000009,0.0008348110803992115,0.0011541279880467933,4.199349146187155,5.171211515835078,1.5598113161630878,5.565883480527791,74.49547586668743
0.8250000000000001,0.010000000000000009,0.0008451704715275139,0.0011945384788950126,4.17229215325947,5.1491622226901335,1.6157996082816108,5.634826265937026,73.6649394408998
0.8350000000000001,0.010000000000000009,0.0008528575833979558,0.0013518708882491967,4.143082787123486,5.125416456431682,1.6723955847509329,5.685942280517737,72.370420583706
0.8450000000000001,0.010000000000000009,0.0008574846513972424,0.0012644194780830867,4.111586760307914,5.099879028719903,1.7294087392979358,5.7166535565713925,70.5660545935444
0.855,0.009999999999999898,0.0008586436010795375,0.001458315306265936,4.077667958354451,5.0724558260835355,1.7866220547135843,5.7242355866593675,68.2063239429012
0.865,0.010000000000000009,0.0008559215005025246,0.0016488503299797906,4.041189710373585,5.0430552025482225,1.8437907634001847,5.7058754135686875,65.2504102487878
0.875,0.010000000000000009,0.0008488702777504185,0.0017332613357211992,4.002016290629357,5.011589592965662,1.9006415520621947,5.658683606928047,61.658386806429654
0.885,0.010000000000000009,0.000837055534454168,0.0019605938691167257,3.9600146900766098,4.977977357120301,1.956872044293374,5.579750388333127,57.39561682527185
0.895,0.010000000000000009,0.0008200573133022885,0.0021922022473860377,3.915056641659822,4.942144855502547,2.0121508548290024,5.46621572167363,52.437359105757125
0.905,0.010000000000000009,0.0007974625918335137,0.0021495585824788687,3.8670208950994933,4.904028744509525,2.0661184102359016,5.315328721103266,46.76552486396591
0.915,0.010000000000000009,0.0007688587882017682,0.002427629226086263,3.815795772959631,4.863578474375151,2.118388305992454,5.124519430947814,40.376208576828624
0.925,0.010000000000000009,0.0007339452588497648,0.0026058656160857794,3.7612819510328577,4.820758959807432,2.168549704076698,4.891521436126668,33.27946717891344
0.935,0.010000000000000009,0.0006924162762738016,0.0026505436530953773,3.7033954498531045,4.775553371062294,2.2161706310656504,4.614453192300345,25.50889233171964
0.9450000000000001,0.010000000000000009,0.0006440690459798508,0.0031294334589114527,3.6420707803826518,4.727965985403537,2.260802325499573,4.291930898248647,17.13721063524522
0.9550000000000001,0.010000000000000009,0.0005887848112700351,0.0031454351948691527,3.577264212495496,4.678025018424234,2.301984631183247,3.923206638110861,8.443292851193712
0.9650000000000001,0.010000000000000009,0.0005265692478554648,0.0032300317352610035,3.5089570668276844,4.625785331871716,2.339252586510917,3.508264968506872,4.011441395723203
0.9750000000000001,0.010000000000000009,0.00045754992853770817,0.00314672736911315,3.4371589717121402,4.5713309069818315,2.3721440198382973,3.047994214268181,12.520345453842978
0.9850000000000001,0.010000000000000009,0.0003820203483489308,0.0036148694839547727,3.361910960364465,4.514776948898419,2.4002080277439877,2.5443558631551326,22.674578476006353
0.9950000000000001,0.009999999999999898,0.0003005013010676625,0.0035914908692415786,3.2832883696175816,4.456271483352101,2.4230145193626695,2.000738674460774,33.16632754633044
1.005,0.010000000000000009,0.0002138421833205924,0.003474073694305421,3.2014034231642206,4.395996291600334,2.440164134759859,1.4229875225226505,43.7501262029881
1.0150000000000001,0.010000000000000009,0.00012416615785383516,0.0038127348333877368,3.116407482300403,4.334167049532153,2.4512984924175907,0.825016734339015,54.23778001303555
1.025,0.010000000000000009,4.674004373200422e-05,0.003293455818899477,3.0284929963229157,4.271032531859693,2.45611054332985,0.30982852334894195,64.45872452053807
1.0350000000000001,0.010000000000000009,9.11670191396563e-05,0.003429343859129366,2.9378953558989913,4.206872773436372,2.4543542717466478,0.6099288555866661,74.24204471066581
1.045,0.010000000000000009,0.00018800701608372711,0.0032868115060568776,2.8448951451957467,4.141996119723575,2.4458536563575266,1.25538178986138,83.42039763012201
1.0550000000000002,0.010000000000000009,0.0002895534267091902,0.003227212351803304,2.7498218656002176,4.0767351259662385,2.430510334046487,1.9323352518430525,91.8370410266621
1.065,0.010000000000000009,0.00039161447708060596,0.003369349827809005,2.6530618601390037,4.011441345549253,2.408309453433398,2.6125634253031103,99.35282991919128
1.0750000000000002,0.010000000000000009,0.0004922658348535451,0.0040294581232913915,2.5550766837920897,3.946479089854079,2.3793235644979758,3.2835569405654943,105.8419647804225
1.085,0.010000000000000009,0.0005900650761712102,0.003812893999097373,2.456449075942586,3.8822183232994787,2.343714139115138,3.935300615396243,111.21277681308256
1.0950000000000002,0.010000000000000009,0.000683603882697045,0.0037808565186181553,2.3580089184494524,3.819026917936606,2.3017304601891846,4.558748306559812,115.40043217120204
1.105,0.010000000000000009,0.0007716676011543998,0.004344568014008008,2.2612292030268595,3.7572625623173272,2.2537059847845757,5.1455574511968525,118.36821997300012
1.1150000000000002,0.010000000000000009,0.0008530988651248157,0.004337195637935639,2.169704653000916,3.697264648808274,2.200052275478634,5.6882655203001775,120.11499344414524
1.125,0.010000000000000009,0.0009269370714064707,0.004959474080827483,2.094511504925463,3.639346506689744,2.1412505324114,6.180395061113282,120.66820421939101
1.1350000000000002,0.010000000000000009,0.0009923895759872574,0.004800803013481472,2.05359533600877,3.5837883460509157,2.0778412977311937,6.616626143011804,120.08451563729032
1.145,0.010000000000000009,0.001048860452016253,0.005317839756017074,2.037997763953835,3.5308312528531247,2.0104124852819796,6.9929372350195615,118.44661034511329
1.1550000000000002,0.010000000000000009,0.0010959265242150033,0.005202210686831734,2.0311862455689402,3.4806725304428086,1.939586549744345,7.3066303446449545,115.85795735982451
1.165,0.010000000000000009,0.0011334085655534502,0.005318116919446751,2.0274499859936683,3.4334625949278093,1.866007156346905,7.556364436569637,112.43336417331012
1.1750000000000003,0.010000000000000009,0.0011612628428421849,0.005589387239731464,2.0250417766445685,3.3893035525419304,1.790325838382082,7.742121128104418,108.30623241986662
1.185,0.009999999999999787,0.001179725974379504,0.005567140063607727,2.0233076456844508,3.348249472924338,1.7131892489783844,7.865124441789346,103.60833697390918
1.1949999999999998,0.010000000000000009,0.001189100437254242,0.005786267113538695,2.02195531538875,3.310308261963171,1.6352276752349035,7.927702599819622,98.47269493186405
1.205,0.010000000000000009,0.00118994830645634,0.005877422440309211,2.0208359780304987,3.2754449595472015,1.557044451960251,7.9331932386359885,93.02516110538576
1.2149999999999999,0.010000000000000009,0.0011827907107142695,0.006154711216723577,2.019866161858452,3.243586196052891,1.4792075895527486,7.885675344551766,87.38519461087502
1.225,0.010000000000000009,0.0011684499082828684,0.006263469058780185,2.0189954310590297,3.2146255015495178,1.4022426838282875,7.789878050077126,81.66945255252004
1.2349999999999999,0.010000000000000009,0.0011475813383932647,0.006653877513397564,2.018191439573303,3.188429133261042,1.3266281753356024,7.650935155066375,75.9599496909126
1.245,0.010000000000000009,0.0011210958456691234,0.006746766250475797,2.0174324132260675,3.1648421055399587,1.252791769218368,7.47424940411424,70.35528352224203
1.255,0.010000000000000009,0.0010897185796786791,0.006108219516731174,2.0167030656851495,3.1436941197431194,1.1811095474682374,7.26530387844496,64.90158436864263
1.2650000000000001,0.010000000000000009,0.0010543718736572534,0.006785834541598771,2.015992264676818,3.124805154950715,1.111905303897079,7.02951146675557,59.669751108003325
1.275,0.010000000000000009,0.001015771929985107,0.0071278592264256355,2.015291650036276,3.1079905369849645,1.0454523512002114,6.772134494495192,54.69259561886078
1.2850000000000001,0.010000000000000009,0.0009746899273585807,0.008483386383523332,2.0145947450766086,3.093065348064972,0.9819756486258352,6.498152770680654,50.011548259460994
1.295,0.010000000000000009,0.0009317894360660893,0.007392617393397444,2.013896398397077,3.079848120592818,0.9216551422899701,6.2122506518894935,45.62871376555219
1.3050000000000002,0.010000000000000009,0.0008877015286682976,0.007586970057418025,2.0131923848702824,3.0681637794744563,0.864629885506658,5.918600949070931,41.564864625918176
1.315,0.010000000000000009,0.0008431291813721134,0.008661872087544051,2.012479162041374,3.0578458964038333,0.8110010139841846,5.62102898156473,37.81400204757329
1.3250000000000002,0.010000000000000009,0.0007984843741084083,0.009630185122064818,2.0117537006364707,3.0487382823303086,0.7608361296227462,5.322909388344953,34.378129524005956
1.335,0.010000000000000009,0.000754104390310905,0.008824382175766839,2.011013346867087,3.040695998195154,0.714173666132771,5.027185741990819,31.239814808878013
1.3450000000000002,0.010000000000000009,0.0007104523084500704,0.009205765510785145,2.010255713146842,3.033585860301596,0.6710259366095829,4.736339863111454,28.416096612519524
1.355,0.010000000000000009,0.0006678633343545965,0.010939050419213668,2.0094786206751527,3.0272865583996214,0.6313821046167412,4.452437237725442,25.87116995757037
1.3650000000000002,0.010000000000000009,0.0006265090944887795,0.011096563882148096,2.008680049552921,3.021688453911521,0.5952098927620444,4.177210122572913,23.5789555077801
1.375,0.010000000000000009,0.0005868871107309853,0.010813749467345668,2.007858095290031,3.016693130330654,0.5624572670416715,3.912012615724973,21.517949740705305
1.3850000000000002,0.010000000000000009,0.000548716043722458,0.011056225128627587,2.0070109335121136,3.012212777968314,0.533054090273169,3.6578983216871075,19.730046501018894
1.395,0.010000000000000009,0.0005123903351460152,0.010898674397393638,2.006136798271805,3.008169458029862,0.5069118249185874,3.4156413503857364,18.1938472035474
1.4050000000000002,0.010000000000000009,0.0004779420303355239,0.01166527569855917,2.0052339579137572,3.004494312214695,0.4839229472329964,3.1857826421854853,16.790272668263366
1.415,0.010000000000000009,0.00044542572863857607,0.01205843793773098,2.0043007186009834,3.001126747809604,0.4639619517194117,2.968665919260159,15.620065954462461
1.4250000000000003,0.010000000000000009,0.0004147743301884445,0.013314257876004394,2.003335391617586,2.998013611020945,0.4468862523504371,2.7644417956043803,14.596005196339522
1.435,0.010000000000000009,0.00038611292941440284,0.012079125684264952,2.002336285245134,2.9951084052141637,0.43253449464206645,2.573145823896398,13.690612699734316
1.4450000000000003,0.010000000000000009,0.00035939598640201794,0.013245250278120424,2.0013016914704687,2.9923705346537353,0.42073287387736824,2.3946641034393568,12.98247689394643
1.455,0.009999999999999787,0.0003346560798785243,0.013354467137828872,2.0002298983961286,2.9897646094394705,0.4112941336750264,2.2288461253074434,12.373136079885239
1.4649999999999999,0.010000000000000009,0.0003115805352793072,0.013398087404466118,1.9991191560603525,2.9872597972647577,0.404024783329058,2.0754122541689504,11.92839448226093
1.475,0.010000000000000009,0.0002904723633227069,0.014318587552879963,1.9979676899100014,2.9848292334623574,0.3987275995511901,1.934007692148759,11.552275792835648
1.4849999999999999,0.010000000000000009,0.00027111648358991736,0.014309564363251245,1.9967736872412911,2.982449502570021,0.3952062511488609,1.8043659897463356,11.292890565901619
1.495,0.010000000000000009,0.00025338723135112846,0.014848573823350562,1.9955353019670075,2.9801001636854885,0.3932704297694657,1.686025789305058,11.04098801494397
1.505,0.010000000000000009,0.00023738902378809564,0.014514471067500713,1.994250639609044,2.9777633264299217,0.3927406508276293,1.578636072261442,10.992308177488043
1.5150000000000001,0.010000000000000009,0.00022328393323034325,0.015337317248145958,1.9929177494472818,2.975423277174766,0.39344957253877255,1.4816535944726716,10.8298350097629
1.525,0.010000000000000009,0.00020991670647433537,0.016336484895147208,1.991534644687332,2.973066174071154,0.3952421515631908,1.3947565784289777,10.72895189619354
1.5350000000000001,0.010000000000000009,0.0001984274346146509,0.01711911105453793,1.990099279375651,2.97067975041648,0.39798107251917597,1.3174139185670197,10.791965681722862
1.545,0.010000000000000009,0.00018825436862717764,0.0174715774013053,1.9886095572657698,2.9682530686184916,0.40154393908697755,1.2491983138661764,10.776217909580739
1.5550000000000002,0.010000000000000009,0.0001795800225019642,0.018069274701981324,1.987063321155636,2.965776305843311,0.4058224323549224,1.189489989358635,10.836081843358635
1.565,0.010000000000000009,0.0001717126833822773,0.019716676782682744,1.9854583409075797,2.963240580108408,0.4107244020711134,1.1378632448031274,10.91140848253765
1.5750000000000002,0.010000000000000009,0.00016541309761769677,0.017399920070282824,1.9837923225521077,2.960637774477449,0.41617031208231803,1.0938660162767901,10.913532500282601
1.585,0.010000000000000009,0.00015928624871687353,0.020080523321054134,1.98206289338364,2.9579604005230475,0.422090270220324,1.0566098376236461,11.231047158124753
1.5950000000000002,0.010000000000000009,0.00015514374455111803,0.017351596554399332,1.9802676280361609,2.955201512511842,0.42842770519350765,1.0258992698350666,11.146858202487934
1.605,0.010000000000000009,0.00015157141583218,0.020788166481445797,1.9784039932740716,2.9523545555845523,0.43513414795301075,1.000836436138935,11.284528243008515
1.6150000000000002,0.010000000000000009,0.0001490725779413076,0.02002780597831416,1.9764694228122857,2.9494133392372017,0.4421649134158364,0.9809942825211092,11.479894147130693
1.625,0.010000000000000009,0.00014600562517861376,0.020725310220985567,1.9744612589095683,2.94637193295265,0.4494892834672274,0.9659468645768956,11.672725142260596
1.6350000000000002,0.010000000000000009,0.0001448484856055893,0.0189853202404442,1.9723767382240462,2.94322456995566,0.45707896245334806,0.9548787099201791,11.668693743723232
1.645,0.010000000000000009,0.00014381792824966002,0.02115197875224159,1.9702130301955616,2.9399656436944426,0.4649074207608461,0.9473133101141078,11.853900939289764
1.6550000000000002,0.010000000000000009,0.0001432959904010992,0.021551795028822394,1.9679672343021757,2.9365896690507935,0.47295595446028094,0.9429094187748005,11.98000767384252
1.665,0.010000000000000009,0.00014271204984460796,0.021509070247291123,1.965636357999371,2.933091205223569,0.4812065735732412,0.9411556128758094,12.053290182472232
1.6750000000000003,0.010000000000000009,0.0001430819978931656,0.022314603097598244,1.9632173136736348,2.9294648490808703,0.489646213065552,0.941659995745901,12.416904376602291
1.685,0.010000000000000009,0.00014361391164824104,0.02182402700766877,1.9607069297896014,2.9257051864242567,0.4982640683267677,0.9440522988765714,12.47060753978777
1.6950000000000003,0.010000000000000009,0.00014401111134183217,0.024427818130382896,1.9581019450614936,2.9218067892825226,0.5070478031691217,0.948043360038179,12.615515077668723
1.705,0.010000000000000009,0.0001450526444569188,0.024125432544578287,1.9553990235065353,2.9177642009954514,0.5159900906777694,0.9533307240954435,12.698558638878453
1.715,0.009999999999999787,0.00014507023674640356,0.024708270459023764,1.9525947070403362,2.913571877207441,0.5250860335282805,0.9597985294866542,12.770881903936164
1.725,0.010000000000000009,0.00014732701722973348,0.025679516670795547,1.9496854520935498,2.9092242019187644,0.5343254403473995,0.9669800353433725,13.062308864541263
1.7349999999999999,0.010000000000000009,0.00014801095216211165,0.024840243563556734,1.9466676474291242,2.904715506798142,0.5437048998404386,0.9750100855479314,13.134972058578704
1.745,0.010000000000000009,0.00014917921902153047,0.024519719892766995,1.9435375339060297,2.900039970141346,0.5532218653045726,0.9835476361863447,13.251264409683921
1.755,0.010000000000000009,0.00015131891582827224,0.026423202860810402,1.9402912610240441,2.8951916785806606,0.5628693052525697,0.9924816967945467,13.383221123311818
1.7650000000000001,0.010000000000000009,0.0001530550925093479,0.026164970937666555,1.9369249078795463,2.890164620875551,0.5726425162658164,1.0015797884126307,13.442874686559026
1.775,0.010000000000000009,0.00015371786287308333,0.02424404556461992,1.9334344694798085,2.884952684988271,0.582538574646153,1.0110328746878388,13.70886229997688
1.7850000000000001,0.010000000000000009,0.00015576194746117183,0.027407953140402272,1.929815796484332,2.8795495891967726,0.5925534080939469,1.02040748312858,13.787985295626177
1.795,0.010000000000000009,0.00015674469133704127,0.02670841785053147,1.9260646848172496,2.8739489822982645,0.6026828495168676,1.0298768978914654,13.777728107218381
1.8050000000000002,0.010000000000000009,0.00015767136983239503,0.027526796639894123,1.9221768270688595,2.8681443643771125,0.6129208892915378,1.0391587724090017,13.944461862588483
1.815,0.010000000000000009,0.00015997508219438552,0.027082250904316436,1.9181478218896368,2.862129117089811,0.6232677699350841,1.048403176795398,14.02803851627906
1.8250000000000002,0.010000000000000009,0.0001614184060655053,0.029152422590472633,1.9139731718741266,2.8558964842327055,0.633715162531864,1.0573731665571464,14.097840400707833
1.835,0.010000000000000009,0.000162392057933632,0.028557267815978907,1.9096483136083413,2.849439609284742,0.6442609446655796,1.0660813282748474,14.162786071833105
1.8450000000000002,0.010000000000000009,0.0001638448460864724,0.0287923326032083,1.905168571764613,2.8427515033517845,0.6548984151629865,1.0745273446666064,14.390599114566987
1.855,0.010000000000000009,0.00016400026305208432,0.027426306672893953,1.9005291857809234,2.8358250385303014,0.6656276490972058,1.0825938612567323,14.454736359362325
1.8650000000000002,0.010000000000000009,0.00016562892464497646,0.030567508902269083,1.8957252993240152,2.828652961834802,0.6764387698041555,1.090207061245641,14.426264645603815
1.875,0.010000000000000009,0.0001678948513341752,0.03296682255721508,1.8907520217690954,2.8212279645797658,0.687327294300115,1.0972883338003865,14.453138014709923
1.8850000000000002,0.010000000000000009,0.00016808928828969684,0.029713204174151842,1.8856043873823678,2.813542618007749,0.6982875578354849,1.1039512875568125,14.669233850384034
1.895,0.010000000000000009,0.0001702695303784262,0.030778064846069743,1.8802773250232672,2.8055893629809754,0.7093142734322939,1.110013385454553,14.486093973539548
1.9050000000000002,0.010000000000000009,0.00017058861333387991,0.03029258436713077,1.874765726385718,2.7973605756550617,0.7204010855125064,1.1155208226004878,14.462213380455534
1.915,0.010000000000000009,0.00017117606723745165,0.028438179542596382,1.8690643963231508,2.7888485163207934,0.7315414871274886,1.1202503554071352,14.59099457175001
1.9250000000000003,0.010000000000000009,0.00017242221282810465,0.032930869366456526,1.8631680965115824,2.780045395874053,0.7427267884053582,1.124204073188704,14.697189536211713
1.935,0.010000000000000009,0.00017251117796784335,0.03157128197017868,1.8570715932914923,2.7709434024611554,0.7539498770899774,1.1276056394172915,14.282630671595433
1.9450000000000003,0.010000000000000009,0.00017165525382281666,0.02930077615241173,1.8507695815535412,2.7615346256411435,0.7652029970166139,1.130043363987721,14.581164149552084
1.955,0.010000000000000009,0.00017233186281114904,0.029265143823371975,1.8442567260477611,2.751811133114736,0.776476893684139,1.1317059992463103,14.353868963868027
1.9650000000000003,0.010000000000000009,0.00017231390470445545,0.034961786591899,1.8375276815838442,2.741764967725636,0.7877633826013174,1.1323162403292715,14.264726569967165
1.975,0.010000000000000009,0.00017359267485445671,0.03346987167447601,1.8305771554327397,2.7313882305723998,0.7990492740959213,1.1320004485385722,14.211300421176198
1.985,0.009999999999999787,0.00017417454301190823,0.031341062760815136,1.8233998221320262,2.7206730082566635,0.8103284338757025,1.1307399789857893,14.069551658619925
1.995,0.010000000000000009,0.00017237053240321023,0.03605313922157027,1.8159903524482504,2.709611381360972,0.8215891281467665,1.1284216480908011,14.024381226483065
2.005,0.010000000000000231,0.00017211249354014883,0.03200928370957856,1.8083435029648334,2.698195536442515,0.8328199984013778,1.1249059237207508,13.90697206193533
2.015,0.009999999999999787,0.000171194342516721,0.035394179879001314,1.80045401593882,2.68641767113049,0.8440109386932995,1.1203250964002316,13.706080484240967
2.0250000000000004,0.010000000000000231,0.0001703589888798628,0.03497226648588703,1.7923167361416101,2.674270119808392,0.855148713991933,1.1145171164912395,13.525129022066164
2.035,0.009999999999999787,0.00017041954342195297,0.03665038832125988,1.7839265856501638,2.6617453251556737,0.8662205575576533,1.1073113884055599,13.534819546885176
2.045,0.010000000000000231,0.00016822869685034536,0.032404437278550545,1.7752785795670492,2.6488358836884536,0.8772143946879676,1.0989316586683011,13.323153015883381
2.055,0.009999999999999787,0.000168274455616725,0.035363037034971644,1.7663678127356761,2.6355345348586723,0.8881159298099439,1.089114856818752,12.818125333083236
2.0650000000000004,0.010000000000000231,0.00016478151669545565,0.03438797492863346,1.757189549897373,2.6218342595851003,0.8989116554452167,1.0778862724003675,12.793740900065512
2.075,0.009999999999999787,0.00016357930395097503,0.036170696017087334,1.747739184525854,2.607728220653941,0.9095875717921033,1.0652209233410908,12.419792527999991
2.085,0.010000000000000231,0.00016134287403087036,0.03586451386177535,1.7380123068601891,2.593209880839755,0.9201272059351879,1.0511222279881756,12.383794646739782
2.095,0.009999999999999787,0.0001607997574419928,0.03657802885683854,1.7280046809508334,2.578272968477566,0.9305163434066773,1.0353914341202983,11.718986287104585
2.1050000000000004,0.010000000000000231,0.00015688743230236207,0.03858683785191357,1.7177123012292217,2.562911559541699,0.9407376487512457,1.0181834164279848,11.877511790254527
2.115,0.009999999999999787,0.00015310614841623595,0.03212952100621904,1.7071313729830104,2.5471200442249926,0.9507798644495878,0.999224800949485,11.15750322353436
2.125,0.009999999999999787,0.00015168085145793585,0.038960498108591014,1.696258315765195,2.5308931788501963,0.9606203130554477,0.9787057577927964,10.796319107078524
2.135,0.010000000000000231,0.00014764664349912942,0.03507875873340045,1.6850899296002833,2.514226231489775,0.9702467697382844,0.9566031595797573,10.56593425381856
2.145,0.009999999999999787,0.00014556963799396274,0.033032145211649516,1.6736232107997477,2.4971148205891045,0.9796404417531276,0.9325632681241247,9.982880997324038
2.1550000000000002,0.010000000000000231,0.00014108714173853844,0.03836784386362065,1.6618555379742839,2.479555125558596,0.9887826750497316,0.9070581520990981,10.011459477534093
2.165,0.009999999999999787,0.0001364254541711046,0.033214800852035646,1.6497846932468219,2.4615438903587403,0.9976567500250736,0.8797164648677214,8.659280167507799
2.175,0.010000000000000231,0.0001363766830707648,0.037690657077948816,1.637408742499027,2.443078333986985,1.006246247243838,0.8505000550094349,8.749151548560219
2.185,0.009999999999999787,0.00012862601443512338,0.03794050307820135,1.624726255139512,2.424156381849663,1.01452925655213,0.8196905329145173,8.96915188440897
2.1950000000000003,0.010000000000000231,0.00012264864332682426,0.034539229159644684,1.611736189580413,2.4047765721227994,1.0224921760167542,0.787059523992941,7.633326300354006
2.205,0.009999999999999787,0.0001200321135701516,0.040267228901542114,1.598437898038094,2.384938064295257,1.0301143233685028,0.7526129555175147,8.455955169031252
2.215,0.010000000000000231,0.00011478818878463778,0.03869411748042554,1.58483132621424,2.364640849937765,1.0373768926784064,0.7166755899373658,7.437853195896731
2.225,0.009999999999999787,0.00010756869830467785,0.03275597398232829,1.5709168144459726,2.3438855626984427,1.0442651616944627,0.6787319192355488,6.431288274767245
2.2350000000000003,0.010000000000000231,0.00010418982876782306,0.037380694753976124,1.5566952106838197,2.3226736015496967,1.0507600743675674,0.6395420017884911,8.05611957965217
2.245,0.009999999999999787,9.744069944739397e-05,0.03639632269484482,1.5421679583330175,2.301007235486623,1.0568435747466665,0.5986844989195123,5.762049105405806
2.255,0.010000000000000231,9.24839028093344e-05,0.033818633118358206,1.5273369979707438,2.2788895138067957,1.0625004077669484,0.5560971274357325,5.547562439609936
2.265,0.009999999999999787,8.495256780125734e-05,0.034837111509393955,1.5122048824024292,2.256324379876386,1.0677117424943787,0.5122729048329984,5.357432128612917
2.2750000000000004,0.010000000000000231,8.163050253451513e-05,0.034552383484321596,1.4967747717320505,2.233316695202256,1.0724609996667964,0.4671092553482821,5.619464225259486
2.285,0.009999999999999787,7.797320591543297e-05,0.03473404970392965,1.481050429434522,2.209872213407845,1.076734165616246,0.42081592768332143,5.901115914433805
2.295,0.010000000000000231,7.288901828395222e-05,0.03740846499343569,1.4650362697493329,2.1859976678141413,1.0805120428422323,0.3738950980592704,4.9410188989592445
2.305,0.009999999999999787,5.77718299008923e-05,0.03357042516117604,1.4487373864516204,2.161700807960949,1.083783596520957,0.3260903184723651,5.3068069342168265
2.3150000000000004,0.010000000000000231,5.608319549101229e-05,0.03319705719793972,1.4321593536881834,2.1369901519953727,1.0865357905503839,0.2790679410620554,5.863592252211763
2.325,0.009999999999999787,4.7625463357067314e-05,0.03576939849481164,1.4153084916229983,2.111875323368749,1.0887519191237405,0.23410142909624082,7.894280341623478
2.335,0.010000000000000231,4.773955691989061e-05,0.03649251687231282,1.398191798308868,2.086366933315399,1.0904230994124726,0.19089493094869217,6.380051582559537
2.345,0.009999999999999787,4.254592329482812e-05,0.03878146981068924,1.3808169291453198,2.060476578388707,1.0915369686067613,0.15647209393705386,7.263609208975495
2.3550000000000004,0.010000000000000231,4.997614765379694e-05,0.03482167319561319,1.3631921554956616,2.034216795915523,1.092083753491673,0.1366296731745831,9.721431505409901
2.365,0.009999999999999787,4.067697561889053e-05,0.03589114070644726,1.3453263546490937,2.0076010558264885,1.0920572151043328,0.1393772802370034,8.360258475099657
2.375,0.009999999999999787,4.3430357350546854e-05,0.033264289626674624,1.3272290507394342,1.9806437859089732,1.0914465061878347,0.16422258854776323,8.65671243566045
2.385,0.010000000000000231,5.0714052124066066e-05,0.0318308892486485,1.3089103873806407,1.9533603521675051,1.0902486913547067,0.20391577334336972,8.964963284126796
2.395,0.009999999999999787,5.2981480152020255e-05,0.03802939597927745,1.290381141578934,1.9257670647283602,1.0884535161851328,0.25276543515822975,10.60652853673596
2.4050000000000002,0.010000000000000231,5.396201322557553e-05,0.034844335324572394,1.271652813409001,1.8978812800713565,1.0860603591935531,0.3044597189919342,10.589455851844649
2.415,0.009999999999999787,7.054064757169348e-05,0.035784288288847686,1.252737238356786,1.8697209182405534,1.0830677405858409,0.35947011740296453,11.194888747690644
2.425,0.010000000000000231,7.430589767892943e-05,0.0333919632611308,1.2336469282100901,1.841304896402659,1.0794758219438663,0.41522768309681635,12.176012388239155
2.435,0.009999999999999787,8.098917354456234e-05,0.031805899030864775,1.2143947618658457,1.8126527136794994,1.075286178638426,0.4725150208864354,13.015112220609591
2.4450000000000003,0.010000000000000231,8.64671220463875e-05,0.030363082417130406,1.1949941436172953,1.783784656772827,1.0704983031677546,0.5293781529991732,13.306484605100518
2.455,0.009999999999999787,9.701139946544015e-05,0.04213745267046917,1.1754589926066605,1.754721766132368,1.0651154508736929,0.5875660856141254,13.870932658606932
2.465,0.010000000000000231,0.00010229643538499073,0.03043229466050444,1.155803770854213,1.7254858369685184,1.0591426882743749,0.6441146203637576,14.66259420050016
2.475,0.009999999999999787,0.00011414642451395849,0.03633629484075666,1.136043029220027,1.6960989241167665,1.0525901439906462,0.7008503235153785,15.251240280185987
2.4850000000000003,0.010000000000000231,0.00011907718357422719,0.03391730702164671,1.1161917973740447,1.6665837319081014,1.0454657580471054,0.7565937573881446,15.724884952390061
2.495,0.009999999999999787,0.00012903081884966408,0.0342895245731663,1.0962653398346682,1.636963334080415,1.037774505392901,0.8115432051855976,16.1186196401533
2.505,0.010000000000000231,0.00013903970584341218,0.03257762329369106,1.0762792301521207,1.6072612654238803,1.0295344266484172,0.8652806363355795,16.771097932003602
2.515,0.009999999999999787,0.00014293808755710236,0.03515413210774001,1.0562490785193757,1.5775011648796398,1.0207532101218233,0.9180522848210554,17.20867298387391
2.5250000000000004,0.010000000000000231,0.00014881010312545528,0.03711190235450919,1.0361908155641788,1.5477070858244264,1.011445995397406,0.9692982884403452,17.58050984305003
2.535,0.009999999999999787,0.00015904855784001085,0.029022409119332977,1.0161203543020374,1.5179031126560076,1.0016309297845787,1.0184650916439986,17.705308669690847
2.545,0.010000000000000231,0.00016421511261386555,0.03548588304964885,0.9960535566818586,1.4881132730764592,0.9913211829670788,1.0669575473551423,18.51203353545112
2.555,0.009999999999999787,0.00017072951446506912,0.040343758646245065,0.9760064578248302,1.4583618089418675,0.9805375983197037,1.1132880133729508,19.095504433310285
2.5650000000000004,0.010000000000000231,0.00017731847894582222,0.037345404040072604,0.9559950000022368,1.428672843226746,0.969292301667095,1.1574931224514104,19.135506082153146
2.575,0.009999999999999787,0.00018396111754095192,0.03576605415915116,0.9360350343137371,1.3990703657322012,0.9576113006891007,1.1996972102007488,19.37659549073683
2.585,0.010000000000000231,0.00018942018604715987,0.03713367412956124,0.9161420423244704,1.3695778849973788,0.9455182504594423,1.2399598833940142,19.52420363198865
2.595,0.009999999999999787,0.00019659725489666922,0.04103915863903981,0.8963314479678565,1.3402187836110429,0.933026373543951,1.2781451304186815,19.680196894808358
2.6050000000000004,0.010000000000000231,0.00019949692781289136,0.036671624429973584,0.8766184871077415,1.3110161190661977,0.9201650981528893,1.3135395011100377,19.788646874817754
2.615,0.009999999999999787,0.00020426332103468787,0.029964428943860914,0.857017753723015,1.2819921401658918,0.9069593594629844,1.3467628711122346,20.168596200065473
2.625,0.010000000000000231,0.00021143621451610802,0.03306594760439001,0.8375436401435165,1.253168776855938,0.8934269485522467,1.3780021905869853,20.270445829320632
2.6350000000000002,0.009999999999999787,0.00021191074400103913,0.03607527129376767,0.8182103201422221,1.2245675172231203,0.8795926137517561,1.4066719555861906,20.06714768140422
2.645,0.009999999999999787,0.00021655350887949716,0.03153445443730188,0.7990314422248753,1.1962091438108349,0.8654843801478364,1.4327342855809733,20.207339654593856
2.6550000000000002,0.010000000000000231,0.00022220089830832628,0.0368453968666416,0.7800200757053866,1.1681136200427136,0.851124399107555,1.456749108308264,20.259855773332024
2.665,0.009999999999999787,0.0002226472897970537,0.034230552218360466,0.7611890801581312,1.140300466674371,0.8365338140579819,1.477933981871166,20.001861071208996
2.675,0.010000000000000231,0.00022685434185606488,0.02744108447504163,0.74255056301505,1.1127882058097909,0.8217463807939087,1.4963704758075358,20.079278004960194
2.685,0.009999999999999787,0.00022911548296123828,0.02573759627387241,0.7241158863592844,1.0855943332808093,0.8067831850441967,1.5125799962411162,19.844799634644705
2.6950000000000003,0.010000000000000231,0.00023308430250490973,0.023433233939603604,0.7058960054568428,1.0587356581868792,0.7916680793558563,1.526414826327047,19.763159812516996
2.705,0.009999999999999787,0.0002323137665681237,0.024966952293678953,0.6879013587657817,1.0322282148030706,0.7764233946776328,1.538080768700465,19.787783960575467
2.715,0.010000000000000231,0.00023359695399130666,0.02710255313309628,0.6701417882110169,1.006087119619803,0.7610752946937178,1.5472037663789908,19.548628855985747
2.725,0.009999999999999787,0.00023501163319754182,0.02548599795670348,0.6526264554967685,0.9803265161127163,0.7456459906042583,1.5540800684552512,19.510582548985862
2.7350000000000003,0.010000000000000231,0.0002345034444297545,0.024842259214122947,0.635363972146255,0.9549597128365342,0.7301576632655421,1.5586075887309634,19.604152372886052
2.745,0.009999999999999787,0.00023675782865356624,0.022918983573704164,0.6183622469701459,0.9299989914247937,0.7146353287916586,1.5607858984004488,19.497355105692602
2.755,0.010000000000000231,0.00023689136789308037,0.024698527750062513,0.6016284910596095,0.9054555956086684,0.6990992341744486,1.5610672991443768,19.041392500975896
2.765,0.009999999999999787,0.000234854219442971,0.027840262090423184,0.5851694215413841,0.8813399791467266,0.6835687208248361,1.5593933924505892,18.89014775332457
2.7750000000000004,0.010000000000000231,0.00023398750019245636,0.021939984615340493,0.5689910979074884,0.8576616356127265,0.6680678484275102,1.5551744592516945,18.537151442590428
2.785,0.009999999999999787,0.00023392464331094975,0.01875897598481067,0.5530986660369427,0.8344288357803212,0.6526174231300171,1.5492224965997916,18.353358320371186
2.795,0.010000000000000231,0.00023195592414071138,0.018104749066474052,0.5374967210991377,0.811648985264613,0.6372350403514895,1.541611896122519,17.892190623987904
2.805,0.009999999999999787,0.00023139577907976903,0.025893710976195645,0.5221893607056604,0.7893286778065391,0.6219360183295443,1.5324789063485273,17.51360902424123
2.8150000000000004,0.010000000000000231,0.00023033119483794074,0.019818525602149403,0.507180213519226,0.7674737326615935,0.6067378591210509,1.5211992552586586,17.149692692834765
2.825,0.009999999999999787,0.00022818614526943563,0.020591773368021617,0.49247207173189916,0.7460888697526851,0.5916593527367985,1.5085808931076383,16.92081296176356
2.835,0.010000000000000231,0.00022497971319288205,0.015796933190671266,0.4780671632119768,0.7251779480448669,0.576716222670236,1.4942101075502474,16.6037329917993
2.845,0.009999999999999787,0.00022232375472980534,0.018277922163908483,0.46396710282317033,0.704743955218414,0.5619205543086573,1.4788193219162524,16.209833841217943
2.8550000000000004,0.010000000000000231,0.0002199677845863045,0.019899781125618358,0.45017315969395916,0.6847892228649047,0.5472852751746115,1.4622059589050016,15.948938223421557
2.865,0.009999999999999787,0.00021753560059684373,0.01634711618369679,0.43668605012607786,0.6653152870432255,0.5328242654330402,1.444051042973817,15.562324394569817
2.875,0.010000000000000231,0.0002149903319819683,0.01801515592738919,0.42350587751106006,0.6463228473092404,0.5185488299173153,1.4250865968766109,15.488275636588773
2.8850000000000002,0.009999999999999787,0.0002121551947921205,0.01684955904499247,0.4106323239766633,0.6278119395864582,0.5044705144996292,1.4048308123042546,15.31019046293147
2.8950000000000005,0.010000000000000231,0.00020778531718456162,0.010794741701131969,0.3980645485404525,0.609781808702692,0.4905985440457427,1.3835000171254224,14.511838005256044
2.9050000000000002,0.009999999999999787,0.00020490046978909724,0.013871821746885156,0.38580123693284707,0.5922310034442342,0.47694250109930625,1.3617651699842497,14.216859020880172
2.915,0.009999999999999787,0.0002017215502054857,0.012795083972185307,0.37384077532504195,0.57515757367324,0.4635100950050156,1.3391966206129895,13.975196031263158
2.925,0.010000000000000231,0.0001982316879407095,0.009455493918776856,0.36218115458409433,0.5585589963690276,0.4503063328639134,1.3156183340909393,13.59457842182544
2.935,0.009999999999999787,0.00019452290558253282,0.014183413610581667,0.3508199149914125,0.5424320937733276,0.43733995442031026,1.2920262630936394,13.220078002772699
2.9450000000000003,0.010000000000000231,0.00019049569939915453,0.011116611884418886,0.3397544484256885,0.5267733193637677,0.424615442835995,1.267424917569236,12.846840934542671
2.955,0.009999999999999787,0.00018775599804686432,0.014979964148447879,0.3289816854738631,0.5115785068486506,0.4121353739876994,1.2429813337913427,12.664536103271708
2.965,0.010000000000000231,0.00018316586958083046,0.009187448452714426,0.31849842662547806,0.4968432215122969,0.3999088585197867,1.2173715086176953,12.145465635366868
2.975,0.009999999999999787,0.00017920370156894607,0.010488962349070836,0.30830088941082473,0.4825622230551434,0.3879371136588298,1.1919747666595553,11.893884072730097
2.9850000000000003,0.010000000000000231,0.00017494436276017553,0.012660119576065382,0.2983852622581118,0.4687301156498527,0.37622204007185084,1.166324793230883,11.804452108474488
2.995,0.009999999999999787,0.00017168507405443555,0.012573240592079983,0.28874755262606877,0.45534118122084694,0.3647640986005196,1.1405750078072783,11.261075875930826
3.005,0.010000000000000231,0.0001679030974197008,0.010943657374793272,0.27938356047766133,0.44238936899118586,0.3535669392025316,1.1144637140840505,10.88335309434411
3.015,0.009999999999999787,0.00016324768935463334,0.011573602157855982,0.2702888105569327,0.4298681863447306,0.34263106512883906,1.0884693924857503,10.62755904873337
3.0250000000000004,0.010000000000000231,0.00015999711865346096,0.006555475763339762,0.2614586636506198,0.41777085681867143,0.3319588228797898,1.0622789582924295,10.39069360619715
3.035,0.009999999999999787,0.0001556778894951616,0.006590738715814707,0.25288831845645715,0.4060903584229784,0.3215460168457139,1.0363336139886987,10.039980550423758
3.045,0.010000000000000231,0.00015183708619609916,0.006138263147116221,0.24457296280942706,0.3948194998004113,0.3113941499995489,1.0104530404451435,9.574063119672848
3.055,0.009999999999999787,0.00014854306682017928,0.00785575500087457,0.23650759725151366,0.38395081622649735,0.30150219872157424,0.9847943360754651,9.370530305299992
3.0650000000000004,0.010000000000000231,0.0001439567145006532,0.005087583217136245,0.22868721179799048,0.3734766642708536,0.29186785894209877,0.9591150569550076,8.982363210259306
3.075,0.009999999999999787,0.0001401757638160526,0.00644216612327401,0.2211066513278427,0.36338916488920153,0.2824899949801274,0.933825231741108,8.709129816928483
3.085,0.010000000000000231,0.00013686546304248002,0.010513833942520165,0.2137607541463677,0.35368034304965734,0.27336484701044445,0.9090051872635284,8.535013347448434
3.095,0.009999999999999787,0.00013302066912824833,0.009152285500005585,0.2066444485270606,0.3443421987040195,0.2644891154197653,0.8841664019694849,8.499902657040183
3.1050000000000004,0.010000000000000231,0.0001298489113646848,0.006472155585537011,0.19975251593308024,0.33536645326948733,0.2558627842956895,0.859557991159746,7.983332355570212
3.115,0.009999999999999787,0.00012549564848809278,0.00823058336654578,0.19307964346595516,0.32674466244441097,0.24748206945668394,0.8355038722874469,7.840758430958749
3.125,0.010000000000000231,0.00012207416159774252,0.0058210121729166675,0.1866206155984405,0.31846834593457246,0.23934292424241574,0.8115531562525472,7.466973434413181
3.1350000000000002,0.009999999999999787,0.00011828236172455564,0.0066596705677685565,0.18037011044193324,0.3105288641231743,0.231443210223161,0.7881528450291263,7.176722658618102
3.1450000000000005,0.010000000000000231,0.00011471337618528965,0.008103931683203967,0.17432289855364727,0.3029175850812842,0.22377751691863104,0.7651869047234111,7.000994616975332
3.1550000000000002,0.009999999999999787,0.00011283681599948296,0.008712466909016331,0.16847381982249873,0.2956258159034764,0.21634108881053118,0.7426064683233534,6.82903332773487
3.165,0.010000000000000231,0.00010880096398770042,0.007627594826454194,0.16281773375872574,0.28864479656589875,0.20913323572500275,0.7203564083826688,7.080998165551498
3.1750000000000003,0.009999999999999787,0.00010502774864095539,0.005586018931956295,0.15734950552384838,0.2819657330189046,0.20214504834859698,0.6984705404072354,6.313703324518118
3.185,0.009999999999999787,0.00010167740584355967,0.002316335612598106,0.15206401437799022,0.27557974606012897,0.19537836228769545,0.676961069606349,6.03806684681643
3.1950000000000003,0.010000000000000231,9.846290175379697e-05,0.0036600473657328342,0.14695614827001385,0.2694778629769699,0.18882577469430006,0.6561384645773328,5.963261801454829
3.205,0.009999999999999787,9.571565393921945e-05,0.004806230915893537,0.14202100303880424,0.26365127740314537,0.18248090531946753,0.6357693083969758,5.778130558586417
3.215,0.010000000000000231,9.254603385535219e-05,0.0029233813725945616,0.1372537001629291,0.25809114115089454,0.1763427154473951,0.615700178816693,5.442767272554872
3.225,0.009999999999999787,8.961819257053535e-05,0.0021138325429756167,0.13264935383688548,0.2527885718917765,0.17040482607074126,0.596156023447473,5.250403477129677
3.2350000000000003,0.010000000000000231,8.711366672801902e-05,0.005449439924152767,0.12820322104144358,0.2477347869789746,0.16466221087560595,0.5773133101102829,5.493020712839014
3.245,0.009999999999999787,8.485653552072183e-05,0.004363782354583425,0.12391077049755632,0.24292114650249044,0.15910850180230066,0.5586831541812518,5.037220366717268
3.255,0.010000000000000231,8.128519361528948e-05,0.003350859174953572,0.11976747089959999,0.2383389420654121,0.1537437955981421,0.540472146737685,4.76826579614565
3.265,0.009999999999999787,7.879078491349802e-05,0.004031557732916001,0.1157687368078556,0.23397949157487596,0.1485617405040939,0.5228159211900993,4.591698232432455
3.2750000000000004,0.010000000000000231,7.596503601444043e-05,0.0055425369751937095,0.11191022506280152,0.2298342548074232,0.14355655585163438,0.5057623648642089,4.6662848200354095
3.285,0.009999999999999787,7.408956697934462e-05,0.004051704580194851,0.10818766496614003,0.2258948331314013,0.13872523869998263,0.488938143885297,4.280241300597949
3.295,0.010000000000000231,7.157505651245054e-05,0.004028652433594076,0.10459679019463906,0.2221528784540024,0.13406252823303358,0.47268992470078025,4.152781043653208
3.305,0.009999999999999787,6.929189127143156e-05,0.005810003119367443,0.10113348460802864,0.2186001998178,0.1295644368579829,0.45686901255464746,4.595166908322318
3.3150000000000004,0.010000000000000231,6.653909894215117e-05,0.00419875333673996,0.09779375313111725,0.2152287656739545,0.12522522726283444,0.44144672677920876,3.88701031929878
3.325,0.009999999999999787,6.429697339036657e-05,0.004056838569035902,0.09457369537791346,0.21203058715579734,0.12104430253511728,0.4264789561668155,3.770481982548731
3.335,0.010000000000000231,6.195247004013068e-05,0.003959158016707498,0.09146944671143056,0.2089979001500435,0.11701363726892217,0.41199479127042116,3.6486594488814794
3.345,0.009999999999999787,6.0847680484928065e-05,0.003945572374873311,0.0884772192298261,0.20612317190248355,0.11312978693316333,0.39791786025649306,3.5027401596354006
3.3550000000000004,0.010000000000000231,5.856151252095824e-05,0.00472038672339691,0.08559336706846045,0.20339904832681777,0.10938874579995733,0.3842519984720625,3.3940991702543735
3.365,0.009999999999999787,5.849853989516286e-05,0.006024334590186776,0.08281438099451603,0.20081829916352506,0.10578704731595687,0.37109942395501916,3.34263313890396
3.375,0.010000000000000231,5.460072132975972e-05,0.0048059083227806965,0.08013686490940725,0.19837390512089062,0.10232076064237755,0.3580562425850975,3.20856624965687
3.3850000000000002,0.009999999999999787,5.22989472289941e-05,0.004787103925372507,0.07755729380940873,0.1960591103338946,0.09898516092178457,0.3455809772115996,3.110102541144562
3.3950000000000005,0.010000000000000231,5.101490465600185e-05,0.005753363418105014,0.07507243910969759,0.19386729979212386,0.0957770762317416,0.33356248121227566,3.1136146475514717
3.4050000000000002,0.009999999999999787,4.999732961410504e-05,0.005751961799478818,0.07267922007027872,0.19179207877314042,0.09269442339448553,0.32191513758127044,2.9612329690053323
3.415,0.010000000000000231,4.7343426373210905e-05,0.005686786929720366,0.0703745649263642,0.1898272826274957,0.08973024650527292,0.3104858008393411,2.9902258274390516
3.4250000000000003,0.009999999999999787,4.5607802898059506e-05,0.005297422040921707,0.06815533694111281,0.18796704063518035,0.08688241269870563,0.2996063838060564,2.8154494693686836
3.435,0.009999999999999787,4.40352820868216e-05,0.0048042711738377104,0.0660186531616902,0.18620563191744266,0.08414843881033572,0.28891232123235805,2.6443941192101743
3.4450000000000003,0.010000000000000231,4.3022829938833745e-05,0.006199540754588371,0.06396165073535195,0.1845375936055706,0.08152307296287492,0.27880047800712227,2.944264877039117
3.455,0.009999999999999787,4.141600108470186e-05,0.0051121373351012914,0.06198164068153463,0.18295771581057435,0.07900282569494743,0.26873759305480344,2.5019696759805905
3.465,0.010000000000000231,4.006350111220853e-05,0.006099586121300705,0.0600758487261701,0.1814609925492052,0.07658599428722766,0.25920622922059383,2.4224185020406233
3.475,0.009999999999999787,3.8747470698281025e-05,0.006012998036739377,0.0582417367672036,0.1800425923375676,0.07426905468876167,0.24993717848846475,2.6563273727571106
3.4850000000000003,0.010000000000000231,3.7196486517994377e-05,0.005942154134571832,0.0564768415724583,0.17869792199276802,0.07205066011792584,0.24089626024455615,2.2936362421771106
3.495,0.009999999999999787,3.623059340869509e-05,0.006205024318630657,0.05477874534029766,0.17742258987269652,0.06992456438616865,0.23223489005983364,2.404940172913961
3.505,0.010000000000000231,3.437243762096648e-05,0.005757482396612048,0.05314498569289182,0.1762124949809667,0.06788770368678684,0.2237947160678317,2.2473855229599358
3.515,0.009999999999999787,3.309148705210451e-05,0.005542007137864063,0.051745048081291975,0.17506370657350795,0.06593981227852874,0.2157301703495104,2.0938311802718923
3.5250000000000004,0.010000000000000231,3.4345173895135126e-05,0.0073746552786786435,0.051352259009477354,0.17397249937192186,0.06407163688281622,0.20806479064674566,2.220772974283982
3.535,0.009999999999999787,3.1241504814879305e-05,0.005514543555382515,0.05100674819224114,0.17293550052563444,0.06228411006037123,0.20027810649635985,2.156309579821686
3.545,0.010000000000000231,3.005198818005069e-05,0.005742520914960253,0.05061723112851225,0.1719492853465138,0.060577750755350095,0.19304493542172368,2.0311150814951344
3.555,0.009999999999999787,2.9409223848304143e-05,0.006465786832450664,0.050261737441369754,0.17101065409491067,0.058947765630559305,0.1861567514635979,2.3813572440213298
3.5650000000000004,0.010000000000000231,2.8203028352982743e-05,0.005980503474303218,0.049880665155193876,0.17011657787203044,0.0573944568512716,0.17928026893819332,1.9500374454047245
3.575,0.009999999999999787,2.7696434129310046e-05,0.00581328651270944,0.04951227021156015,0.16926419634753498,0.055910087830800426,0.1726262065712232,1.8275883034681177
3.585,0.010000000000000231,2.650508066996485e-05,0.005613868084096476,0.0491356587218503,0.16845094068330546,0.05449140485980571,0.16632959977948789,1.6791370620410537
3.595,0.009999999999999787,2.5841668601414032e-05,0.0059931479940958,0.048819566164462695,0.16767433545807325,0.053138049409501745,0.16019012774009747,1.7351718497188822
3.6050000000000004,0.010000000000000231,2.600192152877257e-05,0.007520232476263216,0.04846714925532844,0.16693206186586373,0.05184704242124161,0.15439847796255418,1.9027396893745103
3.615,0.009999999999999787,2.3751331194059025e-05,0.005803291701617507,0.048139749543681776,0.1662219370408293,0.050617733936188826,0.14871589046156608,1.6744434730023992
3.625,0.010000000000000231,2.369171871311484e-05,0.006413748220512294,0.0478227948584145,0.16554181979619242,0.04944728151235765,0.14332587285403683,1.8431859518384213
3.6350000000000002,0.009999999999999787,2.2468528763174978e-05,0.005439538801921541,0.047512890744789024,0.16488977972663946,0.04833194118495339,0.13792898352560193,1.8845790422132536
3.6450000000000005,0.010000000000000231,2.178664492755361e-05,0.006602165572207458,0.047214927246799925,0.16426404050709162,0.047270680349727846,0.13302087004363558,2.012293001429699
3.6550000000000002,0.009999999999999787,2.1195620528762197e-05,0.006803167472053304,0.04691461943394606,0.16366283342360194,0.046263226106912934,0.12800435584216963,1.787307115196139
3.665,0.010000000000000231,2.2671331195734405e-05,0.007949439267980165,0.04662834278298398,0.16308451530774165,0.045304767062772186,0.12333605256958631,1.653069110786574
3.6750000000000003,0.009999999999999787,2.0743310608811686e-05,0.006147286449780861,0.04632731206633609,0.1625276724345508,0.04439187674185904,0.11862747328293739,1.5433053401135868
3.6850000000000005,0.010000000000000231,1.9990588562088586e-05,0.006476357042603074,0.046035625583841853,0.16199086476534846,0.04352833623902337,0.1143162283742094,1.77130132382935
3.6950000000000003,0.009999999999999787,1.8779140711470502e-05,0.005504499140812803,0.045746460956096274,0.16147268176680146,0.042711139104185794,0.11001143406415685,1.5109189217729937
3.705,0.009999999999999787,1.7840495247592565e-05,0.006601931984298496,0.04546310795580194,0.1609719424965178,0.04193213845325207,0.10611892963721965,1.6360861261096815
3.715,0.010000000000000231,1.9753752104951888e-05,0.006937287833077796,0.045187498710573794,0.1604874965494402,0.0411913794657617,0.10206951735815253,1.8146876173047037
3.725,0.009999999999999787,1.8178803756330997e-05,0.006970257038513815,0.04491534246105438,0.16001834582037924,0.04049077967440393,0.09831524462244925,1.4731747992403468
3.7350000000000003,0.010000000000000231,1.849617493986939e-05,0.006532392157890935,0.04464583293085344,0.15956339544409287,0.03982767424972132,0.09466206353449058,2.0508538293501295
3.745,0.009999999999999787,1.6443646100816435e-05,0.005716663113403849,0.04438729441332387,0.15912175381683252,0.03919424616091499,0.09102216222234466,1.3893625455542002
3.755,0.010000000000000231,1.828472884303668e-05,0.006107676756270956,0.04413090742643518,0.15869261866244197,0.038594378348379824,0.08774752634486656,1.4471752098558823
3.765,0.009999999999999787,1.559632529807379e-05,0.006943887467113014,0.043876638502584636,0.15827512971995542,0.03803026163949358,0.08452746216289149,1.4490198315053624
3.7750000000000004,0.010000000000000231,1.7590755177071426e-05,0.006152849095048789,0.043634398630602526,0.15786848267860834,0.03749141227319507,0.08142563683166192,1.3794759585697107
3.785,0.009999999999999787,1.4170004646761728e-05,0.0063683640899214015,0.04337438554401706,0.1574720804356073,0.03697952531307412,0.07842621289672536,1.407139657734302
3.795,0.010000000000000231,1.4048702719883031e-05,0.005987529434216843,0.04312113323283291,0.15708520099082807,0.03649943360242951,0.07542842681400518,1.4409513859935346
3.805,0.009999999999999787,1.423365447307681e-05,0.006487413796092764,0.042869319412658966,0.15670717351254126,0.03604352592563887,0.07268716631823761,1.4021527825336213
3.8150000000000004,0.010000000000000231,1.3868970615265638e-05,0.00542999461934646,0.04265056264020538,0.15633749464565763,0.035608380516205865,0.06989156021502806,1.4535906287367728
3.825,0.009999999999999787,1.336248865377773e-05,0.005657606466841931,0.042408729676735646,0.15597566580705577,0.035196501135700047,0.0674318709074403,1.3799115314167993
3.835,0.010000000000000231,1.7245752871108638e-05,0.007324575484431875,0.042184096609973985,0.15562113726217353,0.034808237810530246,0.06503395116144842,1.7727989839833522
3.845,0.009999999999999787,1.2693731678412996e-05,0.006324955957105279,0.0419415553074524,0.1552734554400735,0.03443892193628034,0.06249212581875744,1.5707068437371268
3.8550000000000004,0.010000000000000231,1.1937644046136405e-05,0.005899226149949726,0.04173875338374195,0.15493221433592125,0.0340874307010071,0.06013570045852125,1.410701008434611
3.865,0.009999999999999787,1.0646846269882824e-05,0.005000222026852947,0.04151408248036819,0.15459699495278814,0.03375624110980524,0.05790904802143746,1.3485454380652009
3.875,0.010000000000000231,1.226789667536203e-05,0.005208771943478174,0.041311184212434675,0.15426744739926687,0.03344009601285286,0.05584582519037563,1.1889140820101858
3.8850000000000002,0.009999999999999787,1.3479594053172408e-05,0.006335135059130829,0.04112088221257873,0.15394323701185367,0.033138895867330535,0.053850786176680376,1.154312816327754
3.8950000000000005,0.010000000000000231,1.1961242288599873e-05,0.006342705483631223,0.04092380549533864,0.1536240208955585,0.03285495479966589,0.05192422668227519,1.6487345699138598
3.9050000000000002,0.009999999999999787,1.2928465752226803e-05,0.007070227754506978,0.04072037039579682,0.15330949316875755,0.0325857606706151,0.050143984598989076,1.6545154898009733
3.915,0.010000000000000231,1.2091944477648852e-05,0.006423470037874926,0.04056379529333063,0.15299933612311709,0.03233028890326302,0.04809610999905267,1.4692289273098356
3.9250000000000003,0.009999999999999787,1.1299836489203802e-05,0.00525424272196872,0.040515124556009065,0.1526933739194388,0.03207973703972045,0.04643434577133478,1.420781078699007
3.9350000000000005,0.010000000000000231,1.366829848395615e-05,0.005881314195270538,0.040456609921731744,0.15239141499643,0.03184510431933273,0.04476261379218102,1.4222358496989607
3.9450000000000003,0.009999999999999787,1.1542218630347622e-05,0.005578908856079701,0.040355777850985056,0.15209315184129318,0.031623877017712895,0.043055325739125315,1.2823698648709996
3.955,0.010000000000000231,1.166556152263216e-05,0.0066783794435476725,0.0402930229267088,0.15179837721174733,0.03141249671016115,0.041722559996184246,1.6476355644509237
3.9650000000000003,0.009999999999999787,1.741065243348167e-05,0.006517346944696522,0.04020343164976516,0.15150687340260816,0.0312106332804835,0.04022104156660279,1.2825183507245452
3.975,0.009999999999999787,1.1192110586968362e-05,0.006798973819614176,0.04012224349181801,0.15121852921239748,0.03101369003283464,0.03865374170530973,1.4000852763318268
3.9850000000000003,0.010000000000000231,1.0406485695946413e-05,0.007063425706738665,0.040038256774099265,0.1509331577693975,0.030829713752421804,0.03722417502006855,1.3871740423707841
3.995,0.009999999999999787,1.1053599850631862e-05,0.005999573976234293,0.039941983835132824,0.15065053322899577,0.030655376245217372,0.03583423040613909,1.18233257419701
