arch,dt,epsilon,exp,init,log_dt,mu1,mu2,n_per_cluster,save_params,seed,sigma,t_end,width,run_id,t_end_logged,loss_final,loss_max_increase,antipodal_asym,n_in_S_ge_1e-04,n_off_S_ge_1e-04,n_in_rise_ge_1e-04,n_off_rise_ge_1e-04,n_in_S_ge_5e-05,n_off_S_ge_5e-05,n_in_rise_ge_5e-05,n_off_rise_ge_5e-05,n_in_S_ge_1e-05,n_off_S_ge_1e-05,n_in_rise_ge_1e-05,n_off_rise_ge_1e-05,n_in,n_off,comp_pop_S,comp_pop_rise,comp_pop_t_rev,comp_pop_t_min,comp_pop_E0,comp_pop_Emin,comp_pop_Eend,comp_pop_final_excess,comp_pop_class_1e-04,comp_emp_S,comp_emp_rise,comp_emp_t_rev,comp_emp_t_min,comp_emp_E0,comp_emp_Emin,comp_emp_Eend,comp_emp_final_excess,comp_emp_class_1e-04,m85_S,m85_rise,m85_t_rev,m85_t_min,m85_E0,m85_Emin,m85_Eend,m85_final_excess,m85_class_1e-04,p176_S,p176_rise,p176_t_rev,p176_t_min,p176_E0,p176_Emin,p176_Eend,p176_final_excess,p176_class_1e-04,e1_S,e1_rise,e1_t_rev,e1_t_min,e1_E0,e1_Emin,e1_Eend,e1_final_excess,e1_class_1e-04,e2_S,e2_rise,e2_t_rev,e2_t_min,e2_E0,e2_Emin,e2_Eend,e2_final_excess,e2_class_1e-04,neg_e1_S,neg_e1_rise,neg_e1_t_rev,neg_e1_t_min,neg_e1_E0,neg_e1_Emin,neg_e1_Eend,neg_e1_final_excess,neg_e1_class_1e-04,neg_e2_S,neg_e2_rise,neg_e2_t_rev,neg_e2_t_min,neg_e2_E0,neg_e2_Emin,neg_e2_Eend,neg_e2_final_excess,neg_e2_class_1e-04
tied,0.0002,0.01,E4_positive_control,pos_entries,0.01,1.0,2.0,2000,False,0,0.05,60.0,2,E4_positive_control__tied__mu1-2_sd0.05__h2_eps1.00e-02_pos_entries__s0__dt0.0002__2028eb6f7d,60.0,3.846482646868978e-26,0.0,8.881784197001252e-16,179,207,179,231,179,245,179,279,180,250,180,344,181,539,0.006914402620785284,0.007003524526051713,1.55,20.56,0.4998071952871134,1.9718202327301172e-26,1.9718202327301172e-26,0.0,transient,0.0069068047971340835,0.0069957708032015314,1.55,20.56,0.49980731848192295,1.9663818687903543e-26,1.9663818687903543e-26,0.0,transient,0.0,2.4207090508200943e-28,nan,20.56,0.4999335695008082,2.250010990954137e-28,2.250010990954137e-28,0.0,monotone,0.0001831247218685439,0.00023203570989338562,0.53,20.56,0.49985790661566415,7.315831978589713e-26,7.315831978589713e-26,0.0,transient,0.0006842082575531094,0.0006901261276441861,1.03,20.56,0.49984148580925375,7.426690309003206e-26,7.426690309003206e-26,0.0,transient,0.0,4.453929993111547e-28,nan,20.44,0.4999140731203436,1.698274146741146e-28,6.152204139852693e-28,4.453929993111547e-28,monotone,0.0006842082575531094,0.0006901261276441861,1.03,20.56,0.49984148580925375,7.426841146383286e-26,7.426841146383286e-26,0.0,transient,0.0,4.417443274874249e-28,nan,19.53,0.4999140731203436,1.698284979185402e-28,6.115728254059651e-28,4.417443274874249e-28,monotone
tied,0.0002,0.01,E4_positive_control,pos_entries,0.01,1.0,2.0,2000,False,1,0.05,60.0,2,E4_positive_control__tied__mu1-2_sd0.05__h2_eps1.00e-02_pos_entries__s1__dt0.0002__ba3080c4b3,60.0,3.833482448570052e-26,0.0,2.7755575615628914e-17,179,189,179,195,179,203,179,223,180,210,180,264,181,539,0.004984715151381505,0.005053553396456759,1.37,20.11,0.4994431250380509,1.5288031898545878e-26,1.5288031898545878e-26,0.0,transient,0.004984128185565276,0.005052972286474486,1.37,20.11,0.4994431297074031,1.5278332915345944e-26,1.5278332915345944e-26,0.0,transient,0.0,0.0,nan,20.11,0.4996236500674441,5.799148396244962e-28,5.799148396244962e-28,0.0,monotone,7.267113846509687e-05,0.00010687403039383314,0.25,20.11,0.4998882251413876,7.597174906353712e-26,7.597174906353712e-26,0.0,transient,0.0003295149708668066,0.0003332240323272728,0.8300000000000001,20.11,0.49985616670748645,7.63617356306912e-26,7.63617356306912e-26,0.0,transient,1.4740772319948353e-08,1.4837145319020819e-08,4.16,20.11,0.499579874105122,8.242279315672687e-33,8.242279315672687e-33,0.0,other,0.0003295149708668066,0.0003332240323272728,0.8300000000000001,20.11,0.49985616670748645,7.640513161205048e-26,7.640513161205048e-26,0.0,transient,1.4740772319948353e-08,1.48371453189996e-08,4.16,20.11,0.499579874105122,7.843666303927201e-33,7.843666303927201e-33,0.0,other
tied,0.0002,0.01,E4_positive_control,pos_entries,0.01,1.0,2.0,2000,False,2,0.05,60.0,2,E4_positive_control__tied__mu1-2_sd0.05__h2_eps1.00e-02_pos_entries__s2__dt0.0002__e5ff06acd4,60.0,3.860446498389582e-26,0.0,2.220446049250313e-16,178,196,178,212,179,219,179,261,180,268,180,340,181,539,0.005773097995568258,0.0058738655081045504,1.53,19.41,0.49976397191170185,1.1537707036439502e-26,1.1537707036439502e-26,0.0,transient,0.005759814197563565,0.005860192380994583,1.53,19.41,0.4997643895338517,1.1453878239308125e-26,1.1453878239308125e-26,0.0,transient,0.0,1.2793240026484984e-27,nan,19.27,0.49992428181326476,5.6802337777587165e-28,1.84734738042437e-27,1.2793240026484984e-27,monotone,0.00010916705593350118,0.00016573116600326898,0.61,19.41,0.4997892407778362,7.594771461338913e-26,7.594771461338913e-26,0.0,transient,0.000287514738773309,0.0003085270790078032,1.06,19.41,0.4997693119885052,7.566342038206214e-26,7.566342038206214e-26,0.0,transient,0.0,3.3100846654205646e-28,nan,18.75,0.49990121922708186,1.1920053860201131e-28,4.139196317064307e-28,2.9471909310441937e-28,monotone,0.000287514738773309,0.0003085270790078032,1.06,19.41,0.4997693119885052,7.566345178570573e-26,7.566345178570573e-26,0.0,transient,0.0,3.342214422451672e-28,nan,18.75,0.49990121922708186,1.1914663806454142e-28,4.169010045341018e-28,2.9775436646956037e-28,monotone
tied,0.0002,0.01,E4_positive_control,pos_entries,0.01,1.0,2.0,2000,False,3,0.05,60.0,2,E4_positive_control__tied__mu1-2_sd0.05__h2_eps1.00e-02_pos_entries__s3__dt0.0002__98a4c67634,60.0,3.827878114477914e-26,0.0,1.3877787807814457e-17,179,209,179,235,179,235,179,277,180,236,180,328,181,539,0.007035277319385677,0.0071285896918235475,1.46,20.14,0.49967504107926586,1.988285238936277e-26,1.988285238936277e-26,0.0,transient,0.0070421263058542405,0.007135373904652936,1.46,20.14,0.4996749022790077,1.9915711835701927e-26,1.9915711835701927e-26,0.0,transient,0.0,2.877585855947412e-28,nan,20.14,0.49986033047166445,1.3184001582551433e-28,1.3184001582551433e-28,0.0,monotone,0.00019323265449144866,0.0002463229767330488,0.45,20.14,0.4998221633612525,7.246981639377622e-26,7.246981639377622e-26,0.0,transient,0.0006715963270529368,0.0006779955301892127,0.9400000000000001,20.14,0.4997964076370372,7.365269799792524e-26,7.365269799792524e-26,0.0,transient,5.0875864329472366e-08,5.118242248506712e-08,4.08,20.03,0.4998286351713993,1.6778828027679854e-28,5.949713468006374e-28,4.271830665238388e-28,other,0.0006715963270529368,0.0006779955301892127,0.9400000000000001,20.14,0.4997964076370372,7.361093839672222e-26,7.361093839672222e-26,0.0,transient,5.0875864329472366e-08,5.118242248502759e-08,4.08,19.43,0.4998286351713993,1.6780016520559639e-28,5.913992537848718e-28,4.235990885792754e-28,other
tied,0.0002,0.01,E4_positive_control,pos_entries,0.01,1.0,2.0,2000,False,4,0.05,60.0,2,E4_positive_control__tied__mu1-2_sd0.05__h2_eps1.00e-02_pos_entries__s4__dt0.0002__583b08325f,60.0,2.577276848016101e-26,0.0,3.469446951953614e-18,179,263,179,301,179,271,179,337,180,272,180,382,181,539,0.009092292298323534,0.009230082676783893,1.46,19.400000000000002,0.4996207094271356,1.027201669186732e-26,1.1101966156893867e-26,8.299494650265468e-28,transient,0.00908876023565404,0.009226587879631654,1.46,19.400000000000002,0.4996208273128219,1.0268189483881834e-26,1.1097362413954804e-26,8.2917293007297e-28,transient,0.0,0.0,nan,19.47,0.49990203776987013,1.129020192742641e-27,1.129020192742641e-27,0.0,monotone,0.000496803799032608,0.0005557897995889238,0.62,19.47,0.4996075938647089,4.7054204845472283e-26,4.7054204845472283e-26,0.0,transient,0.0010504841129575504,0.0010662499492409827,0.99,19.47,0.4995739470096134,4.7443129438721904e-26,4.7443129438721904e-26,0.0,transient,0.0,5.172973383494191e-29,nan,19.1,0.4998640206986728,9.422048017109861e-28,9.608428874489254e-28,1.8638085737939303e-29,monotone,0.0010504841129575504,0.0010662499492409827,0.99,19.47,0.4995739470096134,4.7443394066738434e-26,4.7443394066738434e-26,0.0,transient,0.0,5.190338776664744e-29,nan,19.1,0.4998640206986728,9.422031681018424e-28,9.606852970265789e-28,1.8482128924736435e-29,monotone
tied,0.0002,0.01,E4_positive_control,pos_entries,0.01,1.0,2.0,2000,False,5,0.05,60.0,2,E4_positive_control__tied__mu1-2_sd0.05__h2_eps1.00e-02_pos_entries__s5__dt0.0002__0bcab84a5d,60.0,3.8352231490421544e-26,0.0,3.552713678800501e-15,179,231,179,259,179,235,179,291,180,236,180,334,181,539,0.00833717415161253,0.008444612406944399,1.41,20.39,0.499558800572088,9.077872333613192e-27,9.077872333613192e-27,0.0,transient,0.008341054078090077,0.008448457732676481,1.41,20.39,0.49955871454698986,9.092829875933281e-27,9.092829875933281e-27,0.0,transient,0.0,2.099269802357909e-27,nan,20.14,0.49981041389994824,8.039636626589076e-28,2.9032334650168168e-27,2.099269802357909e-27,monotone,0.00029370307256954,0.0003550652132123244,0.45,20.39,0.49976172426529736,7.284064890826063e-26,7.284064890826063e-26,0.0,transient,0.000988619561636317,0.000996541141600804,0.9,20.39,0.49972667687684685,7.210610093295732e-26,7.210610093295732e-26,0.0,transient,0.0,7.339583371714116e-28,nan,19.64,0.49976723917845134,2.902223716882885e-28,1.0241807088597001e-27,7.339583371714116e-28,monotone,0.000988619561636317,0.000996541141600804,0.9,20.39,0.49972667687684685,7.210435475874222e-26,7.210435475874222e-26,0.0,transient,0.0,7.3867091489138426e-28,nan,19.64,0.49976723917845134,2.9020937588175663e-28,1.0288802907731408e-27,7.3867091489138426e-28,monotone
tied,0.0002,0.01,E4_positive_control,pos_entries,0.01,1.0,2.0,2000,False,6,0.05,60.0,2,E4_positive_control__tied__mu1-2_sd0.05__h2_eps1.00e-02_pos_entries__s6__dt0.0002__2a7ada9c06,60.0,3.8210151280414e-26,0.0,3.469446951953614e-18,179,211,179,233,179,237,179,277,180,238,180,330,181,539,0.007316439066206021,0.007408893703140962,1.48,20.63,0.49971448178273065,1.4673213430539252e-26,1.4673213430539252e-26,0.0,transient,0.007325559387686684,0.0074179334753649295,1.48,20.63,0.4997143258902796,1.4692238536901887e-26,1.4692238536901887e-26,0.0,transient,0.0,1.9758808634248632e-28,nan,20.6,0.4998805625275035,5.6641378182485e-28,6.972059954641205e-28,1.3079221363927045e-28,monotone,0.00019582659691186333,0.0002473125326843406,0.46,20.63,0.4998396549575245,7.554566758933106e-26,7.554566758933106e-26,0.0,transient,0.0007714315978327169,0.0007772407500342138,0.96,20.63,0.4998167238652937,7.580415238677925e-26,7.580415238677925e-26,0.0,transient,0.0,4.0454262107009066e-29,nan,20.44,0.49985243922886896,2.2252630660012215e-30,7.436044181719133e-30,5.210781115717911e-30,monotone,0.0007714315978327169,0.0007772407500342138,0.96,20.63,0.4998167238652937,7.584716236309713e-26,7.584716236309713e-26,0.0,transient,0.0,4.0864254767795495e-29,nan,20.45,0.49985243922886896,2.225031575442558e-30,7.838905170073249e-30,5.6138735946306904e-30,monotone
tied,0.0002,0.01,E4_positive_control,pos_entries,0.01,1.0,2.0,2000,False,7,0.05,60.0,2,E4_positive_control__tied__mu1-2_sd0.05__h2_eps1.00e-02_pos_entries__s7__dt0.0002__824a467933,60.0,2.611313453594283e-26,0.0,1.1102230246251565e-16,179,201,179,223,179,229,179,267,180,242,180,318,181,539,0.0061567696496935415,0.00626006153320878,1.42,19.41,0.4995442321120148,1.055494812664945e-26,1.0588665767371826e-26,3.3717640722376216e-29,transient,0.0061522652171804165,0.006255424610817489,1.42,19.41,0.49954439354030905,1.0531786122766271e-26,1.0573147394251931e-26,4.1361271485660277e-29,transient,0.0,0.0,nan,19.43,0.4997952841346031,1.3732135689198623e-27,1.3732135689198623e-27,0.0,monotone,0.0001402868153345116,0.00019688589940314305,0.48,19.43,0.4997456976494794,4.774373254343412e-26,4.774373254343412e-26,0.0,transient,0.0003668670206813385,0.0003818030645707515,0.93,19.43,0.4997107516529278,4.7974221477692676e-26,4.7974221477692676e-26,0.0,transient,1.1577324957298433e-09,1.1861211102077013e-09,4.64,18.36,0.49975224869670926,1.056309565857631e-27,1.0573276470719612e-27,1.0180812143301805e-30,other,0.0003668670206813385,0.0003818030645707515,0.93,19.43,0.4997107516529278,4.797427790493082e-26,4.797427790493082e-26,0.0,transient,1.1577324957298433e-09,1.1861211102053091e-09,4.64,18.47,0.49975224869670926,1.0461285207782004e-27,1.0471128283537744e-27,9.84307575574036e-31,other
tied,0.0002,0.01,E4_positive_control,pos_entries,0.01,1.0,2.0,2000,False,8,0.05,60.0,2,E4_positive_control__tied__mu1-2_sd0.05__h2_eps1.00e-02_pos_entries__s8__dt0.0002__5e56832db1,60.0,3.841706021746434e-26,0.0,1.1102230246251565e-16,179,193,179,199,179,209,179,227,180,210,180,270,181,539,0.005695938411863916,0.005764775496735444,1.3800000000000001,21.37,0.4994804733568033,1.3545914248794916e-26,1.3545914248794916e-26,0.0,transient,0.005693951617137122,0.005762805737492674,1.3800000000000001,21.37,0.49948048743505313,1.3527505440014485e-26,1.3527505440014485e-26,0.0,transient,0.0,7.379582879013655e-28,nan,21.3,0.4996544445982398,4.2939696260532e-28,1.0587561053955725e-27,6.293591427902525e-28,monotone,8.60852121943867e-05,0.00012252852036576112,0.25,21.37,0.499895184349207,7.621387389465757e-26,7.621387389465757e-26,0.0,transient,0.0004812578031208603,0.0004844707206851373,0.84,21.37,0.49986461821407036,7.629560064416506e-26,7.629560064416506e-26,0.0,transient,0.0,7.031315639434582e-29,nan,20.18,0.4996128660021424,2.524774849272169e-29,8.852441388894682e-29,6.327666539622513e-29,monotone,0.0004812578031208603,0.0004844707206851373,0.84,21.37,0.49986461821407036,7.629491003107998e-26,7.629491003107998e-26,0.0,transient,0.0,7.177668243611124e-29,nan,20.18,0.4996128660021424,2.524402385216655e-29,8.990963614503058e-29,6.466561229286403e-29,monotone
tied,0.0002,0.01,E4_positive_control,pos_entries,0.01,1.0,2.0,2000,False,9,0.05,60.0,2,E4_positive_control__tied__mu1-2_sd0.05__h2_eps1.00e-02_pos_entries__s9__dt0.0002__3467a8af64,60.0,3.831679611128651e-26,0.0,3.469446951953614e-18,179,209,179,237,179,245,179,281,180,246,180,330,181,539,0.0067215374768081065,0.006830531032556569,1.42,19.32,0.49955913402469043,1.0006769916206533e-26,1.0006769916206533e-26,0.0,transient,0.006722938058479275,0.006831971504056761,1.42,19.32,0.499559085121441,1.0006769916206533e-26,1.0006769916206533e-26,0.0,transient,0.0,1.8242292877439235e-27,nan,19.06,0.49981748085143535,7.808329551373253e-28,2.6050622428812487e-27,1.8242292877439235e-27,monotone,0.0001881682038086807,0.00024917273323937783,0.5,19.32,0.49972564649419904,7.29070795283499e-26,7.29070795283499e-26,0.0,transient,0.0004770107885201935,0.0004898975019205776,0.93,19.32,0.4996906269449498,7.237672284081559e-26,7.237672284081559e-26,0.0,transient,4.390003932092606e-08,4.437364145733296e-08,3.94,18.25,0.4997749388104962,2.6153290905091e-28,9.302768227286717e-28,6.687439136777616e-28,other,0.0004770107885201935,0.0004898975019204665,0.93,19.32,0.4996906269449498,7.237570501956505e-26,7.237570501956505e-26,0.0,transient,4.390003932092606e-08,4.4373641457296855e-08,3.94,18.5,0.4997749388104962,2.6153298316410483e-28,9.347630635988049e-28,6.732300804347001e-28,other
tied,0.0002,0.05,E4_positive_control,pos_entries,0.01,1.0,2.0,2000,False,0,0.05,60.0,2,E4_positive_control__tied__mu1-2_sd0.05__h2_eps5.00e-02_pos_entries__s0__dt0.0002__3a3daa26d8,60.0,3.8459896447934334e-26,0.0,6.938893903907228e-18,178,246,178,360,179,247,179,369,180,248,180,382,181,539,0.022797499441311556,0.02309285709748239,1.07,18.93,0.49519393686776025,1.9465500288926145e-26,1.9465500288926145e-26,0.0,transient,0.022769768334637383,0.02306446653818836,1.07,18.93,0.4951970077016401,1.9411119731016427e-26,1.9411119731016427e-26,0.0,transient,0.0,6.196255891478166e-29,nan,18.93,0.4983440226407728,2.112976260586124e-28,2.112976260586124e-28,0.0,monotone,0.004894958680898898,0.004931966721399117,0.45,18.93,0.496458000397241,7.348090505897272e-26,7.348090505897272e-26,0.0,transient,0.007416097366539087,0.0074803018107369446,0.63,18.93,0.49604868470583197,7.455645068893099e-26,7.455645068893099e-26,0.0,transient,0.0,3.9315426328996503e-28,nan,18.57,0.49785804319187293,1.4998307402371725e-28,5.431373373136823e-28,3.9315426328996503e-28,monotone,0.007416097366539087,0.0074803018107369446,0.63,18.93,0.49604868470583197,7.455789805328359e-26,7.455789805328359e-26,0.0,transient,0.0,3.8972843559935306e-28,nan,18.07,0.49785804319187293,1.4998234083444452e-28,5.397107764337976e-28,3.8972843559935306e-28,monotone
tied,0.0002,0.05,E4_positive_control,pos_entries,0.01,1.0,2.0,2000,False,1,0.05,60.0,2,E4_positive_control__tied__mu1-2_sd0.05__h2_eps5.00e-02_pos_entries__s1__dt0.0002__0979240a10,60.0,3.834094301228524e-26,0.0,2.220446049250313e-16,179,209,179,275,179,209,179,281,180,210,180,290,181,539,0.01629981153374936,0.016537916268286462,0.89,18.5,0.4861715475364343,1.503790752480842e-26,1.503790752480842e-26,0.0,transient,0.016297806407056137,0.016535858275466664,0.89,18.5,0.4861716634798008,1.502828249731835e-26,1.502828249731835e-26,0.0,transient,0.0,1.8234271379220862e-28,nan,18.490000000000002,0.4906541135627839,5.562089531250226e-28,6.339507523706661e-28,7.77417992456435e-29,monotone,0.0023145813809815063,0.002340679247363031,0.2,18.5,0.4972237025104531,7.60594493650427e-26,7.60594493650427e-26,0.0,transient,0.0036577274804928117,0.003698993425996444,0.43,18.5,0.49642766859124143,7.636298562671227e-26,7.636298562671227e-26,0.0,transient,1.3803729876310006e-09,1.433206614348583e-09,4.26,18.17,0.48956712500427063,3.948537353014235e-31,1.5494895892486886e-30,1.154635853947265e-30,other,0.0036577274804928117,0.0036989934259963886,0.43,18.5,0.49642766859124143,7.640627413179444e-26,7.640627413179444e-26,0.0,transient,1.3803729876310006e-09,1.433206614342165e-09,4.26,18.19,0.48956712500427063,3.94462800942479e-31,1.7431233520847423e-30,1.3486605511422633e-30,other
tied,0.0002,0.05,E4_positive_control,pos_entries,0.01,1.0,2.0,2000,False,2,0.05,60.0,2,E4_positive_control__tied__mu1-2_sd0.05__h2_eps5.00e-02_pos_entries__s2__dt0.0002__f3e72524ea,60.0,3.86494243995066e-26,0.0,3.469446951953614e-18,178,264,178,356,178,264,178,366,179,265,179,379,181,539,0.015691173519617768,0.01600889144878684,1.05,17.8,0.4941215592970471,1.069592465783464e-26,1.069592465783464e-26,0.0,transient,0.015652647314167656,0.015968684511698708,1.05,17.8,0.4941319585595993,1.0598746855072726e-26,1.0598746855072726e-26,0.0,transient,0.0,1.606315225657866e-27,nan,17.61,0.4981134566534052,6.179616819723633e-28,2.2242769076302292e-27,1.606315225657866e-27,monotone,0.0021870858705652085,0.0024698992312292,0.51,17.8,0.4947507825635864,7.541424983364585e-26,7.541424983364585e-26,0.0,transient,0.0029006546128249044,0.0031396437437405944,0.65,17.8,0.4942545332323192,7.499019905120528e-26,7.499019905120528e-26,0.0,transient,0.0,4.3804597006086965e-28,nan,17.68,0.49753917224603866,1.7394420472140958e-28,6.119901747822792e-28,4.3804597006086965e-28,monotone,0.0029006546128249044,0.00313964374374065,0.65,17.8,0.4942545332323192,7.49886835383824e-26,7.49886835383824e-26,0.0,transient,0.0,4.416741397136507e-28,nan,17.68,0.49753917224603866,1.7394834914957908e-28,6.156224888632298e-28,4.416741397136507e-28,monotone
tied,0.0002,0.05,E4_positive_control,pos_entries,0.01,1.0,2.0,2000,False,3,0.05,60.0,2,E4_positive_control__tied__mu1-2_sd0.05__h2_eps5.00e-02_pos_entries__s3__dt0.0002__1f2862da2a,60.0,3.825802150606805e-26,0.0,2.7755575615628914e-17,178,234,178,340,179,235,179,347,180,236,180,358,181,539,0.0226291647849909,0.02293287246654789,0.98,18.53,0.49191227731239684,1.9489907213925375e-26,1.9489907213925375e-26,0.0,transient,0.02265365708006717,0.022957989647542282,0.98,18.53,0.4919088229249986,1.951162554072224e-26,1.951162554072224e-26,0.0,transient,0.0,3.909435564461928e-29,nan,18.53,0.4965236616852888,1.2699283534148053e-28,1.2699283534148053e-28,0.0,monotone,0.005039276702269724,0.00508190347258064,0.37,18.53,0.4955737788332081,7.28768741097706e-26,7.28768741097706e-26,0.0,transient,0.007356212492322434,0.00742642159616741,0.54,18.53,0.4949327839946926,7.392779657325284e-26,7.392779657325284e-26,0.0,transient,5.201612070364222e-09,5.389372207328008e-09,4.21,17.82,0.4957348458203074,1.4246075141463378e-28,5.042348719519969e-28,3.617741205373631e-28,other,0.007356212492322434,0.007426421596167354,0.54,18.53,0.4949327839946926,7.392843560002275e-26,7.392843560002275e-26,0.0,transient,5.201612070364222e-09,5.389372207315478e-09,4.21,17.82,0.4957348458203074,1.424219857797069e-28,5.009478865840588e-28,3.5852590080435185e-28,other
tied,0.0002,0.05,E4_positive_control,pos_entries,0.01,1.0,2.0,2000,False,4,0.05,60.0,2,E4_positive_control__tied__mu1-2_sd0.05__h2_eps5.00e-02_pos_entries__s4__dt0.0002__9eab7d7d24,60.0,2.6055244800702113e-26,0.0,1.734723475976807e-18,178,270,178,392,178,270,178,398,179,271,179,407,181,539,0.02517278962935262,0.02557716220538741,0.99,17.78,0.49058043662379086,1.022468503755406e-26,1.0483999948986135e-26,2.59314911432075e-28,transient,0.025161217467277654,0.025565196148642423,0.99,17.78,0.4905833638782547,1.0221494156822199e-26,1.0476300851440452e-26,2.5480669461825334e-28,transient,0.0,0.0,nan,17.8,0.49756618419189025,1.3933757443216634e-27,1.3933757443216634e-27,0.0,monotone,0.00864892701458525,0.008767830536842047,0.47000000000000003,17.8,0.490254760200875,4.735925866715361e-26,4.735925866715361e-26,0.0,transient,0.01076050314463406,0.010924057236063267,0.58,17.8,0.4894192651566391,4.759598367029063e-26,4.759598367029063e-26,0.0,transient,0.0,2.7680571999556373e-29,nan,17.79,0.4966221710146841,1.061540408317726e-27,1.0617290363904803e-27,1.886280727543206e-31,monotone,0.01076050314463406,0.010924057236063212,0.58,17.8,0.4894192651566391,4.7595970990514694e-26,4.7595970990514694e-26,0.0,transient,0.0,2.7701872039339586e-29,nan,17.79,0.4966221710146841,1.0615523208019415e-27,1.0617107440021504e-27,1.5842320020896806e-31,monotone
tied,0.0002,0.05,E4_positive_control,pos_entries,0.01,1.0,2.0,2000,False,5,0.05,60.0,2,E4_positive_control__tied__mu1-2_sd0.05__h2_eps5.00e-02_pos_entries__s5__dt0.0002__5fb23504ec,60.0,3.8364599857616397e-26,0.0,1.734723475976807e-18,178,232,178,344,179,233,179,351,180,234,180,360,181,539,0.027332313836228708,0.027665890248853325,0.93,18.78,0.4890367586754445,8.76711044076269e-27,8.76711044076269e-27,0.0,transient,0.027346860677359017,0.02768033655103079,0.93,18.78,0.48903462111535356,8.781809138098253e-27,8.781809138098253e-27,0.0,transient,0.0,2.206538322470445e-27,nan,18.51,0.49528887135617394,8.659612734986771e-28,3.072499595969122e-27,2.206538322470445e-27,monotone,0.007317046807101046,0.007366547418904579,0.35000000000000003,18.78,0.494079026532731,7.250459560708394e-26,7.250459560708394e-26,0.0,transient,0.010686156518279977,0.010769868360827217,0.5,18.78,0.49320816558263064,7.168102201968642e-26,7.168102201968642e-26,0.0,transient,0.0,8.111429400985938e-28,nan,17.77,0.49421606163638065,3.2046133467573184e-28,1.1316042747743257e-27,8.111429400985938e-28,monotone,0.010686156518279977,0.010769868360827217,0.5,18.78,0.49320816558263064,7.172104030588642e-26,7.172104030588642e-26,0.0,transient,0.0,8.161232126605393e-28,nan,18.6,0.49421606163638065,3.204214045923592e-28,1.1365446172528985e-27,8.161232126605393e-28,monotone
tied,0.0002,0.05,E4_positive_control,pos_entries,0.01,1.0,2.0,2000,False,6,0.05,60.0,2,E4_positive_control__tied__mu1-2_sd0.05__h2_eps5.00e-02_pos_entries__s6__dt0.0002__505443db84,60.0,3.820552499094469e-26,0.0,5.551115123125783e-17,178,234,178,342,179,235,179,351,180,236,180,362,181,539,0.024580752685061852,0.024873383267391108,1.0,19.02,0.49289030000711515,1.444592904519827e-26,1.444592904519827e-26,0.0,transient,0.02461485817793503,0.024908215536180847,1.0,19.02,0.4928864181734382,1.4464806240141176e-26,1.4464806240141176e-26,0.0,transient,0.0,3.027527205837736e-28,nan,18.990000000000002,0.49702582949412055,5.321838437372668e-28,7.490700370120049e-28,2.168861932747381e-28,monotone,0.005347772249269078,0.005382674991613545,0.38,19.02,0.4960072017048421,7.559517092224961e-26,7.559517092224961e-26,0.0,transient,0.008370748299489084,0.008433729700657644,0.56,19.02,0.4954362010857164,7.576647713302711e-26,7.576647713302711e-26,0.0,transient,0.0,4.4554940935366663e-29,nan,18.81,0.4963255392170363,4.492813852776187e-30,1.5164509284313132e-29,1.0671695431536944e-29,monotone,0.008370748299489084,0.008433729700657755,0.56,19.02,0.4954362010857164,7.57664127245952e-26,7.57664127245952e-26,0.0,transient,0.0,4.5178020086941794e-29,nan,18.23,0.4963255392170363,4.4938487099349635e-30,1.5737781648139545e-29,1.1243932938204581e-29,monotone
tied,0.0002,0.05,E4_positive_control,pos_entries,0.01,1.0,2.0,2000,False,7,0.05,60.0,2,E4_positive_control__tied__mu1-2_sd0.05__h2_eps5.00e-02_pos_entries__s7__dt0.0002__53ee6c431e,60.0,2.6309751776267156e-26,0.0,1.1102230246251565e-16,178,238,178,328,179,239,179,337,179,239,179,345,181,539,0.0171635952647132,0.01748251227086009,0.93,17.8,0.4886764621421288,1.0250384646731963e-26,1.0250384646731963e-26,0.0,transient,0.017149365690269994,0.01746844466495645,0.93,17.8,0.4886804718298786,1.0220136761397395e-26,1.0220136761397395e-26,0.0,transient,0.0,5.022863813560799e-29,nan,17.76,0.4949122972233459,1.5034517888106298e-27,1.5536804269462377e-27,5.022863813560799e-29,monotone,0.0029586863113014727,0.003161996598097294,0.38,17.8,0.49368062762634085,4.7836119402866376e-26,4.7836119402866376e-26,0.0,transient,0.0038759165918985095,0.0040461765181158404,0.53,17.8,0.4928126104361265,4.8010828992235063e-26,4.8010828992235063e-26,0.0,transient,3.2687549636731007e-11,3.54127454793607e-11,4.3,17.53,0.49384334788532697,1.1395342531311399e-27,1.1427195309668198e-27,3.1852778356798756e-30,monotone,0.0038759165918985095,0.0040461765181159515,0.53,17.8,0.4928126104361265,4.801085806509787e-26,4.801085806509787e-26,0.0,transient,3.2687549636731007e-11,3.541274547914555e-11,4.3,17.03,0.49384334788532697,1.1395342367773567e-27,1.142775706455503e-27,3.241469678146313e-30,monotone
tied,0.0002,0.05,E4_positive_control,pos_entries,0.01,1.0,2.0,2000,False,8,0.05,60.0,2,E4_positive_control__tied__mu1-2_sd0.05__h2_eps5.00e-02_pos_entries__s8__dt0.0002__b8b1da3e29,60.0,3.8405615615048883e-26,0.0,4.440892098500626e-16,179,207,179,279,179,207,179,285,180,208,180,294,181,539,0.020131529988273902,0.02036608926395779,0.9,19.76,0.4870932453452623,1.3436496776050432e-26,1.3436496776050432e-26,0.0,transient,0.020124033776573416,0.02035844609471041,0.9,19.76,0.48709359509352124,1.3427398682993147e-26,1.3427398682993147e-26,0.0,transient,0.0,6.663472051511927e-28,nan,19.68,0.4914152413186378,4.13813011570819e-28,1.0801602167220117e-27,6.663472051511927e-28,monotone,0.0028607060621239078,0.0028805238610982165,0.2,19.76,0.4973959782825177,7.62207160496745e-26,7.62207160496745e-26,0.0,transient,0.005343733155179442,0.005378503200486939,0.43,19.76,0.49663661879360527,7.625859399728843e-26,7.625859399728843e-26,0.0,transient,0.0,7.89382995154266e-29,nan,18.89,0.49038229746293,2.766752134805814e-29,9.725052759588834e-29,6.958300624783019e-29,monotone,0.005343733155179442,0.005378503200486939,0.43,19.76,0.49663661879360527,7.621454135223564e-26,7.621454135223564e-26,0.0,transient,0.0,8.048648018288436e-29,nan,18.56,0.49038229746293,2.7665614127000634e-29,9.870274559374434e-29,7.103713146674371e-29,monotone
tied,0.0002,0.05,E4_positive_control,pos_entries,0.01,1.0,2.0,2000,False,9,0.05,60.0,2,E4_positive_control__tied__mu1-2_sd0.05__h2_eps5.00e-02_pos_entries__s9__dt0.0002__b7c5e5903c,60.0,2.573201612615958e-26,0.0,6.938893903907228e-18,178,242,178,340,179,243,179,349,179,243,179,357,181,539,0.01884093316656274,0.019180066959022996,0.9400000000000001,17.71,0.4890467341666121,1.0652734523273789e-26,1.089879903668848e-26,2.460645134146908e-28,transient,0.01884533686717886,0.01918463713983043,0.9400000000000001,17.71,0.4890455194301265,1.0668283711272794e-26,1.0906753897730777e-26,2.3847018645798305e-28,transient,0.0,0.0,nan,17.77,0.49546396247071617,1.151706973412042e-27,1.151706973412042e-27,0.0,monotone,0.003886118773314795,0.004059319054495747,0.39,17.77,0.4931828350267639,4.6957337117431416e-26,4.6957337117431416e-26,0.0,transient,0.0050431420983188535,0.0051947623253643105,0.53,17.77,0.49231296391020923,4.734269227782427e-26,4.734269227782427e-26,0.0,transient,2.171347869183261e-09,2.298816428402326e-09,3.84,17.5,0.4944072357724697,9.277991901504828e-28,9.484818561299317e-28,2.0682665979448912e-29,other,0.0050431420983188535,0.0051947623253643105,0.53,17.77,0.49231296391020923,4.73428833874994e-26,4.73428833874994e-26,0.0,transient,2.171347869183261e-09,2.298816428401712e-09,3.84,17.5,0.4944072357724697,9.27799459016974e-28,9.48408328648428e-28,2.0608869631454029e-29,other
tied,0.0002,0.01,E4_positive_control,pos_entries,0.01,1.0,2.0,2000,False,0,0.05,60.0,4,E4_positive_control__tied__mu1-2_sd0.05__h4_eps1.00e-02_pos_entries__s0__dt0.0002__abe8474549,60.0,2.443239876159611e-26,0.0,1.4210854715202004e-14,179,231,179,275,179,231,179,299,180,232,180,332,181,539,0.009128532490830246,0.009255231436784361,1.33,21.900000000000002,0.49921065541815013,9.789056632317178e-27,9.789056632317178e-27,0.0,transient,0.009118717192761625,0.00924519414680848,1.33,21.92,0.49921099242479794,9.754352915463275e-27,9.754352915463275e-27,0.0,transient,0.0,2.2958240495062484e-28,nan,19.98,0.49963923280183686,2.5762240419694748e-27,2.6173150091874403e-27,4.109096721796553e-29,monotone,0.0004522783497674654,0.0005053972095739878,0.43,21.91,0.4996076139945919,3.9209743115005376e-26,3.9209743115005376e-26,0.0,transient,0.0011415686343964615,0.0011531330026214315,0.8300000000000001,21.91,0.49954673275604,3.941743752981368e-26,3.941743752981368e-26,0.0,transient,0.0,5.555194605036978e-29,nan,19.94,0.49956349960973856,2.3385798743380546e-27,2.3386035107733678e-27,2.3636435313145089e-32,monotone,0.0011415686343964615,0.0011531330026214315,0.8300000000000001,21.91,0.49954673275604,3.93551105914348e-26,3.93551105914348e-26,0.0,transient,0.0,5.567001234126653e-29,nan,19.94,0.49956349960973856,2.3461771370633976e-27,2.346199948616479e-27,2.2811553081262897e-32,monotone
tied,0.0002,0.01,E4_positive_control,pos_entries,0.01,1.0,2.0,2000,False,1,0.05,60.0,4,E4_positive_control__tied__mu1-2_sd0.05__h4_eps1.00e-02_pos_entries__s1__dt0.0002__f47f73d479,60.0,3.2432160392111666e-26,0.0,5.551115123125783e-17,179,197,179,215,179,217,179,251,180,228,180,290,181,539,0.005919408426126177,0.006024623148600458,1.31,19.09,0.4991040775643968,1.1684911254692862e-26,1.2271287589280778e-26,5.863763345879154e-28,transient,0.005918806562526413,0.0060240019979785064,1.31,19.080000000000002,0.4991041027242677,1.1683843519131694e-26,1.2271287589280778e-26,5.874440701490837e-28,transient,0.0,8.651553681134483e-28,nan,19.63,0.499489272246784,2.1311385503336736e-27,2.1311385503336736e-27,0.0,monotone,0.00011038538073199211,0.0001683428749179039,0.4,19.63,0.4996737427973608,5.82383489886457e-26,5.82383489886457e-26,0.0,transient,0.0002652625368930739,0.00029434402577827035,0.8300000000000001,19.63,0.49961411055082644,5.844233174850555e-26,5.844233174850555e-26,0.0,transient,3.891662588144258e-09,3.972356752207757e-09,4.25,18.28,0.4994121074099685,1.5407445189877814e-27,1.5564926564563998e-27,1.57481374686184e-29,other,0.0002652625368930739,0.00029434402577827035,0.8300000000000001,19.63,0.49961411055082644,5.840445076645616e-26,5.840445076645616e-26,0.0,transient,3.891662588144258e-09,3.972356752202427e-09,4.25,18.28,0.4994121074099685,1.5407439589349047e-27,1.5566668508857217e-27,1.5922891950816995e-29,other
tied,0.0002,0.01,E4_positive_control,pos_entries,0.01,1.0,2.0,2000,False,2,0.05,60.0,4,E4_positive_control__tied__mu1-2_sd0.05__h4_eps1.00e-02_pos_entries__s2__dt0.0002__1b5b1a8fbf,60.0,2.8023082520559083e-26,0.0,2.7755575615628914e-17,178,214,178,248,179,247,179,289,180,248,180,332,181,539,0.006985236151834329,0.007104190307556199,1.3800000000000001,19.29,0.499446369111596,9.293651983838382e-27,9.293651983838382e-27,0.0,transient,0.0069682926736056305,0.007087271731565717,1.3900000000000001,19.29,0.4994470900829131,9.237764578340176e-27,9.237764578340176e-27,0.0,transient,0.0,4.357532054972784e-28,nan,19.19,0.4997727886681217,1.7856329775829227e-27,2.221386183080201e-27,4.357532054972784e-28,monotone,0.000220399776434399,0.0002865849786594654,0.52,19.29,0.4996450376338186,5.047840236044585e-26,5.047840236044585e-26,0.0,transient,0.0005046942520042785,0.000522984456818476,0.92,19.29,0.49960106114357367,5.0354761270427405e-26,5.0354761270427405e-26,0.0,transient,0.0,1.013958860500637e-28,nan,18.69,0.4997195378764416,1.3498599791989269e-27,1.4347595557152681e-27,8.489957651634123e-29,monotone,0.0005046942520042785,0.000522984456818476,0.92,19.29,0.49960106114357367,5.0319534135846976e-26,5.0319534135846976e-26,0.0,transient,0.0,1.0195715236575366e-28,nan,18.69,0.4997195378764416,1.355632443872188e-27,1.4406834495966628e-27,8.505100572447471e-29,monotone
tied,0.0002,0.01,E4_positive_control,pos_entries,0.01,1.0,2.0,2000,False,3,0.05,60.0,4,E4_positive_control__tied__mu1-2_sd0.05__h4_eps1.00e-02_pos_entries__s3__dt0.0002__d7554e1f10,60.0,4.1413337917208406e-26,0.0,5.551115123125783e-17,179,217,179,249,179,237,179,283,180,238,180,324,181,539,0.0071772550422850995,0.0072861947400188615,1.3800000000000001,19.39,0.49944841762531467,1.4402081012968417e-26,1.4402081012968417e-26,0.0,transient,0.007183832430532083,0.00729294710542025,1.3800000000000001,19.39,0.4994481975250238,1.4435589112512844e-26,1.4435589112512844e-26,0.0,transient,0.0,5.880819381466647e-28,nan,19.25,0.4997506208016646,9.648523835391174e-28,1.5529343216857821e-27,5.880819381466647e-28,monotone,0.0002281753076793791,0.00029362032470831023,0.46,19.39,0.49970777410039025,8.011754409153448e-26,8.011754409153448e-26,0.0,transient,0.0006031045495353271,0.0006131717426343664,0.89,19.39,0.4996653192015208,8.014374741857689e-26,8.014374741857689e-26,0.0,transient,2.69638049262126e-08,2.7267892586870786e-08,4.07,18.59,0.49969809723720576,4.166187215859411e-28,5.102144130985558e-28,9.359569151261471e-29,other,0.0006031045495353271,0.0006131717426343664,0.89,19.39,0.4996653192015208,8.014352389007086e-26,8.014352389007086e-26,0.0,transient,2.69638049262126e-08,2.7267892586841868e-08,4.07,18.59,0.49969809723720576,4.1661716646858355e-28,5.109976412175235e-28,9.438047474893998e-29,other
tied,0.0002,0.01,E4_positive_control,pos_entries,0.01,1.0,2.0,2000,False,4,0.05,60.0,4,E4_positive_control__tied__mu1-2_sd0.05__h4_eps1.00e-02_pos_entries__s4__dt0.0002__fe7a738884,60.0,3.221943622734053e-26,0.0,7.105427357601002e-15,178,264,178,326,179,265,179,351,180,266,180,384,181,539,0.011079107525275661,0.011244767047422166,1.37,19.16,0.4993167516227413,1.3006935820510348e-26,1.3857734632742853e-26,8.507988122325053e-28,transient,0.011074757560227133,0.011240300718904958,1.37,19.16,0.4993169521249023,1.301310495930821e-26,1.386470495839758e-26,8.515999990893704e-28,transient,0.0,1.7777720056254146e-28,nan,19.27,0.4998105906629433,2.441284530787961e-27,2.441284530787961e-27,0.0,monotone,0.0008658351873775394,0.0009179267728125495,0.59,19.27,0.4993422385023815,5.462125533786016e-26,5.462125533786016e-26,0.0,transient,0.0016134602665906495,0.0016356183302036476,0.9,19.27,0.49928205572165607,5.500825900735817e-26,5.500825900735817e-26,0.0,transient,0.0,7.783432611667022e-29,nan,18.77,0.49974178308919837,2.240914376450691e-27,2.262278929405973e-27,2.1364552955281897e-29,monotone,0.0016134602665906495,0.0016356183302036476,0.9,19.27,0.49928205572165607,5.504497861847399e-26,5.504497861847399e-26,0.0,transient,0.0,7.797771249294013e-29,nan,18.77,0.49974178308919837,2.240913480946409e-27,2.2620234650084994e-27,2.110998406209038e-29,monotone
tied,0.0002,0.01,E4_positive_control,pos_entries,0.01,1.0,2.0,2000,False,5,0.05,60.0,4,E4_positive_control__tied__mu1-2_sd0.05__h4_eps1.00e-02_pos_entries__s5__dt0.0002__4ef0cc8d23,60.0,3.006445173571439e-26,0.0,1.3877787807814457e-17,179,227,179,261,179,237,179,291,180,238,180,330,181,539,0.00775861233918107,0.007874981704003706,1.36,20.93,0.4993712811072597,1.2244540274213128e-26,1.224466969670539e-26,1.2942249226282225e-31,transient,0.007761922258130105,0.00787837771484158,1.36,20.93,0.49937116344664545,1.2253228529378247e-26,1.2253228529378247e-26,0.0,transient,0.0,4.7572010370320235e-28,nan,20.93,0.4997197543919156,3.913797795785965e-28,3.913797795785965e-28,0.0,monotone,0.00029383411495231826,0.00036282239588764087,0.46,20.94,0.4996622967904237,5.934334965719742e-26,5.934334965719742e-26,0.0,transient,0.0007476386875934771,0.0007589392124494609,0.87,20.93,0.4996135274712333,5.968792184400803e-26,5.968798190464379e-26,6.006063575347481e-32,transient,0.0,1.0320687210693494e-28,nan,20.73,0.4996595330255542,6.315908354089147e-33,2.3719137048117714e-30,2.3655977964576823e-30,monotone,0.0007476386875934771,0.0007589392124494609,0.87,20.94,0.4996135274712333,5.964966536588723e-26,5.964966536588723e-26,0.0,transient,0.0,1.0273302839662538e-28,nan,20.73,0.4996595330255542,2.472768936818465e-32,2.4016782148555985e-30,2.376950525487414e-30,monotone
tied,0.0002,0.01,E4_positive_control,pos_entries,0.01,1.0,2.0,2000,False,6,0.05,60.0,4,E4_positive_control__tied__mu1-2_sd0.05__h4_eps1.00e-02_pos_entries__s6__dt0.0002__76afeb33b9,60.0,3.582105509435599e-26,0.0,1.3877787807814457e-17,179,243,179,303,179,243,179,327,180,244,180,358,181,539,0.011347387396889855,0.011490859856525107,1.35,20.06,0.4992724029686624,1.727365796748934e-26,1.727365796748934e-26,0.0,transient,0.011361516270215782,0.011505279220801384,1.35,20.06,0.49927193600776604,1.731493757954536e-26,1.731493757954536e-26,0.0,transient,0.0,1.2473285284823933e-30,nan,20.06,0.49972841707662186,2.2941677497540753e-28,2.2941677497540753e-28,0.0,monotone,0.0007360607111350226,0.0007698368134255729,0.49,20.06,0.49951849004165577,6.879778915429743e-26,6.879778915429743e-26,0.0,transient,0.0017831492738325516,0.001797247283591652,0.86,20.06,0.49945778012846304,6.964035502219286e-26,6.964035502219286e-26,0.0,transient,0.0,2.4738549897338796e-28,nan,19.66,0.4996553690267106,1.386867873391166e-28,3.6774843145035064e-28,2.2906164411123404e-28,monotone,0.0017831492738325516,0.001797247283591652,0.86,20.06,0.49945778012846304,6.959934407336711e-26,6.959934407336711e-26,0.0,transient,0.0,2.4637296145757756e-28,nan,19.66,0.4996553690267106,1.3867869492053195e-28,3.6754339738907603e-28,2.288647024685441e-28,monotone
tied,0.0002,0.01,E4_positive_control,pos_entries,0.01,1.0,2.0,2000,False,7,0.05,60.0,4,E4_positive_control__tied__mu1-2_sd0.05__h4_eps1.00e-02_pos_entries__s7__dt0.0002__7578d8c0f4,60.0,3.028981986914953e-26,0.0,1.3877787807814457e-17,179,179,179,195,179,195,179,227,180,230,180,278,181,539,0.005233626829899335,0.005333311973256857,1.31,19.04,0.499094711748102,1.2568503261274438e-26,1.2569524774516941e-26,1.0215132425029899e-30,transient,0.005230132529341347,0.005329692518585949,1.31,19.05,0.49909486988090934,1.2536270897725173e-26,1.2536270897725173e-26,0.0,transient,0.0,0.0,nan,19.05,0.49946500079166145,2.9605183252826707e-27,2.9605183252826707e-27,0.0,monotone,5.278277554865429e-05,0.00010125788414738768,0.41000000000000003,19.05,0.49967946717487693,4.947658030717676e-26,4.947658030717676e-26,0.0,transient,0.00011271231256804182,0.000151179838072113,0.85,19.05,0.49962128538291073,4.9754238861038275e-26,4.9754238861038275e-26,0.0,transient,7.953162976677545e-10,8.194837969114747e-10,4.45,18.830000000000002,0.4993892350379918,2.68459228851858e-27,2.6957484814936763e-27,1.1156192975096126e-29,monotone,0.00011271231256804182,0.0001511798380721685,0.85,19.05,0.49962128538291073,4.97541945245692e-26,4.97541945245692e-26,0.0,transient,7.953162976677545e-10,8.194837969109582e-10,4.45,18.27,0.4993892350379918,2.684593107739722e-27,2.6956944977073695e-27,1.1101389967647544e-29,monotone
tied,0.0002,0.01,E4_positive_control,pos_entries,0.01,1.0,2.0,2000,False,8,0.05,60.0,4,E4_positive_control__tied__mu1-2_sd0.05__h4_eps1.00e-02_pos_entries__s8__dt0.0002__3dece048de,60.0,3.15774262384436e-26,0.0,2.7755575615628914e-17,179,199,179,221,179,225,179,259,180,232,180,298,181,539,0.006166490618151693,0.006273380023004663,1.31,19.05,0.499138009947171,1.245507985424563e-26,1.328986571454852e-26,8.34785860302892e-28,transient,0.006164690852979243,0.006271603672909243,1.31,19.05,0.49913808988381336,1.2435714243468827e-26,1.3281362348658063e-26,8.45648105189236e-28,transient,0.0,1.3729964203186326e-28,nan,19.13,0.4995334855500901,2.076047035384985e-27,2.076047035384985e-27,0.0,monotone,0.00012857008192607156,0.00018966202526943254,0.42,19.13,0.499648647506342,5.535591816703369e-26,5.535591816703369e-26,0.0,transient,0.00029820233869903845,0.00032696627036749026,0.84,19.13,0.49958913702278157,5.573540732087267e-26,5.573540732087267e-26,0.0,transient,0.0,3.395998728077428e-29,nan,17.580000000000002,0.4994574334548646,1.8104613745477966e-27,1.8200239043914122e-27,9.562529843615583e-30,monotone,0.00029820233869903845,0.00032696627036749026,0.84,19.13,0.49958913702278157,5.573520706479567e-26,5.573520706479567e-26,0.0,transient,0.0,3.428336088043906e-29,nan,17.96,0.4994574334548646,1.8104618180304512e-27,1.8198532428581966e-27,9.391424827745377e-30,monotone
tied,0.0002,0.01,E4_positive_control,pos_entries,0.01,1.0,2.0,2000,False,9,0.05,60.0,4,E4_positive_control__tied__mu1-2_sd0.05__h4_eps1.00e-02_pos_entries__s9__dt0.0002__ab634a00b3,60.0,3.018218156896453e-26,0.0,3.469446951953614e-18,179,233,179,283,179,233,179,305,180,234,180,332,181,539,0.00953048266643658,0.00967062523253244,1.27,19.28,0.4988799066822897,1.1668392938745842e-26,1.1928864948888505e-26,2.6047201014266284e-28,transient,0.009532626646552758,0.009672824837868854,1.27,19.28,0.498879806606488,1.1668392938745842e-26,1.1934337671418475e-26,2.659447326726336e-28,transient,0.0,4.2669940882871404e-30,nan,19.39,0.49948019514399666,4.440401835288353e-27,4.440401835288353e-27,0.0,monotone,0.0005371808932495004,0.0006027193248635543,0.43,19.39,0.4994434393614886,4.332651543800229e-26,4.332651543800229e-26,0.0,transient,0.0011494227024186898,0.0011649886829897538,0.79,19.39,0.49935799200597664,4.350899553494247e-26,4.350899553494247e-26,0.0,transient,3.821573748361764e-08,3.86954124757545e-08,3.97,18.67,0.4993737973308073,4.123795350592528e-27,4.124282156430007e-27,4.868058374786194e-31,other,0.0011494227024186898,0.0011649886829897538,0.79,19.39,0.49935799200597664,4.350902114859591e-26,4.350902114859591e-26,0.0,transient,3.821573748361764e-08,3.869541247573567e-08,3.97,18.67,0.4993737973308073,4.123795704007499e-27,4.12435048352692e-27,5.547795194208658e-31,other
tied,0.0002,0.05,E4_positive_control,pos_entries,0.01,1.0,2.0,2000,False,0,0.05,60.0,4,E4_positive_control__tied__mu1-2_sd0.05__h4_eps5.00e-02_pos_entries__s0__dt0.0002__494018309a,60.0,2.7147467317388106e-26,0.0,1.4210854715202004e-14,178,228,178,340,179,229,179,345,179,229,179,351,181,539,0.02786892594556436,0.028254622396224317,0.85,18.2,0.4804751691056617,9.935438093298296e-27,1.0788985592747431e-26,8.535474994491348e-28,transient,0.027833457102486588,0.028218245706768917,0.85,18.2,0.48048350423515473,9.927475528536221e-27,1.077417596184707e-26,8.467004333108493e-28,transient,0.0,1.3528926005941465e-28,nan,18.31,0.4910751024115998,2.698861964520707e-27,2.698861964520707e-27,0.0,monotone,0.009241262088457325,0.009322180282074433,0.3,18.31,0.490293079699328,4.450939387645373e-26,4.450939387645373e-26,0.0,transient,0.012215623586727176,0.012339825496551604,0.43,18.31,0.48878731412979826,4.4728656058836453e-26,4.4728656058836453e-26,0.0,transient,0.0,4.690951130319859e-29,nan,18.31,0.4892020059397739,2.3690676192944482e-27,2.3690676192944482e-27,0.0,monotone,0.012215623586727176,0.012339825496551604,0.43,18.31,0.48878731412979826,4.469546358343706e-26,4.469546358343706e-26,0.0,transient,0.0,4.701685664633653e-29,nan,18.31,0.4892020059397739,2.369069956772233e-27,2.369069956772233e-27,0.0,monotone
tied,0.0002,0.05,E4_positive_control,pos_entries,0.01,1.0,2.0,2000,False,1,0.05,60.0,4,E4_positive_control__tied__mu1-2_sd0.05__h4_eps5.00e-02_pos_entries__s1__dt0.0002__5b9dde7148,60.0,3.062135492504715e-26,0.0,4.440892098500626e-16,178,224,178,298,178,224,178,302,179,225,179,311,181,539,0.015851458617063607,0.016172157942137638,0.8200000000000001,17.47,0.4778527529208937,1.1216512766266242e-26,1.2258160450779834e-26,1.0416476845135918e-27,transient,0.015849660134905588,0.01617038248459532,0.8200000000000001,17.47,0.4778533745607126,1.1224023893049353e-26,1.2272074909442043e-26,1.0480510163926905e-27,transient,0.0,1.002227365225885e-27,nan,18.900000000000002,0.48736998587515745,2.0549411543104342e-27,2.0549411543104342e-27,0.0,monotone,0.0021792947290270592,0.002492091690447229,0.29,18.89,0.4919278089275434,5.408075725455297e-26,5.408126570005829e-26,5.084455053182303e-31,transient,0.0027880422221471246,0.0031221115580701286,0.43,18.89,0.4904544397254127,5.436309295940823e-26,5.436314865644545e-26,5.5697037221601e-32,transient,1.1909891255031238e-10,1.2868647210123598e-10,3.95,18.86,0.48546342859015057,1.666472841949419e-27,1.6666322282767096e-27,1.5938632729072204e-31,monotone,0.0027880422221471246,0.0031221115580701286,0.43,18.89,0.4904544397254127,5.436311359230005e-26,5.4363174181954e-26,6.058965394542192e-32,transient,1.1909891255031238e-10,1.2868647210067871e-10,3.95,16.77,0.48546342859015057,1.6664692087242254e-27,1.666615770048193e-27,1.465613239675665e-31,monotone
tied,0.0002,0.05,E4_positive_control,pos_entries,0.01,1.0,2.0,2000,False,2,0.05,60.0,4,E4_positive_control__tied__mu1-2_sd0.05__h4_eps5.00e-02_pos_entries__s2__dt0.0002__a66c3a86ef,60.0,2.8207782086738834e-26,0.0,1.734723475976807e-18,177,243,177,341,178,244,178,348,179,245,179,357,181,539,0.018845423235974455,0.01920776557402263,0.91,17.67,0.4862677477228832,8.623520807828955e-27,8.623520807828955e-27,0.0,transient,0.01879480051747251,0.019155075554658924,0.91,17.67,0.48628562496047434,8.581957698885123e-27,8.581957698885123e-27,0.0,transient,0.0,6.242767099635118e-28,nan,17.51,0.494361661902708,1.9499382018879783e-27,2.57421491185149e-27,6.242767099635118e-28,monotone,0.004027169983599255,0.004275025518081843,0.39,17.67,0.49119394144184425,5.01557151093797e-26,5.01557151093797e-26,0.0,transient,0.005099963250307649,0.005342990711917905,0.51,17.67,0.49010349838824263,4.9941306000339647e-26,4.9941306000339647e-26,0.0,transient,0.0,1.6306266622684037e-28,nan,17.36,0.4930412528486251,1.4676818638747235e-27,1.630744530101564e-27,1.6306266622684037e-28,monotone,0.005099963250307649,0.005342990711917905,0.51,17.67,0.49010349838824263,4.990624298604492e-26,4.990624298604492e-26,0.0,transient,0.0,1.6326803834584264e-28,nan,17.36,0.4930412528486251,1.467683198329959e-27,1.6309512366758016e-27,1.6326803834584264e-28,monotone
tied,0.0002,0.05,E4_positive_control,pos_entries,0.01,1.0,2.0,2000,False,3,0.05,60.0,4,E4_positive_control__tied__mu1-2_sd0.05__h4_eps5.00e-02_pos_entries__s3__dt0.0002__5e08f8cfd3,60.0,4.1507228351152345e-26,0.0,1.3877787807814457e-17,178,234,178,334,179,235,179,341,180,236,180,350,181,539,0.0207101789124199,0.021049453386579653,0.9,17.79,0.486313238284654,1.3734031382042883e-26,1.3734031382042883e-26,0.0,transient,0.02073168686549759,0.021071696604753276,0.9,17.79,0.4863077778372516,1.3765974085728512e-26,1.3765974085728512e-26,0.0,transient,0.0,7.601908379933829e-28,nan,17.61,0.4938105684409985,1.0900332076924212e-27,1.850224045685804e-27,7.601908379933829e-28,monotone,0.004944302819647861,0.005039974775061684,0.35000000000000003,17.79,0.49274758866214763,7.987341244141197e-26,7.987341244141197e-26,0.0,transient,0.006438427849113748,0.0065480241482056,0.49,17.79,0.491694329072284,7.977899137835318e-26,7.977899137835318e-26,0.0,transient,1.2835773656082563e-09,1.3628112688748572e-09,3.96,17.19,0.49250751627426675,4.831944518761891e-28,6.555016721649757e-28,1.723072202887866e-28,other,0.006438427849113748,0.006548024148205545,0.49,17.79,0.491694329072284,7.973491088076246e-26,7.973491088076246e-26,0.0,transient,1.2835773656082563e-09,1.3628112688716277e-09,3.96,17.44,0.49250751627426675,4.763086159242095e-28,6.496626624437886e-28,1.733540465195791e-28,other
tied,0.0002,0.05,E4_positive_control,pos_entries,0.01,1.0,2.0,2000,False,4,0.05,60.0,4,E4_positive_control__tied__mu1-2_sd0.05__h4_eps5.00e-02_pos_entries__s4__dt0.0002__a365c4945b,60.0,3.318268996222943e-26,0.0,1.3877787807814457e-17,177,261,177,391,178,262,178,396,179,263,179,403,181,539,0.02930183107890856,0.029756662524945195,0.9,17.52,0.48311545875206924,1.3255520991036253e-26,1.4041701001774677e-26,7.861800107384248e-28,transient,0.029287094761363756,0.029742031731921005,0.9,17.52,0.48312041253270266,1.3252501132883454e-26,1.4033145250589732e-26,7.806441177062781e-28,transient,0.0,0.0,nan,17.6,0.4953166752477105,2.746855368362859e-27,2.746855368362859e-27,0.0,monotone,0.01347662518200271,0.013648858298386968,0.41000000000000003,17.6,0.48374515974970694,5.546683786513479e-26,5.546683786513479e-26,0.0,transient,0.016220681360881506,0.01644828977452234,0.5,17.6,0.48225823166754966,5.592538934087421e-26,5.592538934087421e-26,0.0,transient,0.0,4.226058940991769e-29,nan,17.07,0.49361665553388023,2.51647650945965e-27,2.530487939508608e-27,1.4011430048958008e-29,monotone,0.016220681360881506,0.01644828977452234,0.5,17.6,0.48225823166754966,5.585107224163694e-26,5.585107224163694e-26,0.0,transient,0.0,4.262270837825118e-29,nan,17.07,0.49361665553388023,2.516475543987819e-27,2.5302811769714268e-27,1.3805632983607636e-29,monotone
tied,0.0002,0.05,E4_positive_control,pos_entries,0.01,1.0,2.0,2000,False,5,0.05,60.0,4,E4_positive_control__tied__mu1-2_sd0.05__h4_eps5.00e-02_pos_entries__s5__dt0.0002__8eebd0f3f2,60.0,3.230672902322746e-26,0.0,3.469446951953614e-18,178,234,178,338,178,234,178,344,179,235,179,351,181,539,0.022431137024631974,0.022786110216372286,0.88,19.1,0.4844162625079725,1.2474745910093756e-26,1.2479325001129531e-26,4.579091035775092e-30,transient,0.022442219172291798,0.022797558432699712,0.88,19.11,0.4844133466705758,1.2483212298129283e-26,1.2483212298129283e-26,0.0,transient,0.0,7.226031373442577e-28,nan,19.12,0.49305204466883934,1.643912170770724e-27,1.643912170770724e-27,0.0,monotone,0.006108903140275235,0.00619346154250483,0.34,19.12,0.4916281440376619,5.943319900763145e-26,5.943319900763145e-26,0.0,transient,0.007885001080124188,0.008005864233172788,0.47000000000000003,19.12,0.4904195543545869,5.968825866310647e-26,5.968825866310647e-26,0.0,transient,0.0,1.4521074040158198e-28,nan,17.490000000000002,0.4915596530731952,1.118447737759597e-27,1.1210238873106475e-27,2.5761495510503987e-30,monotone,0.007885001080124188,0.008005864233172733,0.47000000000000003,19.12,0.4904195543545869,5.964986905498016e-26,5.964986905498016e-26,0.0,transient,0.0,1.46060114593222e-28,nan,17.490000000000002,0.4915596530731952,1.1184402588166499e-27,1.1211374088241238e-27,2.6971500074739713e-30,monotone
tied,0.0002,0.05,E4_positive_control,pos_entries,0.01,1.0,2.0,2000,False,6,0.05,60.0,4,E4_positive_control__tied__mu1-2_sd0.05__h4_eps5.00e-02_pos_entries__s6__dt0.0002__5f8a4db996,60.0,3.580430297240092e-26,0.0,3.552713678800501e-15,178,240,178,366,179,241,179,371,180,242,180,378,181,539,0.03532300998395467,0.035730029375606716,0.87,18.42,0.48200305833991897,1.6804902026465043e-26,1.6804902026465043e-26,0.0,transient,0.035377271129544134,0.0357849175368672,0.87,18.42,0.4819915086648558,1.683606665445314e-26,1.683606665445314e-26,0.0,transient,0.0,0.0,nan,18.42,0.4932819787240527,2.489611120510492e-28,2.489611120510492e-28,0.0,monotone,0.014347824325426806,0.014442036562108351,0.34,18.42,0.4880897044664548,6.918098758347227e-26,6.918098758347227e-26,0.0,transient,0.019017420579270472,0.01916254339661977,0.45,18.42,0.4865881231217618,6.99471843287595e-26,6.99471843287595e-26,0.0,transient,0.0,2.296000575743943e-28,nan,17.82,0.49147522949242683,1.1736772807970677e-28,2.793665843205449e-28,1.6199885624083813e-28,monotone,0.019017420579270472,0.019162543396619713,0.45,18.42,0.4865881231217618,6.994747848197759e-26,6.994747848197759e-26,0.0,transient,0.0,2.297818283777272e-28,nan,17.82,0.49147522949242683,1.1736771528500455e-28,2.8021424426702505e-28,1.628465289820205e-28,monotone
tied,0.0002,0.05,E4_positive_control,pos_entries,0.01,1.0,2.0,2000,False,7,0.05,60.0,4,E4_positive_control__tied__mu1-2_sd0.05__h4_eps5.00e-02_pos_entries__s7__dt0.0002__bea83b4ce7,60.0,3.1027557430915134e-26,0.0,6.938893903907228e-18,178,226,178,286,178,226,178,292,179,227,179,299,181,539,0.013402996615182683,0.01370535681180303,0.8200000000000001,17.41,0.47762185464172213,1.2479361978984464e-26,1.2479361978984464e-26,0.0,transient,0.013393453360307533,0.013695963183487647,0.8200000000000001,17.400000000000002,0.47762576097700615,1.244764730540425e-26,1.2455571351567437e-26,7.924046163186843e-30,transient,0.0,3.512029550087344e-30,nan,17.400000000000002,0.4867690593335672,3.207176506602719e-27,3.2106885361528062e-27,3.512029550087344e-30,monotone,0.0008659201406197581,0.0012921891390664242,0.31,17.41,0.4920669960155065,5.028815640053385e-26,5.028815640053385e-26,0.0,transient,0.001156885050577039,0.0015869528652702747,0.45,17.41,0.4906297383658104,5.0552128545683123e-26,5.0552128545683123e-26,0.0,transient,2.0059913326390827e-11,2.1891247944462862e-11,4.0600000000000005,16.63,0.4848974272410102,2.8665487400004054e-27,2.8668967455295594e-27,3.4800552915403703e-31,monotone,0.001156885050577039,0.0015869528652703857,0.45,17.41,0.4906297383658104,5.055207751311898e-26,5.055207751311898e-26,0.0,transient,2.0059913326390827e-11,2.1891247944394885e-11,4.0600000000000005,17.31,0.4848974272410102,2.8665509038919802e-27,2.8668872543232083e-27,3.3635043122802127e-31,monotone
tied,0.0002,0.05,E4_positive_control,pos_entries,0.01,1.0,2.0,2000,False,8,0.05,60.0,4,E4_positive_control__tied__mu1-2_sd0.05__h4_eps5.00e-02_pos_entries__s8__dt0.0002__26355a815d,60.0,3.133668126574845e-26,0.0,3.469446951953614e-18,178,228,178,306,178,228,178,310,179,229,179,319,181,539,0.016357907503313965,0.016687152379897513,0.8300000000000001,17.44,0.4786861826239669,1.2849514929088002e-26,1.3280881636543944e-26,4.313667074559421e-28,transient,0.016352696195199398,0.016681706105659833,0.8300000000000001,17.44,0.4786881581548816,1.2834941032012835e-26,1.3263995082791557e-26,4.290540507787219e-28,transient,0.0,0.0,nan,17.51,0.48845985157968047,2.218255680252097e-27,2.218255680252097e-27,0.0,monotone,0.0024252817959805606,0.0027549765050666752,0.31,17.51,0.4913059306510366,5.421676459759215e-26,5.421676459759215e-26,0.0,transient,0.0031158532916577553,0.0034337171174851355,0.44,17.51,0.4898352058795934,5.45951526561929e-26,5.45951526561929e-26,0.0,transient,0.0,2.6983881746860795e-29,nan,16.19,0.4865803222316358,1.97434628578499e-27,1.9867325405447278e-27,1.2386254759737808e-29,monotone,0.0031158532916577553,0.00343371711748508,0.44,17.51,0.4898352058795934,5.459465021805426e-26,5.459465021805426e-26,0.0,transient,0.0,2.7170184846146363e-29,nan,17.1,0.4865803222316358,1.9743463121619126e-27,1.9865382127468177e-27,1.219190058490505e-29,monotone
tied,0.0002,0.05,E4_positive_control,pos_entries,0.01,1.0,2.0,2000,False,9,0.05,60.0,4,E4_positive_control__tied__mu1-2_sd0.05__h4_eps5.00e-02_pos_entries__s9__dt0.0002__587057594f,60.0,2.994566185112472e-26,0.0,1.734723475976807e-18,178,228,178,338,178,228,178,342,179,229,179,349,181,539,0.02680787835099093,0.027232192344286595,0.8,17.67,0.4724166183023208,1.1926849655794698e-26,1.1926849655794698e-26,0.0,transient,0.026815022951370858,0.02723956956099459,0.8,17.650000000000002,0.4724141545300248,1.1949547895747268e-26,1.1957777009213646e-26,8.229113466377781e-30,transient,0.0,0.0,nan,17.67,0.4871951567253837,4.646791710366181e-27,4.646791710366181e-27,0.0,monotone,0.00976200630890306,0.009882930902282983,0.28,17.67,0.4862902638635087,4.184627851985181e-26,4.184627851985181e-26,0.0,transient,0.012163836366871739,0.01233095655179639,0.39,17.67,0.48418663018214086,4.20472645083549e-26,4.20472645083549e-26,0.0,transient,1.6452539532772128e-09,1.748823408363313e-09,3.83,17.66,0.4845757424426595,4.3693604789999816e-27,4.3694212365643196e-27,6.075756433795207e-32,other,0.012163836366871739,0.01233095655179639,0.39,17.67,0.48418663018214086,4.204726094114019e-26,4.204726094114019e-26,0.0,transient,1.6452539532772128e-09,1.7488234083625605e-09,3.83,17.66,0.4845757424426595,4.3693576277436674e-27,4.369416360673205e-27,5.873292953772239e-32,other
