psi_deg,D1<0<D2_on_window,D1_at_cross,D2_at_cross,S,dD1,dD2,final_excess,n_sign_changes,opposite_signs_at_cross,rise,strong_share_of_swing,t_cross,t_min,t_rev
-100.0,,,,0.0,,,1.9968115070323478e-06,1,,2.016599490339832e-06,,nan,0.0,nan
-99.9,,,,0.0,,,2.0006453284593384e-06,1,,2.0212347464632074e-06,,nan,0.0,nan
-99.8,,,,0.0,,,2.0044632261795314e-06,1,,2.025870312394318e-06,,nan,0.0,nan
-99.7,,,,0.0,,,2.0082515626573816e-06,1,,2.0305071098958294e-06,,nan,0.0,nan
-99.6,,,,0.0,,,2.012034851062161e-06,1,,2.0351404910745607e-06,,nan,0.0,nan
-99.5,,,,0.0,,,2.015773154007139e-06,1,,2.0397750693512684e-06,,nan,0.0,nan
-99.4,,,,0.0,,,2.0195098731079497e-06,1,,2.044408486556737e-06,,nan,0.0,nan
-99.3,,,,0.0,,,2.0231956533445228e-06,1,,2.0490378467297177e-06,,nan,0.0,nan
-99.2,,,,0.0,,,2.026876909200226e-06,1,,2.0536688924432944e-06,,nan,0.0,nan
-99.1,,,,0.0,,,2.0305026127709347e-06,1,,2.0582958172310484e-06,,nan,0.0,nan
-99.0,,,,0.0,,,2.0341146184099657e-06,1,,2.0629196008647988e-06,,nan,0.0,nan
-98.9,,,,0.0,,,2.037676600008531e-06,1,,2.0675435725148184e-06,,nan,0.0,nan
-98.8,,,,0.0,,,2.0412062101682338e-06,1,,2.072160756871888e-06,,nan,0.0,nan
-98.7,,,,0.0,,,2.044699281333884e-06,1,,2.076775958759214e-06,,nan,0.0,nan
-98.6,,,,0.0,,,2.048131892418148e-06,1,,2.08138830609661e-06,,nan,0.0,nan
-98.5,,,,0.0,,,2.0515250753749825e-06,1,,2.08599417589328e-06,,nan,0.0,nan
-98.4,,,,0.0,,,2.05487101501145e-06,1,,2.090597613968459e-06,,nan,0.0,nan
-98.3,,,,0.0,,,2.058140790239804e-06,1,,2.095194021001223e-06,,nan,0.0,nan
-98.2,,,,0.0,,,2.061352390281268e-06,1,,2.0997861199245627e-06,,nan,0.0,nan
-98.1,,,,0.0,,,2.064497893305983e-06,1,,2.104370310784809e-06,,nan,0.0,nan
-98.0,,,,0.0,,,2.067568926844565e-06,1,,2.108950577783819e-06,,nan,0.0,nan
-97.9,,,,0.0,,,2.070556761102349e-06,1,,2.113523076496815e-06,,nan,0.0,nan
-97.8,,,,0.0,,,2.073452399553588e-06,1,,2.1180865553138695e-06,,nan,0.0,nan
-97.7,,,,0.0,,,2.0762460343770606e-06,1,,2.1226439712029865e-06,,nan,0.0,nan
-97.6,,,,0.0,,,2.078927954729526e-06,1,,2.1271923085763866e-06,,nan,0.0,nan
-97.5,,,,0.0,,,2.0814874661101435e-06,1,,2.131731527188485e-06,,nan,0.0,nan
-97.4,,,,0.0,,,2.083913586692354e-06,1,,2.1362593801144136e-06,,nan,0.0,nan
-97.3,,,,0.0,,,2.0861948889505655e-06,1,,2.1407796526040634e-06,,nan,0.0,nan
-97.2,,,,0.0,,,2.088319219273327e-06,1,,2.145287852417521e-06,,nan,0.0,nan
-97.1,,,,0.0,,,2.0902608646178322e-06,1,,2.1497830405836638e-06,,nan,0.0,nan
-97.0,,,,0.0,,,2.091996379072203e-06,1,,2.154267741694138e-06,,nan,0.0,nan
-96.9,,,,0.0,,,2.0935285392487124e-06,1,,2.1587382338372763e-06,,nan,0.0,nan
-96.8,,,,0.0,,,2.0947947553251467e-06,1,,2.1631956449996714e-06,,nan,0.0,nan
-96.7,,,,0.0,,,2.0958088077227544e-06,1,,2.1676354950983523e-06,,nan,0.0,nan
-96.6,,,,0.0,,,2.0965081767299054e-06,1,,2.172062543215336e-06,,nan,0.0,nan
-96.5,True,-8.24496470926896e-09,8.24496470926896e-09,1.1241818587137686e-10,2.100531897673158e-09,-7.245844666963352e-10,2.096873983392644e-06,7,True,2.176473833659376e-06,1.5266076671126403,4.6266729304022425,0.0,4.63
-96.4,True,-9.90149516924649e-09,9.901495169246488e-09,1.0593727561847288e-09,3.3402051492964073e-09,-5.059051954568901e-11,2.096871615009377e-06,3,True,2.180864156708928e-06,1.0153788589970865,4.419381454052738,0.0,4.42
-96.3,True,-1.1931097614802974e-08,1.1931097614802969e-08,2.760210504604288e-09,5.017316265768842e-09,2.0206081988626494e-09,2.09645427734495e-06,5,True,2.18523603212617e-06,0.7128971461661674,4.269097145973617,0.0,4.29
-96.2,True,-1.3738954496965695e-08,1.3738954496965687e-08,5.293512406190359e-09,6.542320734424742e-09,3.6941188711852772e-09,2.095571506821603e-06,3,True,2.1895918785874713e-06,0.6391207281523219,4.199276164740375,0.0,4.2
-96.1,True,-1.6091886403858096e-08,1.6091886403858082e-08,8.816654573085003e-09,8.512763201792772e-09,7.22187333896437e-09,2.094168931932039e-06,3,True,2.193924562798877e-06,0.5410206444707075,4.130421250127152,0.0,4.14
-96.0,True,-1.8716598708829297e-08,1.871659870882929e-08,1.3552987732090571e-08,1.079440874973746e-08,1.0733408133182013e-08,2.092188039815035e-06,3,True,2.1982332533698745e-06,0.5014167859399586,4.081287041800093,0.0,4.09
-95.9,True,-2.169196469670753e-08,2.169196469670752e-08,1.97689112302335e-08,1.3193340021073657e-08,1.6762100869794973e-08,2.0895659451625193e-06,2,True,2.2025202668363164e-06,0.4404321762159544,4.0451342084576885,0.0,4.04
-95.8,True,-2.5503189938767715e-08,2.550318993876774e-08,2.769636414656773e-08,1.648723436761819e-08,2.3435120475012596e-08,2.086235162790384e-06,2,True,2.2067841242701114e-06,0.4129825114928446,4.008012659858972,0.0,4.01
-95.7,True,-2.991497055189634e-08,2.991497055189634e-08,3.772180950933901e-08,2.0213636547652283e-08,3.251844920132926e-08,2.0820763907969386e-06,2,True,2.2110202513858646e-06,0.3833270818050789,3.980486523152551,0.0,3.98
-95.6,True,-3.551945358779722e-08,3.551945358779721e-08,5.0394610484616464e-08,2.4960460058877413e-08,4.516529528420754e-08,2.0770380691481627e-06,2,True,2.2152253015828016e-06,0.3559385554816522,3.952830747685762,0.0,3.95
-95.5,False,-4.25924102654952e-08,4.259241026549517e-08,6.636896771050615e-08,3.095541754682107e-08,6.228274328957072e-08,2.0709742143965038e-06,2,True,2.2194053534430047e-06,0.3320037339769025,3.9262828330566033,0.0,3.93
-95.4,False,-5.099404024571421e-08,5.0994040245714225e-08,8.650457061776251e-08,3.824334243510499e-08,8.18670108457567e-08,2.0637992779737324e-06,2,True,2.223552682145691e-06,0.31840171467715317,3.906818506903598,0.0,3.91
-95.3,False,-6.105700986773844e-08,6.105700986773842e-08,1.118979029435252e-07,4.70168184135339e-08,1.0676658241926057e-07,2.0553678238277584e-06,2,True,2.227664793907902e-06,0.30573402694257173,3.892713068821673,0.0,3.89
-95.2,False,-7.439417207910834e-08,7.439417207910827e-08,1.4392454711353864e-07,5.8557940565943245e-08,1.4254454191944427e-07,2.0455150865350546e-06,2,True,2.2317426927043194e-06,0.2911845733689447,3.8746823830216277,0.0,3.88
-95.1,False,-9.056960382730743e-08,9.056960382730736e-08,1.8435098975144726e-07,7.27066173305468e-08,1.8762034020558847e-07,2.03408368326663e-06,2,True,2.235785061088791e-06,0.2792896210929466,3.861758593415244,0.0,3.86
-95.0,False,-1.1176996703050458e-07,1.1176996703050457e-07,2.3543279842330733e-07,9.13001396490489e-08,2.472552249896973e-07,2.0208680521216493e-06,2,True,2.2397851954791825e-06,0.26967565481193967,3.8466376082571987,0.0,3.85
-94.9,False,-1.3778673971994994e-07,1.3778673971994986e-07,3.0007027940204267e-07,1.1442037950503912e-07,3.2370641247745975e-07,2.0056685001157426e-06,2,True,2.2437409790687646e-06,0.2611581432564153,3.836014772845302,0.0,3.84
-94.8,False,-1.7169043452219617e-07,1.7169043452219606e-07,3.8194120449697166e-07,1.445146152065251e-07,4.241587223514083e-07,1.988263283014824e-06,2,True,2.2476571530094525e-06,0.25412588504169625,3.8241287516838276,0.0,3.83
-94.7,False,-2.1474364134506598e-07,2.14743641345066e-07,4.858800159990295e-07,1.832098780803218e-07,5.538574351710007e-07,1.968352121350936e-06,2,True,2.2515226413832856e-06,0.2485660058267318,3.8139574375720837,0.0,3.8200000000000003
-94.6,False,-2.695110833985567e-07,2.695110833985563e-07,6.180255086030151e-07,2.3267947577669135e-07,7.280247158284027e-07,1.945673695213923e-06,2,True,2.2553328420382712e-06,0.24219679461160953,3.8053922175592265,0.0,3.81
-94.5,False,-3.406565650480604e-07,3.4065656504806035e-07,7.864283020353469e-07,2.9726101888941015e-07,9.555225700600042e-07,1.919831322583221e-06,2,True,2.259093406120627e-06,0.23728042218264814,3.7966495972478076,0.0,3.8000000000000003
-94.4,False,-4.334040855349248e-07,4.3340408553492486e-07,1.0014952843140357e-06,3.814803970948306e-07,1.2549138805259111e-06,1.8904931394225777e-06,2,True,2.2627946545950017e-06,0.2331225440665127,3.787866916394184,0.0,3.79
-94.3,False,-5.532161265585957e-07,5.532161265585949e-07,1.2768109033389763e-06,4.915051845349486e-07,1.6483844891549648e-06,1.8572295172325504e-06,2,True,2.266429855679597e-06,0.22968716124856237,3.7802280463398343,0.0,3.7800000000000002
-94.2,False,-7.110731012188153e-07,7.110731012188158e-07,1.6301781819993977e-06,6.352558920815669e-07,2.1879247711551587e-06,1.8195724635905464e-06,2,True,2.2700015567811427e-06,0.2250142544378501,3.7721912731266545,0.0,3.77
-94.1,False,-9.177592527403496e-07,9.177592527403479e-07,2.085054247091822e-06,8.249987278665675e-07,2.8906546778566844e-06,2.094072778846545e-06,2,True,2.2735024500231127e-06,0.22203328399678374,3.7647491074386696,3.7600000000000002,3.77
-94.0,False,-1.1901350584733783e-06,1.1901350584733772e-06,2.672382808266427e-06,1.0753640290347315e-06,3.836477741423476e-06,2.683714610596244e-06,2,True,2.683714610596244e-06,0.21893295413187033,3.7575955734714777,3.7600000000000002,3.7600000000000002
-93.9,False,-1.5508145354747575e-06,1.5508145354747568e-06,3.4329226717977335e-06,1.4078123908618803e-06,5.097260932397875e-06,3.4472458341761048e-06,2,True,3.4472458341761048e-06,0.2164176052909442,3.750632565450099,3.75,3.75
-93.8,False,-2.0304474010974892e-06,2.0304474010974913e-06,4.420933154558604e-06,1.8485423590610842e-06,6.800650498292695e-06,4.4390560562379555e-06,2,True,4.4390560562379555e-06,0.21372426185287371,3.7438616102277487,3.74,3.75
-93.7,False,-2.668429876245927e-06,2.6684298762459298e-06,5.709147806343129e-06,2.4369580536278995e-06,9.11283236550852e-06,5.731995098567921e-06,2,True,5.731995098567921e-06,0.21099586790684913,3.7375515709951572,3.74,3.74
-93.6,False,-3.5284989728776945e-06,3.5284989728777013e-06,7.3931859493336916e-06,3.225188812704884e-06,1.2235372774686706e-05,7.422535107215467e-06,2,True,7.422535107215467e-06,0.20860748133076176,3.7307942031266106,3.73,3.73
-93.5,False,-4.675751267099835e-06,4.6757512670998446e-06,9.60133902794258e-06,4.283491336878001e-06,1.6423016638014525e-05,9.63864664599301e-06,2,True,9.63864664599301e-06,0.20686691073511318,3.724957721945197,3.72,3.73
-93.4,False,-6.225961474943482e-06,6.225961474943468e-06,1.2504286887260463e-05,5.710202766999349e-06,2.2127134869117515e-05,1.255270602273928e-05,2,True,1.255270602273928e-05,0.20512747453229105,3.7189230542051135,3.72,3.72
-93.3,False,-8.306180995846965e-06,8.306180995846969e-06,1.6324696304081954e-05,7.631713415350462e-06,2.9799312842759474e-05,1.638803623266183e-05,2,True,1.638803623266183e-05,0.20388736773405855,3.713558699340389,3.71,3.71
-93.2,False,-1.1110370511497107e-05,1.1110370511497112e-05,2.1359387995356638e-05,1.0228062316529494e-05,4.0143649576069744e-05,2.144090445732605e-05,2,True,2.144090445732605e-05,0.20305171161022684,3.7083453547466454,3.71,3.71
-93.1,False,-1.487220771640595e-05,1.4872207716405922e-05,2.798066141063149e-05,1.3725680368920267e-05,5.3954043851804626e-05,2.8088073864285246e-05,2,True,2.8088073864285246e-05,0.2028034322976332,3.703599813094441,3.7,3.7
-93.0,False,-1.9887137575398527e-05,1.9887137575398503e-05,3.6670169278496534e-05,1.843177314075091e-05,7.228606704377309e-05,3.680886041795839e-05,2,True,3.680886041795839e-05,0.20317693965442618,3.6994373499506046,3.7,3.7
-92.9,False,-2.6517825293872867e-05,2.6517825293872898e-05,4.799951679501646e-05,2.471861284271601e-05,9.591845575135033e-05,4.8178166513035414e-05,2,True,4.8178166513035414e-05,0.2049006423215743,3.695909461809688,3.7,3.7
-92.8,False,-3.515956653354234e-05,3.515956653354236e-05,6.264485815093979e-05,3.305582066886319e-05,0.00012606095335819948,6.287894615586431e-05,2,True,6.287894615586431e-05,0.20774566899678998,3.6932316695886884,3.69,3.69
-92.7,False,-4.623143581235118e-05,4.6231435812351266e-05,8.135654579438656e-05,4.3966944772895156e-05,0.00016335393203249668,8.16541080312927e-05,2,True,8.16541080312927e-05,0.21207196038518633,3.691501412926135,3.69,3.69
-92.6,False,-6.010132092002749e-05,6.010132092002758e-05,0.00010488885348275412,5.7998402744918005e-05,0.00020776932339499834,0.00010526258190773907,2,True,0.00010526258190773907,0.2182296683924071,3.690905631602266,3.69,3.69
-92.5,False,-7.700575087908761e-05,7.700575087908754e-05,0.00013394574858432984,7.563669348931173e-05,0.0002589270144622667,0.00013440822869992264,1,True,0.00013440822869992264,0.22607560740048546,3.6916820824410967,3.69,3.69
-92.4,False,-9.705475528842646e-05,9.705475528842633e-05,0.00016909165111655966,9.72355441012846e-05,0.00031499341030971764,0.00016965413772712656,1,True,0.00016965413772712656,0.23587752160741823,3.6937718723844366,3.69,3.69
-92.3,False,-0.00012012374305735279,0.00012012374305735294,0.00021071697270780287,0.0001229156859831226,0.00037402573437453243,0.00021137614412980454,1,True,0.00021137614412980454,0.2473444171642175,3.6972064402999294,3.7,3.7
-92.2,False,-0.00014585028746867977,0.00014585028746867996,0.0002589178391112501,0.0001524832831100638,0.0004324125373764248,0.0002596909292109095,1,True,0.0002596909292109095,0.2607016117558088,3.7020205025335597,3.7,3.7
-92.1,False,-0.00017364059076913004,0.00017364059076913034,0.000313606584336934,0.00018537900838996098,0.0004882372311020776,0.00031448190244781626,1,True,0.00031448190244781626,0.2751997317192825,3.70825844316684,3.71,3.71
-92.0,False,-0.00020286621877885143,0.0002028662187788511,0.0003744446542141566,0.00022078593708943725,0.000538787592429803,0.00037542037853710575,1,True,0.00037542037853710575,0.2906709206009063,3.7157218211383265,3.72,3.72
-91.9,False,-0.0002327731159420219,0.0002327731159420216,0.00044101003375507375,0.00025779944454820734,0.0005824844644111648,0.00044209557100494123,1,True,0.00044209557100494123,0.30680040614781307,3.7243683436950894,3.72,3.73
-91.8,False,-0.00026306346987788374,0.00026306346987788347,0.000512876130479567,0.0002956067427052893,0.0006194687903229247,0.0005140599580290561,1,True,0.0005140599580290561,0.32304081142575475,3.733592292539755,3.73,3.73
-91.7,False,-0.0002933052461534628,0.00029330524615346236,0.0005896539019209501,0.00033360607411885376,0.0006498276905231624,0.0005909294036949841,1,True,0.0005909294036949841,0.3392257680315574,3.7433010683828805,3.74,3.74
-91.6,False,-0.0003234118226355135,0.0003234118226355136,0.0006710475871407051,0.0003714386110026617,0.0006745493632039873,0.0006724136042927098,1,True,0.0006724136042927098,0.3551079172629943,3.753147278493588,3.75,3.75
-91.5,False,-0.0003532724953111199,0.00035327249531111945,0.0007568324586486597,0.0004088664233826473,0.000694719810553802,0.0007582890869661796,1,True,0.0007582890869661796,0.37048887600222835,3.7630000065030114,3.7600000000000002,3.7600000000000002
-91.4,False,-0.00038279072355088694,0.0003827907235508867,0.0008468315124099957,0.00044569706998410835,0.0007116770599529409,0.0008483803078115915,1,True,0.0008483803078115915,0.38509334056771277,3.7728070409754517,3.77,3.77
-91.3,False,-0.00041185802147631674,0.0004118580214763173,0.0009409001732298417,0.0004817933412841889,0.0007252842417993144,0.000942544086034669,1,True,0.000942544086034669,0.399140327047942,3.7825770829465433,3.7800000000000002,3.7800000000000002
-91.2,True,-0.00044062250046206805,0.00044062250046206854,0.0010389155449155862,0.0005171734915147884,0.0007370033271218766,0.0010406587260962663,1,True,0.0010406587260962663,0.41236090783193907,3.7921124503961465,3.79,3.79
-91.1,True,-0.00046894019848262074,0.0004689401984826212,0.0011407694432508664,0.000551700768057655,0.000746765095454186,0.0011426171982381605,1,True,0.0011426171982381605,0.4248866170154992,3.8015196129097157,3.8000000000000003,3.8000000000000003
-91.0,True,-0.0004967562569776645,0.0004967562569776646,0.0012463642409634712,0.0005853054645206414,0.0007547842670059289,0.0012483233944131644,1,True,0.0012483233944131644,0.4367658752626122,3.8108234126294533,3.81,3.81
-90.9,True,-0.0005240262736793886,0.000524026273679389,0.001355609390499668,0.0006179062468375965,0.0007617758202285026,0.0013576882188261474,1,True,0.0013576882188261474,0.4478613309453077,3.820044015001946,3.8200000000000003,3.8200000000000003
-90.8,True,-0.0005509775225392446,0.0005509775225392451,0.0014684194101629577,0.0006496484143547702,0.0007673833588185016,0.001470627965137028,1,True,0.001470627965137028,0.45845719669359347,3.829024514868591,3.83,3.83
-90.7,True,-0.0005773278770620421,0.0005773278770620416,0.0015847124899669995,0.000680314106755412,0.0007714741271195063,0.001587062673995998,1,True,0.001587062673995998,0.46860422951604236,3.837962435935618,3.84,3.84
-90.6,True,-0.0006031862571606268,0.0006031862571606264,0.0017044088068303154,0.0007099691661615288,0.0007752744327892114,0.0017069144727009933,1,True,0.0017069144727009933,0.4780153011015102,3.8467771151110175,3.85,3.85
-90.5,True,-0.0006285385969200859,0.0006285385969200858,0.001827429675565595,0.000738610795303167,0.0007777172771979817,0.0018301073206047347,1,True,0.0018301073206047347,0.48710487439887945,3.8554825399124826,3.86,3.86
-90.4,True,-0.0006535035538906653,0.0006535035538906657,0.0019536968351794304,0.0007663389002681884,0.0007799878903765886,0.0019565955976537097,1,True,0.0019565955976537097,0.4955866411320763,3.8640076697546535,3.86,3.87
-90.3,True,-0.0006778155942875548,0.0006778155942875549,0.0020831772997486064,0.0007928948881076982,0.0007813677533642973,0.0020862908402568547,1,True,0.0020862908402568547,0.5036611218610328,3.872530320937639,3.87,3.87
-90.2,True,-0.000701726344745872,0.0007017263447458723,0.002215749336611117,0.0008185293884691749,0.0007821024976224787,0.0022191019765082642,1,True,0.0022191019765082642,0.5113789095304235,3.880895989546008,3.88,3.88
-90.1,True,-0.0007251119027819587,0.0007251119027819583,0.0023513286832946845,0.0008430827998699279,0.0007820662062028853,0.002354949579447929,1,True,0.002354949579447929,0.5187726151383774,3.88920982655255,3.89,3.89
-90.0,True,-0.0007480952814288165,0.0007480952814288161,0.0024898288196456564,0.0008666811923695088,0.0007817786603272736,0.002493751653543319,1,True,0.002493751653543319,0.5257520775842189,3.8974116736125723,3.9,3.9
-89.9,True,-0.0007705486921586354,0.0007705486921586357,0.002631159353109591,0.000889228173921086,0.0007808544051915618,0.0026354225573020917,1,True,0.0026354225573020917,0.5324456317564565,3.905561243864381,3.91,3.91
-89.8,True,-0.0007924791280759034,0.000792479128075904,0.0027752349906946527,0.0009107298321081774,0.0007795231390223911,0.002779917601683446,1,True,0.002779917601683446,0.5388127384855372,3.91366026638407,3.91,3.91
-89.7,True,-0.0008140016410776147,0.0008140016410776153,0.0029220008639211925,0.000931320817120358,0.0007778752019199624,0.002927118106497928,1,True,0.002927118106497928,0.5448882437973827,3.9216513407773483,3.92,3.92
-89.6,True,-0.0008350162510712216,0.0008350162510712212,0.0030712952946601035,0.0009508749057710366,0.0007755844254082975,0.003076904222893806,1,True,0.003076904222893806,0.5507658875008076,3.9296074984165004,3.93,3.93
-89.5,True,-0.0008556437859253452,0.0008556437859253449,0.003223002045134815,0.000969488507296372,0.0007730966745140731,0.003229167077148265,1,True,0.003229167077148265,0.5563507123876318,3.937505771131322,3.94,3.94
-89.4,True,-0.0008758675937412728,0.0008758675937412735,0.003376995831194496,0.0009872151113331155,0.000770448656686226,0.0033837904880519853,1,True,0.0033837904880519853,0.561663231213771,3.945319846628035,3.95,3.95
-89.3,True,-0.0008956035097460742,0.0008956035097460735,0.0035331698482976015,0.0010039574727600466,0.0007672780995303138,0.0035407144385425915,1,True,0.0035407144385425915,0.5668119410349483,3.9531000476645537,3.95,3.95
-89.2,True,-0.0009149453439002333,0.000914945343900234,0.003691398519244826,0.0010198338268760218,0.0007639871992057594,0.003699749356761317,1,True,0.003699749356761317,0.5717130877844392,3.9608041491106434,3.96,3.96
-89.1,True,-0.0009338397675245852,0.0009338397675245859,0.0038514742573299565,0.001034730668079601,0.0007601823540316205,0.0038607367132095782,1,True,0.0038607367132095782,0.5764795593618932,3.968507406954248,3.97,3.97
-89.0,True,-0.0009523631556997796,0.0009523631556997803,0.004013222974846631,0.0010487752161397147,0.0007564352425668549,0.004023515457890536,1,True,0.004023515457890536,0.580971161052967,3.9761601513149922,3.98,3.98
-88.9,True,-0.0009705081325091541,0.0009705081325091533,0.004176460708738339,0.001061995726451665,0.000752218212018976,0.00418795490384527,1,True,0.00418795490384527,0.5853751335120453,3.9837507358316877,3.98,3.98
-88.8,True,-0.0009882353360317383,0.0009882353360317385,0.00434105530952289,0.001074341971966401,0.0007480403846521425,0.004353860856229241,1,True,0.004353860856229241,0.5895261046972918,3.9913044659449364,3.99,3.99
-88.7,True,-0.0010056365624456834,0.0010056365624456839,0.004506702754753178,0.001085906207320754,0.0007434846894125407,0.004520985043682535,1,True,0.004520985043682535,0.5935889422319932,3.9988154192829963,4.0,4.0
-88.6,True,-0.0010226513223270265,0.0010226513223270252,0.0046731576491677584,0.0010966121207560595,0.0007387786007913303,0.004689100706352256,1,True,0.004689100706352256,0.5974815650323887,4.006323317481288,4.01,4.01
-88.5,True,-0.0010393037664747898,0.0010393037664747898,0.004840157055747862,0.0011065389615672382,0.0007338469214373453,0.004858003825260804,1,True,0.004858003825260804,0.6012537760617469,4.013786261612048,4.01,4.01
-88.4,True,-0.0010556098274669586,0.001055609827466958,0.005007494578416594,0.001115711756764492,0.0007288635473293078,0.005027430044191372,1,True,0.005027430044191372,0.6048610508274246,4.021202089242028,4.0200000000000005,4.0200000000000005
-88.3,True,-0.0010715929279435914,0.0010715929279435904,0.005174770246324789,0.0011241303321443143,0.000723649488492758,0.005197040644184803,1,True,0.005197040644184803,0.608368118100099,4.028604838231159,4.03,4.03
-88.2,True,-0.0010872615555983054,0.0010872615555983065,0.005341645642418624,0.0011318225441468328,0.0007182957227672665,0.005366519845441953,1,True,0.005366519845441953,0.6117568613787343,4.035991149661702,4.04,4.04
-88.1,True,-0.0011026078798316418,0.0011026078798316405,0.005507776142523679,0.0011388152735194073,0.0007127944471676346,0.005535586831118544,1,True,0.005535586831118544,0.6150406647772666,4.043336142058064,4.04,4.04
-88.0,True,-0.001117634568477566,0.001117634568477566,0.005672827822704396,0.0011451164631555322,0.000707233077593115,0.005703850379878028,1,True,0.005703850379878028,0.6181967484887981,4.050643457070396,4.05,4.05
-87.9,True,-0.0011323928522872072,0.001132392852287206,0.0058363108173141165,0.0011507568743437096,0.0007014992191806178,0.005870883861650911,1,True,0.005870883861650911,0.6212730941293003,4.057953130027441,4.0600000000000005,4.0600000000000005
-87.8,True,-0.00114683538933052,0.0011468353893305187,0.005997785679937806,0.0011557115094914863,0.0006956657763289858,0.006036269551934925,1,True,0.006036269551934925,0.6242441874721992,4.0652524333441695,4.07,4.07
-87.7,True,-0.001161007551926832,0.0011610075519268308,0.00615683879418194,0.0011600658796396776,0.0006898039559031366,0.006199653170901709,1,True,0.006199653170901709,0.6271067603517493,4.07250658516005,4.07,4.07
-87.6,True,-0.00117489665149621,0.0011748966514962104,0.006312988369475359,0.0011637999869558006,0.000683792154352939,0.006360489517094059,1,True,0.006360489517094059,0.629900918571468,4.079733735212624,4.08,4.08
-87.5,True,-0.0011885844914164127,0.0011885844914164116,0.006465687762143235,0.0011669979632144437,0.0006777508134945806,0.0065182848595323195,1,True,0.0065182848595323195,0.6326053595743983,4.08696542065957,4.09,4.09
-87.4,True,-0.0012019545976378802,0.0012019545976378792,0.006614427888063212,0.0011695460063825803,0.000671582881878801,0.006672566440434846,1,True,0.006672566440434846,0.6352330973889658,4.094188066507758,4.09,4.1
-87.3,True,-0.0012151142048924819,0.0012151142048924808,0.006758781140167591,0.0011716068774608416,0.0006653924792146691,0.0068228602034762775,1,True,0.0068228602034762775,0.6377829546882064,4.101356166660988,4.1,4.1
-87.2,True,-0.0012280395048894512,0.00122803950488945,0.006898159481220412,0.0011731257285408545,0.0006591510026759099,0.006968578342899379,1,True,0.006968578342899379,0.640255758616666,4.108528084261392,4.11,4.11
-87.1,True,-0.0012406936939188423,0.0012406936939188423,0.007032051618567292,0.0011740586971137855,0.0006527820284647994,0.0071092037591375945,1,True,0.0071092037591375945,0.6426716246660997,4.115721569963994,4.12,4.12
-87.0,True,-0.0012531644651948962,0.0012531644651948967,0.007160013855471159,0.0011745656813864293,0.0006464263579316672,0.0072443049659607905,1,True,0.0072443049659607905,0.6450141769023146,4.122861029851467,4.12,4.12
-86.9,True,-0.0012654014271645602,0.0012654014271645617,0.0072816313397575105,0.0011745738441036819,0.0006400954625723009,0.007373347766447824,1,True,0.007373347766447824,0.6472660554639597,4.129974341524259,4.13,4.13
-86.8,True,-0.0012774467867066592,0.0012774467867066597,0.007396443277118914,0.001174118093535665,0.0006336494005376569,0.007495858775058817,1,True,0.007495858775058817,0.6494851231615538,4.137128005731432,4.14,4.14
-86.7,True,-0.0012893068141418952,0.0012893068141418954,0.007504116242829095,0.0011732532705295282,0.0006272151749077278,0.007611462754060272,1,True,0.007611462754060272,0.6516377854345543,4.1442402881466505,4.14,4.15
-86.6,True,-0.0013009674560075454,0.001300967456007545,0.007604481462669288,0.0011719608513833463,0.0006206891784980473,0.0077198680829067,1,True,0.0077198680829067,0.6537588663978581,4.151321042481093,4.15,4.15
-86.5,True,-0.0013123861463959976,0.001312386146395998,0.0076973107103283644,0.0011701647362924446,0.0006142213115874481,0.007820745399071294,1,True,0.007820745399071294,0.6557800301581425,4.158440705270979,4.16,4.16
-86.4,True,-0.0013237148335565108,0.0013237148335565113,0.0077825526736035044,0.0011681132042205627,0.0006077854246662029,0.007913940459703894,1,True,0.007913940459703894,0.6577589425545097,4.1655234055697745,4.17,4.17
-86.3,True,-0.0013348498057872283,0.001334849805787227,0.007860341197473752,0.0011656597135308762,0.0006012656406244922,0.007999500497457124,1,True,0.007999500497457124,0.6597107856251736,4.172582561715792,4.17,4.17
-86.2,True,-0.0013457975518282154,0.0013457975518282165,0.007930909243079709,0.0011628191725160052,0.0005948083801031727,0.008077459851522861,1,True,0.008077459851522861,0.6615845153219165,4.179629641364739,4.18,4.18
-86.1,True,-0.0013565677245620871,0.0013565677245620856,0.007994521250982323,0.0011595964843455924,0.0005883140629120609,0.00814803261996,1,True,0.00814803261996,0.6634186664557384,4.186727477757278,4.19,4.19
-86.0,True,-0.0013672244871389028,0.0013672244871389032,0.00805155635247895,0.0011561194258303826,0.0005818891872701659,0.008211590057522422,1,True,0.008211590057522422,0.665197753978851,4.193773658658573,4.19,4.19
-85.9,True,-0.0013776845754316948,0.0013776845754316944,0.008102484526194609,0.0011522559798216527,0.0005754091450275917,0.008268529737206431,1,True,0.008268529737206431,0.6669440525531233,4.200811553541585,4.2,4.2
-85.8,True,-0.0013880702009868768,0.001388070200986877,0.00814755572550685,0.0011482004314762701,0.0005690194376372908,0.0083191765233665,1,True,0.0083191765233665,0.6686391487357866,4.207847352873686,4.21,4.21
-85.7,True,-0.0013982534368564463,0.0013982534368564455,0.008187060353066045,0.0011437612046613487,0.0005626414296392788,0.008363877076946358,1,True,0.008363877076946358,0.6702762769292849,4.214907226360334,4.21,4.22
-85.6,True,-0.001408363408636159,0.0014083634086361585,0.008221292087109144,0.0011391513995436201,0.0005563204721917301,0.008403004384436974,1,True,0.008403004384436974,0.671878677867817,4.221906767987622,4.22,4.22
-85.5,True,-0.0014182324974224842,0.0014182324974224849,0.00825040199235233,0.0011341031908046729,0.0005499801980980215,0.00843669238997008,1,True,0.00843669238997008,0.6734246049084455,4.228964034663146,4.23,4.23
-85.4,True,-0.0014280813969070108,0.0014280813969070106,0.00827449496798427,0.001128977479066119,0.0005436774879153689,0.008465115511092358,1,True,0.008465115511092358,0.6749613646282939,4.235995586485354,4.24,4.24
-85.3,True,-0.001437789005436596,0.0014377890054365972,0.008293705457297351,0.0011235933227471905,0.0005374793905823035,0.008488468034193564,1,True,0.008488468034193564,0.6764263320508307,4.243008990926124,4.24,4.24
-85.2,True,-0.001447360501418212,0.0014473605014182112,0.008308158491993012,0.0011179539019661548,0.0005312516632031456,0.008506820195168352,1,True,0.008506820195168352,0.6778741992975208,4.250004689180014,4.25,4.25
-85.1,True,-0.0014568995962128215,0.001456899596212821,0.008317862065028547,0.001112242719755455,0.0005251186145622045,0.008520224023876921,1,True,0.008520224023876921,0.6792897184291712,4.25701766040076,4.26,4.26
-85.0,True,-0.0014662700242200936,0.0014662700242200927,0.00832288637981421,0.0011062330544196535,0.0005189271205878483,0.008528781176965095,1,True,0.008528781176965095,0.6806917074586492,4.26403471320733,4.26,4.2700000000000005
-84.9,True,-0.0014754903461397337,0.0014754903461397333,0.008323388215692618,0.0010999707334901538,0.0005128883820271566,0.008532591688257707,1,True,0.008532591688257707,0.6820005063724043,4.271049947860503,4.2700000000000005,4.2700000000000005
-84.8,True,-0.0014846813483918066,0.0014846813483918079,0.008319366049541699,0.001093654061079165,0.0005068538753750245,0.008531670063592067,1,True,0.008531670063592067,0.6833168622094291,4.278056750771132,4.28,4.28
-84.7,True,-0.0014937142652860303,0.0014937142652860307,0.008310905600777407,0.0010870764647308376,0.0005008544332234443,0.008526095412760226,1,True,0.008526095412760226,0.6845867576046974,4.285101019725586,4.29,4.29
-84.6,True,-0.0015026970335101882,0.0015026970335101895,0.008298166599037038,0.0010804211162961201,0.0004949553826796818,0.008516053653953137,1,True,0.008516053653953137,0.6858177184936638,4.292095511199768,4.29,4.29
-84.5,True,-0.001511505669601763,0.0015115056696017625,0.008281260821247971,0.0010734857245470267,0.0004891463437931354,0.008501576692365176,1,True,0.008501576692365176,0.6869727982014923,4.299138702429444,4.3,4.3
-84.4,True,-0.001520299734509309,0.001520299734509309,0.008260304738572866,0.0010665516621956319,0.0004832806390252255,0.008482802061572314,1,True,0.008482802061572314,0.6881723018390258,4.306176259006239,4.3100000000000005,4.3100000000000005
-84.3,True,-0.0015289872186669048,0.001528987218666904,0.00823549833779419,0.001059463515368427,0.00047758780549195636,0.008459951996242943,1,True,0.008459951996242943,0.6892831104529283,4.313202356311139,4.3100000000000005,4.3100000000000005
-84.2,True,-0.001537572028915589,0.0015375720289155879,0.008207095825934096,0.0010522013246999523,0.0004718138285936728,0.00843320613933679,1,True,0.00843320613933679,0.6904139518731081,4.320217625791563,4.32,4.32
-84.1,True,-0.0015460840033972268,0.0015460840033972277,0.008175271314474764,0.001044887565636346,0.00046618483221103155,0.008402763598400309,1,True,0.008402763598400309,0.69148742781938,4.327285223205866,4.33,4.33
-84.0,True,-0.0015545017391275315,0.0015545017391275324,0.008140293558480727,0.0010374473743967026,0.00046059667072791675,0.008368908579276857,1,True,0.008368908579276857,0.6925346272514967,4.334347725829365,4.33,4.34
-83.9,True,-0.001562831998335415,0.0015628319983354145,0.00810252652019533,0.0010298795488479606,0.00045507026991832003,0.008331981748307793,1,True,0.008331981748307793,0.6935450180421588,4.341397022208843,4.34,4.34
-83.8,True,-0.001571105003186657,0.0015711050031866564,0.008062226822625529,0.0010222938452985157,0.0004495671641116484,0.008292238151934583,1,True,0.008292238151934583,0.6945586837089947,4.3484578045189455,4.3500000000000005,4.3500000000000005
-83.7,True,-0.001579274005399386,0.001579274005399385,0.008019708948239668,0.0010145624887940104,0.00044411794174551247,0.008250022004972768,1,True,0.008250022004972768,0.6955344485006587,4.355562592185891,4.36,4.36
-83.6,True,-0.001587374432601315,0.001587374432601315,0.007975334988918281,0.0010067939836684696,0.0004386896903620862,0.008205745068150916,1,True,0.008205745068150916,0.6965101036811759,4.362643207365149,4.36,4.36
-83.5,True,-0.0015953746516556046,0.001595374651655604,0.0079294302444608,0.0009988725810431776,0.00043334991209293804,0.008159696497420765,1,True,0.008159696497420765,0.697428357556347,4.369741767651231,4.37,4.37
-83.4,True,-0.0016033203533538617,0.0016033203533538628,0.007882248150932247,0.0009909801619708218,0.0004280980196137206,0.008112190020330201,1,True,0.008112190020330201,0.6983266847667925,4.3768829359329215,4.38,4.38
-83.3,True,-0.0016111826588857945,0.0016111826588857947,0.00783405255777131,0.0009829674726606178,0.0004228453618464053,0.008063546086301443,1,True,0.008063546086301443,0.6992164593555694,4.384029861588843,4.38,4.39
-83.2,True,-0.0016189582482298434,0.0016189582482298431,0.007785143766723623,0.0009749088336409406,0.0004176745950950388,0.008014045078157839,1,True,0.008014045078157839,0.7000721202936087,4.391169457318394,4.39,4.39
-83.1,True,-0.001626662684739371,0.001626662684739372,0.007735646069038038,0.0009668212645934421,0.0004124286625048347,0.00796385746976852,1,True,0.00796385746976852,0.7009761215847811,4.398348260837866,4.4,4.4
-83.0,True,-0.0016342932220356448,0.0016342932220356444,0.007685711447979082,0.0009586939543236382,0.0004073200534523247,0.007913161267588287,1,True,0.007913161267588287,0.7018185383651436,4.405555462600353,4.41,4.41
-82.9,True,-0.0016418429183053167,0.0016418429183053167,0.007635491618685819,0.0009504877411702394,0.0004022538710532692,0.007862153870147492,1,True,0.007862153870147492,0.7026380593171209,4.412766397285468,4.41,4.41
-82.8,True,-0.0016493584078387526,0.0016493584078387524,0.007585092534792615,0.0009422774961359531,0.0003972401076749292,0.0078108992007429046,1,True,0.0078108992007429046,0.7034453996387995,4.4199681571854645,4.42,4.42
-82.7,True,-0.001656780447290582,0.0016567804472905822,0.007534545988818309,0.0009340472022154034,0.0003923785550702776,0.007759468221068266,1,True,0.007759468221068266,0.7041835527431118,4.427245652836962,4.43,4.43
-82.6,True,-0.0016640675916991014,0.001664067591699102,0.007483907496640019,0.0009257387945759922,0.00038741281172055705,0.007707935628433582,1,True,0.007707935628433582,0.7049748027090579,4.434552449325314,4.43,4.44
-82.5,True,-0.00167133323545537,0.001671333235455371,0.00743326914048803,0.0009174404931069316,0.00038249435974999383,0.007656390211388309,1,True,0.007656390211388309,0.7057588240600144,4.441847834061982,4.44,4.44
-82.4,True,-0.0016785332188009293,0.0016785332188009297,0.007382624604893195,0.0009091361028273248,0.00037760628509018383,0.0076048124027331965,1,True,0.0076048124027331965,0.7065408829025133,4.449169781578419,4.45,4.45
-82.3,True,-0.0016856751123947495,0.00168567511239475,0.007331983160694,0.0009008347342269348,0.000372924797203786,0.007553229235647774,1,True,0.007553229235647774,0.7072251174561128,4.4565400144651415,4.46,4.46
-82.2,True,-0.0016927483802960971,0.0016927483802960978,0.007281363734733759,0.0008925401800938188,0.0003681085546301632,0.007501687074760011,1,True,0.007501687074760011,0.708000694808328,4.463919835444514,4.46,4.46
-82.1,True,-0.0016996570611304527,0.0016996570611304532,0.0072308376415461395,0.0008841458797878598,0.0003632327500460871,0.007450208254029367,1,True,0.007450208254029367,0.7088031321376403,4.47135682450529,4.47,4.47
-82.0,True,-0.0017065967796308869,0.0017065967796308864,0.007180352930039213,0.0008758316402570671,0.0003586687318021483,0.007398765753285741,1,True,0.007398765753285741,0.7094624352329122,4.478791238899167,4.48,4.48
-81.9,True,-0.0017134800023161142,0.0017134800023161144,0.007129920279593027,0.0008675789883764084,0.00035393938607527326,0.007347373246500144,1,True,0.007347373246500144,0.7102463675717113,4.4862663410449155,4.49,4.49
-81.8,True,-0.0017201790711038035,0.001720179071103804,0.007079546614110421,0.0008591680724117435,0.00034945290811296513,0.0072960605016282876,1,True,0.0072960605016282876,0.7108664223574422,4.493815786699132,4.49,4.49
-81.7,True,-0.0017269282835094657,0.0017269282835094652,0.007029286182702488,0.0008509391042028378,0.00034467522664265453,0.007244835576947772,1,True,0.007244835576947772,0.7117170497622645,4.5013250697196545,4.5,4.5
-81.6,True,-0.0017334874592669438,0.0017334874592669434,0.00697908942832598,0.0008425543601550043,0.0003402636513504594,0.007193671519734657,1,True,0.007193671519734657,0.7123279760363307,4.508943694803139,4.51,4.51
-81.5,True,-0.0017401198300090897,0.0017401198300090895,0.006928959563142878,0.0008344181388709915,0.0003355154362296355,0.007142574037231175,1,True,0.007142574037231175,0.7132183883168088,4.516542369864598,4.5200000000000005,4.5200000000000005
-81.4,True,-0.0017465429482217043,0.0017465429482217039,0.00687889830293581,0.0008260848015004658,0.0003311761888268759,0.00709155948856971,1,True,0.00709155948856971,0.7138275707943809,4.524239136806876,4.5200000000000005,4.53
-81.3,True,-0.0017528936638835377,0.0017528936638835373,0.006828953642959545,0.0008177884544456888,0.00032671693128194946,0.007040651149592181,1,True,0.007040651149592181,0.7145343872067201,4.53196535747756,4.53,4.53
-81.2,True,-0.0017593351863970344,0.0017593351863970353,0.006779086934877554,0.0008097268996172266,0.00032203509223815616,0.006989810434725574,1,True,0.006989810434725574,0.7154568764849403,4.5396410022089775,4.54,4.54
-81.1,True,-0.0017655582491649805,0.0017655582491649812,0.006729292709590884,0.0008015102588192309,0.0003177951715655986,0.006939043705562586,1,True,0.006939043705562586,0.7160782366111302,4.547471537781033,4.55,4.55
-81.0,True,-0.001771710488807702,0.001771710488807701,0.006679575221955836,0.0007933452516750586,0.0003134070114562751,0.006888353430219596,1,True,0.006888353430219596,0.7168227959439154,4.555335063965254,4.5600000000000005,4.5600000000000005
-80.9,True,-0.0017778503909957023,0.0017778503909957027,0.006629952075211443,0.0007852722403399572,0.0003090595069487382,0.006837777727831507,1,True,0.006837777727831507,0.7175815215866115,4.5632001501313475,4.5600000000000005,4.5600000000000005
-80.8,True,-0.001783992461253754,0.0017839924612537545,0.0065804332635986396,0.0007773417419299703,0.0003044584017384152,0.006787281191312,1,True,0.006787281191312,0.7185631712841187,4.571058935098601,4.57,4.57
-80.7,True,-0.001789945495317408,0.0017899454953174073,0.006530992926017998,0.0007692855910297715,0.00030033396437079835,0.00673686171632748,1,True,0.00673686171632748,0.7192142170041721,4.579045851352001,4.58,4.58
-80.6,True,-0.0017958335540265023,0.001795833554026502,0.0064816314650241735,0.0007613247935734941,0.0002960397976063292,0.006686523513837528,1,True,0.006686523513837528,0.7200210787501371,4.587091744196127,4.59,4.59
-80.5,True,-0.001801653184931562,0.0018016531849315628,0.006432353044552697,0.0007534096236470095,0.00029177073406449756,0.006636266539821856,1,True,0.006636266539821856,0.7208417361541799,4.595177274614702,4.6000000000000005,4.6000000000000005
-80.4,True,-0.0018074049018533959,0.0018074049018533952,0.00638317124975174,0.0007455442016392417,0.00028752608978828637,0.006586124860438969,1,True,0.006586124860438969,0.7216780966656451,4.603304040589612,4.6000000000000005,4.6000000000000005
-80.3,True,-0.0018130891511531492,0.0018130891511531494,0.006334095966779696,0.0007377325113811955,0.0002833052114853756,0.006536068184378296,1,True,0.006536068184378296,0.72253208168451,4.6114736268335905,4.61,4.61
-80.2,True,-0.0018187071703258447,0.0018187071703258445,0.006285103240023959,0.0007299861707321517,0.0002791057112247221,0.00648609628662844,1,True,0.00648609628662844,0.7234090213039188,4.6196935108615325,4.62,4.62
-80.1,True,-0.0018242619714875258,0.0018242619714875252,0.006236196045434073,0.0007223361254620505,0.0002749209402650682,0.006436208116184561,1,True,0.006436208116184561,0.7243228955569062,4.627986108469149,4.63,4.63
-80.0,True,-0.0018297494882170006,0.0018297494882170014,0.006187376863328542,0.0007147483377034159,0.00027075890975781125,0.00638640577759042,1,True,0.00638640577759042,0.7252593418715941,4.6363247009140665,4.64,4.64
-79.9,True,-0.0018351699854833874,0.001835169985483388,0.006138646512870216,0.0007072261783951778,0.00026661905200805417,0.006336696868640301,1,True,0.006336696868640301,0.7262203030992332,4.64471081481583,4.64,4.65
-79.8,True,-0.001840523661761572,0.0018405236617615715,0.0060900232524287445,0.0006997729335666762,0.00026250083548530847,0.0062871003432330985,1,True,0.0062871003432330985,0.7272077407410578,4.653145941738062,4.65,4.65
-79.7,True,-0.0018458106526472477,0.0018458106526472475,0.006041500942382594,0.0006923917384627069,0.0002584037631274672,0.006237593606923886,1,True,0.006237593606923886,0.7282236162294674,4.6616315376287565,4.66,4.66
-79.6,True,-0.0018510310415388413,0.0018510310415388418,0.005993070024503222,0.0006850854605226914,0.0002543273639555486,0.00618817836728891,1,True,0.00618817836728891,0.7292698616321267,4.67016903281607,4.67,4.67
-79.5,True,-0.001856186910472674,0.0018561869104726746,0.00594473225352099,0.000677879554280648,0.0002503142788931696,0.006138856226044376,1,True,0.006138856226044376,0.7303211140314755,4.67878221910407,4.68,4.68
-79.4,True,-0.0018612759369758165,0.0018612759369758156,0.00589648972709772,0.0006707203925451688,0.0002466291946015824,0.006089628679766257,1,True,0.006089628679766257,0.7311502636975314,4.687451755843591,4.69,4.69
-79.3,True,-0.0018660293137289768,0.001866029313728976,0.005848343974122372,0.0006634722785891075,0.00024222963498637452,0.006040495878754271,1,True,0.006040495878754271,0.7325503773861831,4.696358414003412,4.7,4.7
-79.2,True,-0.0018709784930176414,0.001870978493017641,0.005800294756922231,0.0006565154264522295,0.00023822386946249882,0.005991454554956477,1,True,0.005991454554956477,0.7337505231409861,4.705144820703324,4.71,4.71
-79.1,True,-0.001875860307607711,0.0018758603076077115,0.005752345233128675,0.0006496437762609703,0.00023423736691276687,0.005942532445236515,1,True,0.005942532445236515,0.7349899715343008,4.713988580025199,4.71,4.71
-79.0,True,-0.001880674607496947,0.0018806746074969474,0.005704513943883993,0.0006428593481511984,0.0002302697931631135,0.005893713413176183,1,True,0.005893713413176183,0.7362706359605741,4.722890974042971,4.72,4.72
-78.9,True,-0.0018854211849315082,0.0018854211849315076,0.005656784142641702,0.0006361141570070522,0.0002267494937968689,0.005844993970843093,1,True,0.005844993970843093,0.7372128335854584,4.731853215905862,4.73,4.73
-78.8,True,-0.0018898096239984734,0.0018898096239984739,0.0056091530309691495,0.0006293015458371431,0.00022240823415732862,0.005796372236182068,1,True,0.005796372236182068,0.7388685214360551,4.741085757847535,4.74,4.74
-78.7,True,-0.0018944146709737526,0.0018944146709737523,0.005561628425976017,0.0006227880855872842,0.0002184928909945928,0.005747855105319555,1,True,0.005747855105319555,0.7402854728959533,4.750178178092374,4.75,4.75
-78.6,True,-0.0018989514749223088,0.0018989514749223092,0.005514208547075683,0.0006163813930664967,0.0002145927889536342,0.005699441442229669,1,True,0.005699441442229669,0.741757573704696,4.759345294402153,4.76,4.76
-78.5,True,-0.001903118052485432,0.0019031180524854319,0.005466894158241142,0.0006098117728762264,0.00021072261185242397,0.005651141798665493,1,True,0.005651141798665493,0.7431885661658046,4.768798611450325,4.7700000000000005,4.7700000000000005
-78.4,True,-0.0019075110336576736,0.0019075110336576732,0.005419689718916154,0.0006035947206051932,0.00020685500383759835,0.005602936906370093,1,True,0.005602936906370093,0.7447651623549908,4.778103223430418,4.78,4.78
-78.3,True,-0.001911834227643083,0.001911834227643083,0.005372592384733588,0.0005974731256274816,0.0002030051550839637,0.00555485162445174,1,True,0.00555485162445174,0.7463951740157925,4.787473292601331,4.79,4.79
-78.2,True,-0.0019157751454522622,0.001915775145452262,0.005325609680746579,0.0005911916991146009,0.0001991791568688448,0.005506873261957201,1,True,0.005506873261957201,0.7479927867266697,4.7971445645688275,4.8,4.8
-78.1,True,-0.0019199522399175506,0.00191995223991755,0.00527873542512225,0.0005852623598359334,0.00019536161346363212,0.005459006003344424,1,True,0.005459006003344424,0.7497365951523732,4.806655678717293,4.8100000000000005,4.8100000000000005
-78.0,True,-0.001924058353866962,0.0019240583538669622,0.0052319785291543575,0.0005794304228633311,0.0001915614692261198,0.005411251330293743,1,True,0.005411251330293743,0.7515389316131813,4.816235280387175,4.82,4.82
-77.9,True,-0.0019277700266792258,0.0019277700266792262,0.00518533582461278,0.0005734436510188908,0.00018777865231409444,0.005363616798039983,1,True,0.005363616798039983,0.7533195605384758,4.826134325854787,4.83,4.83
-77.8,True,-0.0019317274283348607,0.0019317274283348605,0.0051388073089190245,0.0005678071475636506,0.00018401038754233467,0.00531609137661504,1,True,0.00531609137661504,0.7552459487176043,4.835860792771979,4.84,4.84
-77.7,True,-0.0019352838654433664,0.0019352838654433662,0.0050924023041458155,0.000562055019237441,0.0001799814858612636,0.005268692607763081,1,True,0.005268692607763081,0.7574492836611553,4.845916724420544,4.8500000000000005,4.8500000000000005
-77.6,True,-0.001939090619605751,0.0019390906196057505,0.005046110037271401,0.0005565799830548567,0.00017651961924511784,0.005221403024157911,1,True,0.005221403024157911,0.7592146842102796,4.855793511866809,4.86,4.86
-77.5,True,-0.0019428240147037793,0.0019428240147037793,0.004999944272539525,0.000551285594277869,0.0001724061537085517,0.0051742376079668695,1,True,0.0051742376079668695,0.7617685234241655,4.865742972731403,4.87,4.87
-77.4,True,-0.0019461439923618375,0.0019461439923618372,0.004953898644306398,0.0005457483623381328,0.00016908937333438,0.0051271942220717515,1,True,0.0051271942220717515,0.7634576843158647,4.876040331582044,4.88,4.88
-77.3,True,-0.0019497237685641435,0.001949723768564143,0.004907973481106276,0.0005406197254697526,0.00016524791720325788,0.005080275346724394,1,True,0.005080275346724394,0.7658939052971888,4.886144904622989,4.89,4.89
-77.2,True,-0.0019528833944267164,0.0019528833944267164,0.004862177253084021,0.0005353096117552952,0.00016172028684336868,0.005033474437234398,1,True,0.005033474437234398,0.7679865854126237,4.896607313739521,4.9,4.9
-77.1,True,-0.0019563074063258263,0.001956307406325826,0.0048165057432175695,0.0005303707613914122,0.00015793873966439358,0.004986806363883101,1,True,0.004986806363883101,0.7705411018994659,4.906869569812109,4.91,4.91
-77.0,True,-0.0019593045201433696,0.001959304520143369,0.004770957782922469,0.0005252599439940296,0.00015441338392375775,0.0049402631470497615,1,True,0.0049402631470497615,0.7728123532568054,4.917499679561607,4.92,4.92
-76.9,True,-0.0019625707148456534,0.001962570714845653,0.004725541647915887,0.0005205058999096311,0.0001507065425403293,0.0048938437773471954,1,True,0.0048938437773471954,0.7754711727478671,4.927922208719226,4.93,4.93
-76.8,True,-0.0019654032207643882,0.001965403220764388,0.004680256084443779,0.0005155922632011582,0.00014716982016269812,0.004847555948062521,1,True,0.004847555948062521,0.7779447197465853,4.9387226393970405,4.94,4.94
-76.7,True,-0.001968509452888409,0.001968509452888409,0.004635098046406938,0.0005110666611451134,0.00014316689438716146,0.004801402053725035,1,True,0.004801402053725035,0.7811685243342754,4.949307419353021,4.95,4.95
-76.6,True,-0.0019711746648440782,0.0019711746648440782,0.0045900701460394044,0.0005063023695664147,0.00013999065140116022,0.0047553743343572985,1,True,0.0047553743343572985,0.7833944559828634,4.960284034073331,4.96,4.96
-76.5,True,-0.001974117541498393,0.0019741175414983926,0.004545180812690619,0.0005019672561387886,0.00013601578596201787,0.0047094806392039,1,True,0.0047094806392039,0.78680344619485,4.971043540525043,4.97,4.97
-76.4,True,-0.0019766121972533313,0.0019766121972533317,0.004500422511791224,0.0004973937187555601,0.00013287505194510985,0.004663718408519368,1,True,0.004663718408519368,0.789177160408261,4.982206410180716,4.98,4.98
-76.3,True,-0.00197939055783253,0.00197939055783253,0.004455799500153568,0.0004932368533311911,0.00012893065507936746,0.0046181024563292095,1,True,0.0046181024563292095,0.7927717964431402,4.993133642748467,4.99,4.99
-76.2,True,-0.0019817136529770517,0.001981713652977052,0.004411310160771176,0.0004888404850715363,0.0001258280653698852,0.0045726067347764965,1,True,0.0045726067347764965,0.7952911934740726,5.004474014386532,5.0,5.01
-76.1,True,-0.001983950032754999,0.001983950032754999,0.004366978478510031,0.0004846565066776564,0.00012182761111584643,0.004527266351262216,1,True,0.004527266351262216,0.7991248121070722,5.01590426081275,5.0200000000000005,5.0200000000000005
-76.0,True,-0.0019864751464581556,0.001986475146458156,0.004322783848072664,0.00048068691256414765,0.00011842262802332169,0.004482060838768009,1,True,0.004482060838768009,0.8023355997515915,5.027089491393177,5.03,5.03
-75.9,True,-0.0019885370765022874,0.0019885370765022874,0.0042787285805678255,0.00047660623836651,0.00011494779431348262,0.00443700668703112,1,True,0.00443700668703112,0.8056850465667186,5.038699212234144,5.04,5.04
-75.8,True,-0.0019908927996355246,0.0019908927996355246,0.004234812462259097,0.00047280786159317745,0.00011151485298385006,0.004392092774247736,1,True,0.004392092774247736,0.8091553687681436,5.050055325698582,5.05,5.05
-75.7,True,-0.0019927743717117756,0.001992774371711776,0.004191035779004149,0.0004688409872379089,0.00010850646000437072,0.004347312343773613,1,True,0.004347312343773613,0.8120603797199492,5.0618690627749245,5.0600000000000005,5.0600000000000005
-75.6,True,-0.0019945665630454424,0.001994566563045443,0.004147408801538244,0.00046508358125723357,0.00010458929849604449,0.004302681543297826,1,True,0.004302681543297826,0.816404638147174,5.073774692946226,5.07,5.07
-75.5,True,-0.0019966586232576114,0.0019966586232576114,0.004103935960283855,0.0004615153555953594,0.0001012745398333197,0.004258189467843954,1,True,0.004258189467843954,0.8200491148545257,5.085411841250004,5.09,5.09
-75.4,True,-0.001998271344714818,0.0019982713447148177,0.0040606162525436695,0.000457830980797834,9.79552232563824e-05,0.004213867073507738,1,True,0.004213867073507738,0.8237537698096101,5.097500352975709,5.1000000000000005,5.1000000000000005
-75.3,True,-0.0020001632663418007,0.002000163266341801,0.004017442339121879,0.0004544121382037288,9.454985754754814e-05,0.004169696185004845,1,True,0.004169696185004845,0.8277661144499578,5.109335623629792,5.11,5.11
-75.2,True,-0.0020016174952499372,0.0020016174952499377,0.003974411043900117,0.00045088772299725806,9.128002528309745e-05,0.0041256595427755505,1,True,0.0041256595427755505,0.8316387767944167,5.121602902703639,5.12,5.12
-75.1,True,-0.002002951959596248,0.0020029519595962477,0.003931530988198373,0.0004474581846697816,8.782609301343598e-05,0.0040817767441584385,1,True,0.0040817767441584385,0.8359262607271801,5.13399665537987,5.13,5.13
-75.0,True,-0.002004598783327423,0.0020045987833274236,0.0038888208089531417,0.000444244743518179,8.461028143885978e-05,0.004038055325456424,1,True,0.004038055325456424,0.840012333350273,5.146097409991642,5.15,5.15
-74.9,True,-0.0020057497723015866,0.0020057497723015866,0.0038462643210550596,0.0004409215066446214,8.132582131835679e-05,0.0039944875041474925,1,True,0.0039944875041474925,0.8442771902049407,5.158676464955554,5.16,5.16
-74.8,True,-0.00200680464393494,0.0020068046439349406,0.0038038616930681224,0.0004376825029289782,7.80076398261189e-05,0.0039510760560289016,1,True,0.0039510760560289016,0.8487315669650778,5.17136503845999,5.17,5.17
-74.7,True,-0.002008175630763541,0.002008175630763541,0.0037616085396749988,0.0004346626472671209,7.485454755800855e-05,0.003907822605812017,1,True,0.003907822605812017,0.8530872984891134,5.183761248586487,5.18,5.18
-74.6,True,-0.0020090412817716837,0.002009041281771684,0.003719526007738616,0.00043153398716939766,7.163393535523097e-05,0.0038647286523066926,1,True,0.0038647286523066926,0.8576341373356831,5.196652711424761,5.2,5.2
-74.5,True,-0.002009813459496673,0.002009813459496673,0.0036776052259752667,0.0004284758164641734,6.838432202309168e-05,0.0038218056300267644,1,True,0.0038218056300267644,0.8623670592064523,5.209637982906163,5.21,5.21
-74.4,True,-0.002010905852128618,0.0020109058521286184,0.0036358371891134778,0.0004256292384440723,6.529785201830158e-05,0.0037790382289841773,1,True,0.0037790382289841773,0.8669907338851446,5.2223297797024815,5.22,5.22
-74.3,True,-0.002011482309496954,0.002011482309496954,0.0035942327114665273,0.00042267510729856236,6.214486409330871e-05,0.003736419585844808,1,True,0.003736419585844808,0.8718186795917321,5.235538346810725,5.24,5.24
-74.2,True,-0.0020119645334064516,0.002011964533406451,0.003552807005775094,0.000419785707005493,5.8966212650235234e-05,0.0036939872276329777,1,True,0.0036939872276329777,0.8768334700513828,5.248841336976672,5.25,5.25
-74.1,True,-0.0020124391466760073,0.002012439146676007,0.0035115402040523658,0.00041697141390551634,5.588043715971805e-05,0.003651716016841333,1,True,0.003651716016841333,0.8818225263709313,5.262169718298319,5.26,5.26
-74.0,True,-0.002013060603628614,0.002013060603628614,0.003470436639309571,0.00041429285966602405,5.286859514980029e-05,0.003609594173151598,1,True,0.003609594173151598,0.8868301427594376,5.275357399993873,5.28,5.28
-73.9,True,-0.0020132499229678284,0.002013249922967828,0.0034295125907239377,0.0004116196451529701,4.930873529944467e-05,0.0035676612444009437,1,True,0.0035676612444009437,0.8930230001219567,5.288981945503146,5.29,5.29
-73.8,True,-0.0020133364841059143,0.0020133364841059148,0.003388750629320425,0.0004088477017001838,4.6733214091566715e-05,0.003525893571257044,1,True,0.003525893571257044,0.8974206063694538,5.302731292295289,5.3,5.3
-73.7,True,-0.002013765724856224,0.0020137657248562235,0.0033481623757800616,0.00040633348481928806,4.3815347913297564e-05,0.0034842980738984952,1,True,0.0034842980738984952,0.902664752794491,5.316131806225185,5.32,5.32
-73.6,True,-0.0020136596742155906,0.0020136596742155906,0.003307747654025195,0.00040370860581677415,4.0835102049912274e-05,0.0034428774517987204,1,True,0.0034428774517987204,0.9081415363050009,5.3300820260380375,5.33,5.33
-73.5,True,-0.002013446853899788,0.002013446853899788,0.003267495359551731,0.0004011850811323878,3.756739999648045e-05,0.0034016214448786553,1,True,0.0034016214448786553,0.9143767805031595,5.344171343484089,5.34,5.34
-73.4,True,-0.002013138756030134,0.002013138756030134,0.003227439056881942,0.0003986003330540204,3.490785760210287e-05,0.0033605590093298554,1,True,0.0033605590093298554,0.919475898369373,5.358355387684714,5.36,5.36
-73.3,True,-0.002013180426753305,0.002013180426753305,0.0031875447214288477,0.0003962355548568037,3.209413689894084e-05,0.0033196605978897398,1,True,0.0033196605978897398,0.9250714169092845,5.3721831557960815,5.37,5.37
-73.2,True,-0.0020126699809353906,0.0020126699809353906,0.0031478284879127294,0.0003937617948434676,2.9220207760876152e-05,0.0032789339251410587,1,True,0.0032789339251410587,0.9309185554445241,5.386603242843868,5.39,5.39
-73.1,True,-0.002012061059099619,0.002012061059099619,0.003108296861894788,0.000391397834746802,2.5921616861524898e-05,0.0032383977306334466,1,True,0.0032383977306334466,0.9378854334212691,5.401130828031983,5.4,5.4
-73.0,True,-0.002011346687647458,0.0020113466876474583,0.003068941468804709,0.000388925580594878,2.351345975102649e-05,0.0031980350129667823,1,True,0.0031980350129667823,0.9429892482260985,5.41579076056646,5.42,5.42
-72.9,True,-0.0020110009160388244,0.0020110009160388244,0.0030297760912260663,0.00038667934286647503,2.0809692166796206e-05,0.0031578642712272176,1,True,0.0031578642712272176,0.9489318966212253,5.430046169895256,5.43,5.43
-72.8,True,-0.0020100830711940842,0.0020100830711940842,0.0029907775797772262,0.00038432592197349324,1.8048289578865336e-05,0.003117853626063427,1,True,0.003117853626063427,0.9551455111667443,5.444947066400959,5.44,5.45
-72.7,True,-0.0020090704559576214,0.002009070455957622,0.002951980791602249,0.0003820828794635395,1.4810546008808129e-05,0.0030780502068547544,1,True,0.0030780502068547544,0.9626838212520605,5.459943764941817,5.46,5.46
-72.6,True,-0.002007948163195841,0.0020079481631958412,0.0029133571809748515,0.000379706282096808,1.2572842357229733e-05,0.0030384168652818344,1,True,0.0030384168652818344,0.9679492443684627,5.4750886894681745,5.48,5.48
-72.5,True,-0.0020067453933015275,0.002006745393301528,0.002874933944706448,0.00037742618503224857,9.902913207163102e-06,0.0029989923005865338,1,True,0.0029989923005865338,0.9744328188814722,5.49031695925483,5.49,5.49
-72.4,True,-0.0020058823063773966,0.0020058823063773966,0.0028366815255057576,0.0003752931524350859,7.340682038892588e-06,0.0029597252567118426,1,True,0.0029597252567118426,0.9808153869900603,5.505192652804967,5.51,5.51
-72.3,True,-0.0020044601443476567,0.0020044601443476567,0.0027986292617418473,0.0003731379428756768,4.220844523127737e-06,0.0029206673889944357,1,True,0.0029206673889944357,0.9888147708120892,5.520686972228319,5.5200000000000005,5.5200000000000005
-72.2,True,-0.002002929648447536,0.002002929648447536,0.0027607604872317837,0.0003709134908585199,1.6397822680306283e-06,0.002881789758328923,1,True,0.002881789758328923,0.9955985294283709,5.536327947255348,5.54,5.54
-72.1,True,-0.0020012995185687836,0.002001299518568783,0.0027230899512537543,0.0003686285693120285,-4.442658380859714e-07,0.002843115017985731,1,True,0.002843115017985731,1.001206639810264,5.552085946486005,5.55,5.55
-72.0,True,-0.001999936872278694,0.0019999368722786945,0.0026856098289029795,0.00036653214477715113,-2.902713278539904e-06,0.002804630994572066,1,True,0.002804630994572066,1.0079826136915735,5.567554644606723,5.57,5.57
-71.9,True,-0.0019982210812139766,0.0019982210812139766,0.002648315447433214,0.00036438163131052945,-5.371823901125384e-06,0.0027663285273309968,1,True,0.0027663285273309968,1.014962889008209,5.583439218424736,5.58,5.58
-71.8,True,-0.0019962843936088847,0.0019962843936088847,0.00261122482414905,0.00036230385738593375,-8.336289160045581e-06,0.002728230008367083,1,True,0.002728230008367083,1.0235509970640182,5.599584118916157,5.6000000000000005,5.6000000000000005
-71.7,True,-0.0019942383396336447,0.0019942383396336443,0.002574322348677216,0.00036014648375196773,-1.0760126794839668e-05,0.0026903207755345493,1,True,0.0026903207755345493,1.0307972151189635,5.615884531541254,5.62,5.62
-71.6,True,-0.001992092530043279,0.001992092530043279,0.0025376261096477504,0.0003579806490873847,-1.3043922005038198e-05,0.00265262166487662,1,True,0.00265262166487662,1.0378154049160564,5.632308938055869,5.63,5.63
-71.5,True,-0.0019898431009523895,0.0019898431009523895,0.002501128396312946,0.0003557809826911253,-1.5043503669031136e-05,0.0026151212040119165,1,True,0.0026151212040119165,1.04414983556316,5.64887178789927,5.65,5.65
-71.4,True,-0.0019879979144140575,0.0019879979144140575,0.0024648198827373347,0.0003537756416461819,-1.729333419874489e-05,0.0025778060702897343,1,True,0.0025778060702897343,1.0513944829073854,5.664981602513878,5.66,5.67
-71.3,True,-0.0019855431992889245,0.0019855431992889245,0.0024287207227318697,0.0003517431139575429,-2.00962678228926e-05,0.0025407034268440376,1,True,0.0025407034268440376,1.0605953834843145,5.681821469616387,5.68,5.68
-71.2,True,-0.00198298368151126,0.00198298368151126,0.002392820697878051,0.00034962267617352945,-2.2357020859190002e-05,0.0025037990216194572,1,True,0.0025037990216194572,1.0683145954857867,5.698808802834481,5.7,5.7
-71.1,True,-0.0019803175812785137,0.0019803175812785137,0.002357120559860426,0.0003475066942940845,-2.4584123982423958e-05,0.002467095038378997,1,True,0.002467095038378997,1.076130088890031,5.715951374263901,5.72,5.72
-71.0,True,-0.001977549737568528,0.0019775497375685274,0.002321630450492995,0.00034539412316576053,-2.6777805135846412e-05,0.00243060471081441,1,True,0.00243060471081441,1.0840440480306233,5.733234917425362,5.73,5.73
-70.9,True,-0.0019746797494385165,0.0019746797494385165,0.0022863500948450133,0.00034320376287917827,-2.8468912774796528e-05,0.0023943235220609815,1,True,0.0023943235220609815,1.0904536398347842,5.750662714074991,5.75,5.75
-70.8,True,-0.001972233010197021,0.0019722330101970206,0.002251270075098788,0.00034122092016059305,-3.052260486998597e-05,0.002358242603110794,1,True,0.002358242603110794,1.09823872022427,5.767603806656884,5.7700000000000005,5.7700000000000005
-70.7,True,-0.0019691539969397165,0.0019691539969397165,0.0022163925070644575,0.000339163895659934,-3.2886884670869964e-05,0.002322360198373119,1,True,0.002322360198373119,1.1073762753680663,5.785343565908968,5.79,5.79
-70.6,True,-0.0019659722711496044,0.0019659722711496044,0.002181728111679604,0.00033710089293161657,-3.518162887792241e-05,0.0022866974593893086,1,True,0.0022866974593893086,1.1165266118019737,5.8032359084733045,5.8,5.8
-70.5,True,-0.0019626875268870555,0.001962687526887055,0.0021472775138910993,0.0003349925913818646,-3.720536884385477e-05,0.0022512463438861263,1,True,0.0022512463438861263,1.12493944006985,5.821284215004308,5.82,5.82
-70.4,True,-0.001959298063949916,0.001959298063949916,0.0021130376426092834,0.00033288308691299174,-3.919445347952302e-05,0.0022160065696427145,1,True,0.0022160065696427145,1.1334558066524627,5.8394968011296084,5.84,5.84
-70.3,True,-0.0019558019609394097,0.00195580196093941,0.002079010164596773,0.00033077099941309046,-4.114853185250883e-05,0.00218097981400428,1,True,0.00218097981400428,1.142076449382856,5.857882802046916,5.86,5.86
-70.2,True,-0.0019522025887551602,0.00195220258875516,0.0020451950428899135,0.0003286032663498773,-4.276608959062926e-05,0.0021461676900936255,1,True,0.0021461676900936255,1.1496169605210236,5.876433204008219,5.88,5.88
-70.1,True,-0.0019487662857129572,0.001948766285712957,0.0020115924334876967,0.00032651593804658235,-4.445143732375017e-05,0.002111570950916686,1,True,0.002111570950916686,1.1575931647188382,5.894808163970051,5.89,5.9
-70.0,True,-0.0019452509913740707,0.0019452509913740704,0.00197820980543445,0.00032449151231000377,-4.643560840816353e-05,0.002077189814628566,1,True,0.002077189814628566,1.167000979862511,5.913317454132649,5.91,5.91
-69.9,True,-0.0019413434666627363,0.0019413434666627363,0.0019450438492030209,0.00032243110017973753,-4.858933339902424e-05,0.002043024595341225,1,True,0.002043024595341225,1.1774358015953554,5.932372584269731,5.93,5.93
-69.8,True,-0.0019373320479600573,0.0019373320479600573,0.0019120955641266368,0.00032030016963008985,-5.036898825727079e-05,0.0020090790161844674,1,True,0.0020090790161844674,1.1865993695174586,5.951605394792399,5.95,5.95
-69.7,True,-0.00193321661247648,0.00193321661247648,0.0018793683253503501,0.00031816354235230217,-5.2113274184347434e-05,0.0019753544246263743,1,True,0.0019753544246263743,1.195877548040842,5.97101961753184,5.97,5.97
-69.6,True,-0.0019289970917513407,0.0019289970917513405,0.0018468635568121283,0.00031602113220716263,-5.382210744520836e-05,0.0019418521120175836,1,True,0.0019418521120175836,1.205271958940627,5.990618694852842,5.99,5.99
-69.5,True,-0.0019246734678979238,0.001924673467897924,0.0018145826302108925,0.0003138726473752441,-5.549539996591393e-05,0.0019085733155311257,1,True,0.0019085733155311257,1.2147843919011807,6.010405876810868,6.01,6.01
-69.4,True,-0.0019202457338259112,0.0019202457338259112,0.0017825264365724514,0.0003117174831704589,-5.713307763064498e-05,0.0018755192199929605,1,True,0.0018755192199929605,1.2244170357155284,6.030384575396331,6.03,6.03
-69.3,True,-0.0019157139309303316,0.0019157139309303318,0.0017506942823243832,0.000309555268237393,-5.873507078903227e-05,0.0018426909597463736,1,True,0.0018426909597463736,1.234172014002679,6.0505580441545375,6.05,6.05
-69.2,True,-0.0019111284858964338,0.0019111284858964338,0.0017190868036529583,0.0003073117841444666,-5.982952518420034e-05,0.0018100896185396231,1,True,0.0018100896185396231,1.2417527843634484,6.070860152317059,6.07,6.07
-69.1,True,-0.0019069275231766677,0.0019069275231766677,0.001687705186415367,0.0003053518999414041,-6.181224745410501e-05,0.0017777097053209845,1,True,0.0017777097053209845,1.2538077344810559,6.090685564158058,6.09,6.09
-69.0,True,-0.0019020865179232356,0.0019020865179232356,0.0016565505478483566,0.00030316719896897695,-6.330794445756909e-05,0.001745556981271601,1,True,0.001745556981271601,1.263937885517601,6.111454837549942,6.11,6.11
-68.9,True,-0.0018971418113808674,0.0018971418113808672,0.0016256239598481659,0.000300974601875435,-6.476785929779099e-05,0.0017136368744498087,1,True,0.0017136368744498087,1.274199875037441,6.132432427603706,6.13,6.13
-68.8,True,-0.0018920935920344892,0.0018920935920344892,0.0015949273880912496,0.0002987738396198617,-6.61919764453709e-05,0.0016819516760738784,1,True,0.0016819516760738784,1.2845964665598686,6.153621573549873,6.15,6.15
-68.7,True,-0.0018869420559419268,0.0018869420559419268,0.00156446436039398,0.00029656462916577853,-6.758031498560186e-05,0.0016504987515646996,1,True,0.0016504987515646996,1.2951307613692098,6.175025729026223,6.18,6.18
-68.6,True,-0.001881687415862687,0.0018816874158626867,0.0015342385411931114,0.00029434686553745705,-6.89329096426512e-05,0.0016192859856526964,1,True,0.0016192859856526964,1.3058058644550836,6.19664833472486,6.2,6.2
-68.5,True,-0.0018763299182594914,0.0018763299182594912,0.001504246424965272,0.00029212048768183273,-7.024979564713009e-05,0.0015883077636222875,1,True,0.0015883077636222875,1.3166249449302767,6.218492873501295,6.22,6.22
-68.4,True,-0.0018708685256112907,0.0018708685256112905,0.0014744887056704625,0.00028988522024346857,-7.153082156736903e-05,0.001557564790126531,1,True,0.001557564790126531,1.3275904767710942,6.2405675323767795,6.24,6.24
-68.3,True,-0.001865300786492159,0.0018653007864921588,0.0014449667511371445,0.00028764071377895286,-7.277562862176984e-05,0.0015270577318026168,1,True,0.0015270577318026168,1.3387038362632595,6.262886100874658,6.26,6.26
-68.2,True,-0.0018596307169673702,0.00185963071696737,0.0014156864836691319,0.0002853872759856725,-7.398482766334154e-05,0.0014967890164340747,1,True,0.0014967890164340747,1.349971479755688,6.28543836384137,6.29,6.29
-68.1,True,-0.0018538587277214078,0.001853858727721408,0.0013866523682654064,0.00028312496432625366,-7.515848497201055e-05,0.0014667671027153162,1,True,0.0014667671027153162,1.3613971117142782,6.308227454557253,6.3100000000000005,6.3100000000000005
-68.0,True,-0.0018479822839923502,0.0018479822839923502,0.001357857343882829,0.0002808534633341308,-7.629627907000821e-05,0.0014369835312185164,1,True,0.0014369835312185164,1.3729826422106743,6.33126802340809,6.33,6.33
-67.9,True,-0.001842262699349904,0.001842262699349904,0.0013293000778120678,0.0002786695434652067,-7.758633625917712e-05,0.0014074387981883874,1,True,0.0014074387981883874,1.385841947406788,6.354168361638244,6.3500000000000005,6.3500000000000005
-67.8,True,-0.0018365498787230965,0.0018365498787230965,0.0013009928838466078,0.00027645337361238156,-7.8588963061191e-05,0.0013781401406638971,1,True,0.0013781401406638971,1.3971859458821618,6.3771458889253045,6.38,6.38
-67.7,True,-0.0018303663611713246,0.0018303663611713243,0.0012729268900205648,0.00027412934223833155,-7.948975654485679e-05,0.0013490874063144531,1,True,0.0013490874063144531,1.4083946041173765,6.400946218086826,6.4,6.4
-67.6,True,-0.0018240759080612966,0.0018240759080612968,0.0012451030654315742,0.0002718205581217661,-8.04856648503494e-05,0.0013202824589677031,1,True,0.0013202824589677031,1.420653355351013,6.42502891415352,6.43,6.43
-67.5,True,-0.0018176857308728372,0.0018176857308728372,0.00121753308704603,0.00026950327576393527,-8.144658660072979e-05,0.0012917352741319554,1,True,0.0012917352741319554,1.4330959295473193,6.449371109912146,6.45,6.45
-67.4,True,-0.001811187605996757,0.0018111876059967572,0.0011902044736147865,0.0002671764357446342,-8.237141528940652e-05,0.0012634305887269104,1,True,0.0012634305887269104,1.4457206578398256,6.474011465441344,6.47,6.47
-67.3,True,-0.001804589181446069,0.0018045891814460688,0.0011631333475489725,0.0002648408490188894,-8.32613300918131e-05,0.0012353827722746402,1,True,0.0012353827722746402,1.458539215126192,6.498925409332497,6.5,6.5
-67.2,True,-0.0017978836468298424,0.0017978836468298424,0.0011363081719961143,0.0002624959028232343,-8.411541153359545e-05,0.0012075820844489327,1,True,0.0012075820844489327,1.47155050939408,6.524146579615375,6.5200000000000005,6.5200000000000005
-67.1,True,-0.001791078017228474,0.0017910780172284738,0.001109747891110735,0.00026014263693106723,-8.493472732488787e-05,0.0011800412284692086,1,True,0.0011800412284692086,1.484765371128498,6.54965267521176,6.55,6.55
-67.0,True,-0.0017841637673787286,0.0017841637673787286,0.0010834397548054597,0.0002577796165962043,-8.571814559297434e-05,0.0011527493369568598,1,True,0.0011527493369568598,1.4981832660919494,6.575485262754838,6.58,6.58
-66.9,True,-0.0017771487760784288,0.0017771487760784286,0.0010573931644702328,0.0002554084310123978,-8.64669083464149e-05,0.001125720765667526,1,True,0.001125720765667526,1.5118156092233765,6.6016187245913684,6.6000000000000005,6.6000000000000005
-66.8,True,-0.0017700281475100438,0.001770028147510044,0.0010316023337963998,0.0002530284320922903,-8.718036464116694e-05,0.0010989472264207878,1,True,0.0010989472264207878,1.5256640368562608,6.628080076695984,6.63,6.63
-66.7,True,-0.0017628024543284086,0.0017628024543284088,0.0010060669568061065,0.0002506398210689613,-8.785869315190513e-05,0.0010724400475273232,1,True,0.0010724400475273232,1.539735129471967,6.654874156007248,6.65,6.66
-66.6,True,-0.0017554741191070854,0.0017554741191070852,0.0009807978052756017,0.00024824315887033853,-8.8502378709067e-05,0.0010462026463624041,1,True,0.0010462026463624041,1.554037476339583,6.681998140121117,6.68,6.68
-66.5,True,-0.001748041317016325,0.001748041317016325,0.0009557888790668323,0.0002458381053858788,-8.911123732771413e-05,0.0010202256245511743,1,True,0.0010202256245511743,1.568576648227559,6.709467183995802,6.71,6.71
-66.4,True,-0.0017405011969484322,0.0017405011969484324,0.000931041646316022,0.0002434246178650392,-8.968496783437084e-05,0.0009945114439854907,1,True,0.0009945114439854907,1.5833561336745612,6.737301463661041,6.74,6.74
-66.3,True,-0.001732857188028711,0.001732857188028711,0.000906560949968882,0.00024100336526824344,-9.022417649293146e-05,0.0009690624329646291,1,True,0.0009690624329646291,1.5983861382049327,6.765494175582551,6.7700000000000005,6.7700000000000005
-66.2,True,-0.0017251086190618412,0.0017251086190618412,0.0008823548033971007,0.0002385742320542882,-9.072890067958364e-05,0.0009438835648669097,1,True,0.0009438835648669097,1.61367443825221,6.794056544328478,6.79,6.79
-66.1,True,-0.0017172550186250793,0.0017172550186250793,0.0008584220933791631,0.00023613757323030565,-9.119918806054471e-05,0.0009189743294452102,1,True,0.0009189743294452102,1.6292272951276952,6.822999095373523,6.82,6.82
-66.0,True,-0.0017092960136024164,0.0017092960136024164,0.0008347587120738353,0.000233693559695769,-9.163509997593992e-05,0.0008943352727043274,1,True,0.0008943352727043274,1.6450520451697475,6.852332204470037,6.8500000000000005,6.8500000000000005
-65.9,True,-0.0017012312034250501,0.0017012312034250501,0.0008113665269010029,0.00023124209795498548,-9.203671930569767e-05,0.0008699781261368722,1,True,0.0008699781261368722,1.6611577813927274,6.882066833279033,6.88,6.88
-65.8,True,-0.0016930602280388765,0.0016930602280388765,0.0007882472895682224,0.0002287835092897256,-9.240414893241147e-05,0.0008458989309869103,1,True,0.0008458989309869103,1.6775522974320487,6.912214048150238,6.91,6.91
-65.7,True,-0.0016847830141401682,0.0016847830141401682,0.0007654026395430003,0.00022631794868944143,-9.27374969069395e-05,0.00082209554607382,1,True,0.00082209554607382,1.694244522079745,6.942783816452291,6.94,6.94
-65.6,True,-0.0016763994456307882,0.0016763994456307882,0.0007428341075462197,0.00022384563548975616,-9.303688668678141e-05,0.0007985695137295856,1,True,0.0007985695137295856,1.711243609759729,6.973786679115798,6.97,6.97
-65.5,True,-0.0016679093956316643,0.0016679093956316643,0.0007205498378394237,0.00022136692723857061,-9.330247751785747e-05,0.0007753228411296886,1,True,0.0007753228411296886,1.7285587664752737,7.00523364443926,7.01,7.01
-65.4,True,-0.0016593129967260802,0.00165931299672608,0.0006985558417382798,0.00021888187900513906,-9.353442050212026e-05,0.0007523604167643527,1,True,0.0007523604167643527,1.7462011724782407,7.037134668745863,7.04,7.04
-65.3,True,-0.001650610444461701,0.0016506104444617012,0.0006768445935304568,0.00021639089239468366,-9.373289840996688e-05,0.0007296802909711464,1,True,0.0007296802909711464,1.7641809177284118,7.069499750364302,7.07,7.07
-65.2,True,-0.0016417978483520914,0.0016417978483520914,0.0006554158254372111,0.0002139176866862919,-9.400650257286158e-05,0.0007072905217571646,1,True,0.0007072905217571646,1.7839677613719154,7.102359190382464,7.1000000000000005,7.1000000000000005
-65.1,True,-0.001632878007353913,0.001632878007353913,0.0006342731394242684,0.00021144885105707392,-9.429180688717365e-05,0.0006851956332160625,1,True,0.0006851956332160625,1.804832586510397,7.13571137602363,7.140000000000001,7.140000000000001
-65.0,True,-0.0016238523040998437,0.0016238523040998437,0.0006134209478639296,0.00020888263937697007,-9.412734883837664e-05,0.0006633935263383184,1,True,0.0006633935263383184,1.8202440898070893,7.169561564347092,7.17,7.17
-64.9,True,-0.0016147147917007667,0.0016147147917007667,0.0005928547774735615,0.00020640912545359462,-9.437256891704836e-05,0.0006418787493630007,1,True,0.0006418787493630007,1.8423372855650386,7.203952042787033,7.2,7.2
-64.8,True,-0.0016054710822926252,0.0016054710822926252,0.0005725902758203505,0.0002039405484339622,-9.462781476712303e-05,0.0006206604041200658,1,True,0.0006206604041200658,1.8656614064334673,7.238867931781853,7.24,7.24
-64.7,True,-0.0015961158048047586,0.0015961158048047586,0.0005526251836055485,0.00020137104409250015,-9.44203964113354e-05,0.0005997338144394515,1,True,0.0005997338144394515,1.8828408098361047,7.274350096683672,7.2700000000000005,7.2700000000000005
-64.6,True,-0.0015866536745979707,0.001586653674597971,0.000532962145469329,0.00019890047215646964,-9.464122820947662e-05,0.0005791083335284775,1,True,0.0005791083335284775,1.907749036215855,7.310388507111115,7.3100000000000005,7.3100000000000005
-64.5,True,-0.001577078413453509,0.0015770784134535088,0.0005135946295654059,0.0001963378902739147,-9.443946661353338e-05,0.0005587927098671952,1,True,0.0005587927098671952,1.9268000742415017,7.347030477761347,7.3500000000000005,7.3500000000000005
-64.4,True,-0.0015673935553524759,0.001567393555352476,0.0004945268431594263,0.0001937736841451012,-9.421624908199987e-05,0.000538782996178877,1,True,0.000538782996178877,1.9463507072302926,7.384272994009804,7.38,7.38
-64.3,True,-0.0015575985229430477,0.0015575985229430477,0.0004757648966140504,0.00019121212447455855,-9.398963174380185e-05,0.0005190797137366587,1,True,0.0005190797137366587,1.9667478080827678,7.4221348561384906,7.42,7.42
-64.2,True,-0.0015476921875734997,0.0015476921875734997,0.0004573085485927164,0.0001886535023900794,-9.376021279845531e-05,0.0004996819315791767,1,True,0.0004996819315791767,1.988059463445255,7.460638601981598,7.46,7.46
-64.1,True,-0.001537673197673712,0.001537673197673712,0.0004391710144928118,0.00018610014174461997,-9.353707545944022e-05,0.0004805925737337291,1,True,0.0004805925737337291,2.0105226545894626,7.499808828801248,7.5,7.5
-64.0,True,-0.0015275411073432138,0.0015275411073432138,0.00042134833227630564,0.00018354999962192503,-9.331020624519463e-05,0.00046181434474562577,1,True,0.00046181434474562577,2.034025043205119,7.539666052210784,7.54,7.54
-63.9,True,-0.001517296075932373,0.001517296075932373,0.00040383819074146787,0.00018099698398365617,-9.305164442338079e-05,0.0004433598115374249,1,True,0.0004433598115374249,2.0580622564951914,7.580228180001147,7.58,7.58
-63.8,True,-0.0015069365089912658,0.0015069365089912655,0.00038664287167089473,0.00017844143545992582,-9.276140579160758e-05,0.0004252302948493658,1,True,0.0004252302948493658,2.082649085798669,7.6215237703942185,7.62,7.62
-63.7,True,-0.0014964624943382193,0.0014964624943382193,0.00036976446190034595,0.00017588345077249588,-9.243977062762978e-05,0.0004074191589333309,1,True,0.0004074191589333309,2.1078103274825084,7.663572730213752,7.66,7.66
-63.6,True,-0.0014858742083439867,0.0014858742083439867,0.00035320871313093694,0.00017332349103629146,-9.208697924660905e-05,0.0003899305394395314,1,True,0.0003899305394395314,2.133566388042584,7.706395313645962,7.71,7.71
-63.5,True,-0.0014751717545627109,0.0014751717545627109,0.0003369890610542825,0.00017076204477427899,-9.17033029596958e-05,0.0003727673191530334,1,True,0.0003727673191530334,2.1599388107486956,7.75001285211903,7.75,7.75
-63.4,True,-0.0014643498393934876,0.0014643498393934876,0.00032109869095553467,0.00016819871001421283,-9.128830559951132e-05,0.0003559286515655291,1,True,0.0003559286515655291,2.1869435129645667,7.794480210771264,7.79,7.79
-63.3,True,-0.0014534137919958283,0.0014534137919958285,0.0003055407328815818,0.0001656343253106994,-9.084296758586326e-05,0.00033943619794229996,1,True,0.00033943619794229996,2.214618511407192,7.839789583796851,7.84,7.84
-63.2,True,-0.0014423571282954333,0.0014423571282954333,0.0002903117877353645,0.00016306875988096798,-9.036668965300824e-05,0.00032328143855858693,1,True,0.00032328143855858693,2.242972715490226,7.886006030950036,7.890000000000001,7.890000000000001
-63.1,True,-0.0014311835363492054,0.0014311835363492054,0.000275418568083885,0.00016050267002253385,-8.986023594013785e-05,0.000307464500197141,1,True,0.000307464500197141,2.2720433137301947,7.9331336695918475,7.930000000000001,7.930000000000001
-63.0,True,-0.0014198909739000839,0.0014198909739000839,0.00026086661000074285,0.0001579361922281748,-8.932364681016e-05,0.00029198695150406406,1,True,0.00029198695150406406,2.3018558962645237,7.981212828893912,7.98,7.98
-62.9,True,-0.0014084780478427709,0.001408478047842771,0.0002466704836892597,0.00015536964141693826,-8.875702807593878e-05,0.00027685133698202025,1,True,0.00027685133698202025,2.332435759899989,8.030281765665103,8.03,8.03
-62.8,True,-0.0013969435140297629,0.0013969435140297629,0.00023282159808829528,0.00015280323623218114,-8.816052784104962e-05,0.00026206229693309657,1,True,0.00026206229693309657,2.3638124087811976,8.080379398461186,8.08,8.08
-62.7,True,-0.0013852867543729715,0.0013852867543729715,0.00021932035189758947,0.00015032172854812973,-8.790640310660952e-05,0.0002476430552889042,1,True,0.0002476430552889042,2.4084105543753522,8.131542485493704,8.13,8.13
-62.6,True,-0.001373507094009904,0.001373507094009904,0.00020616971203357704,0.00014775603619129147,-8.724821621290961e-05,0.00023357602741880257,1,True,0.00023357602741880257,2.4419328979970114,8.183809460010089,8.18,8.18
-62.5,True,-0.0013616044589318838,0.0013616044589318838,0.00019337533867963552,0.00014519161150384737,-8.656090717563025e-05,0.00021986645295807294,1,True,0.00021986645295807294,2.4763750183019924,8.237216593823295,8.24,8.24
-62.4,True,-0.0013495771674060097,0.0013495771674060099,0.00018095018076669245,0.00014262848017007309,-8.584460625196818e-05,0.00020651668264676237,1,True,0.00020651668264676237,2.511777910323191,8.291813038188458,8.290000000000001,8.290000000000001
-62.3,True,-0.001337423848547632,0.001337423848547632,0.00016889847369261357,0.00014006710254697505,-8.509948178666714e-05,0.00019353021499984857,1,True,0.00019353021499984857,2.5481747365008283,8.347648411524384,8.35,8.35
-62.2,True,-0.0013251437041146455,0.0013251437041146457,0.00015721200264806612,0.00013750773251440182,-8.432581590928512e-05,0.000180926345297594,1,True,0.000180926345297594,2.5856106980012834,8.404770459773292,8.4,8.41
-62.1,True,-0.0013127362782874403,0.0013127362782874403,0.00014589744269377647,0.00013495073747162196,-8.35239247844741e-05,0.00016870328924983857,1,True,0.00016870328924983857,2.624131856908715,8.463226618313039,8.46,8.46
-62.0,True,-0.001300199861535198,0.001300199861535198,0.00013495672409774562,0.0001323963596562873,-8.2693992808398e-05,0.0001568556290222345,1,True,0.0001568556290222345,2.663783800507475,8.523076271531163,8.52,8.52
-61.9,True,-0.0012875334327730346,0.0012875334327730346,0.00012439997835722583,0.00012984503798660536,-8.183629374713063e-05,0.0001453876859811576,1,True,0.0001453876859811576,2.704612254361811,8.584376960302592,8.58,8.59
-61.8,True,-0.0012747363596860095,0.0012747363596860095,0.00011424408666016461,0.00012729719002916467,-8.095116555795027e-05,0.00013430531631758447,1,True,0.00013430531631758447,2.74666902893104,8.647185869029178,8.65,8.65
-61.7,True,-0.0012618072636931597,0.0012618072636931597,0.00010447466764224034,0.0001247531321948972,-8.00388707206908e-05,0.0001236243875731846,1,True,0.0001236243875731846,2.790007663815751,8.711569352300092,8.71,8.71
-61.6,True,-0.0012478915168067947,0.001247891516806795,9.50977969658151e-05,0.00012208067284153108,-7.906041411168585e-05,0.00011334615195718323,1,True,0.00011334615195718323,2.837748457259692,8.78074971081222,8.78,8.78
-61.5,True,-0.0012346898854986796,0.0012346898854986798,8.611668841818076e-05,0.00011954556452508161,-7.809332821466031e-05,0.00010346489466134257,1,True,0.00010346489466134257,2.8839352267956473,8.848584650701328,8.85,8.85
-61.4,True,-0.0012213526707992868,0.0012213526707992868,7.754208424803899e-05,0.00011701545953778699,-7.710005396692823e-05,9.398751326095134e-05,1,True,9.398751326095134e-05,2.931586385363376,8.918215129971474,8.92,8.92
-61.3,True,-0.0012078788646280952,0.0012078788646280952,6.939318970211605e-05,0.00011449067897914837,-7.608097123390175e-05,8.491931739740277e-05,1,True,8.491931739740277e-05,2.9807745411267055,8.989720146707187,8.99,8.99
-61.2,True,-0.0011942657219185613,0.0011942657219185613,6.165801536117677e-05,0.00011197163323080177,-7.503626520045416e-05,7.627841945245795e-05,1,True,7.627841945245795e-05,3.0315559097394478,9.063199854682955,9.06,9.06
-61.1,True,-0.0011805141340061193,0.0011805141340061193,5.4342255525197114e-05,0.00010945876546704088,-7.396657294571124e-05,6.807072942555115e-05,1,True,6.807072942555115e-05,3.084023772305973,9.13872695168001,9.14,9.14
-61.0,True,-0.0011666207238107584,0.0011666207238107584,4.7449999049764546e-05,0.00010695248408087847,-7.287207646119423e-05,6.02883499478124e-05,1,True,6.02883499478124e-05,3.1382395795965956,9.216417555504583,9.22,9.22
-60.9,True,-0.0011525855311212564,0.0011525855311212564,4.0994689491258285e-05,0.00010445330262312709,-7.175333227891763e-05,5.293829071856271e-05,1,True,5.293829071856271e-05,3.194293497016084,9.29636398328598,9.3,9.3
-60.8,True,-0.0011384072528279907,0.0011384072528279909,3.4995487608713294e-05,0.00010196178357354375,-7.06107916651651e-05,4.602669353409583e-05,1,True,4.602669353409583e-05,3.2522665908472943,9.378676916515953,9.38,9.38
-60.7,True,-0.0011240833475971786,0.0011240833475971786,2.943935350624427e-05,9.947817242051348e-05,-6.944479264672245e-05,3.957718267677546e-05,1,True,3.957718267677546e-05,3.312253671407446,9.463486362719173,9.46,9.46
-60.6,True,-0.0011096141314827228,0.001109614131482723,2.4333710438306788e-05,9.700324016017757e-05,-6.825600441191641e-05,3.358847682771726e-05,1,True,3.358847682771726e-05,3.3743501813403056,9.55090273694251,9.55,9.55
-60.5,True,-0.0010949970001312543,0.0010949970001312543,1.9684251888307802e-05,9.460314865346667e-05,-6.731256681952939e-05,2.805781332010371e-05,1,True,2.805781332010371e-05,3.4665127049736504,9.641073821356027,9.64,9.64
-60.4,True,-0.0010802308007497295,0.0010802308007497295,1.5509943978031515e-05,9.215404936761904e-05,-6.610793619806691e-05,2.299228207713888e-05,1,True,2.299228207713888e-05,3.538111378374375,9.734142763112958,9.73,9.73
-60.3,True,-0.0010653156014783828,0.0010653156014783828,1.1823730507010133e-05,8.970738691637488e-05,-6.484995650538864e-05,1.8400577577515342e-05,1,True,1.8400577577515342e-05,3.6088761160416203,9.830249151184226,9.83,9.83
-60.2,True,-0.0010502484869781697,0.0010502484869781697,8.616277041684217e-06,8.719367889422182e-05,-6.326157506273875e-05,1.4316354392307495e-05,1,True,1.4316354392307495e-05,3.643377093304982,9.92957637673403,9.93,9.93
-60.1,True,-0.0010350287285227635,0.0010350287285227635,5.895954839962858e-06,8.477010356386285e-05,-6.196723163629046e-05,1.0722152838982257e-05,1,True,1.0722152838982257e-05,3.717518733303148,10.032297204912169,10.03,10.03
-60.0,True,-0.0010196558496360962,0.0010196558496360962,3.6720301130332977e-06,8.235866209059094e-05,-6.065365618341547e-05,7.625652927278903e-06,1,True,7.625652927278903e-06,3.7944547190085736,10.138593452595439,10.14,10.14
