step,radius
17000,1.651377149688585e-05
17001,1.6526774442506137e-05
17002,1.6539841622704537e-05
17003,1.6553474943370194e-05
17004,1.6567541979654294e-05
17005,1.658127445984213e-05
17006,1.6594575865062542e-05
17007,1.6608370576828075e-05
17008,1.6622143384253307e-05
17009,1.6636044821801494e-05
17010,1.6649010525765182e-05
17011,1.6663935248498505e-05
17012,1.6676414539107306e-05
17013,1.6689349596780292e-05
17014,1.670182124199846e-05
17015,1.6714286239664312e-05
17016,1.672727969642246e-05
17017,1.6740467417455797e-05
17018,1.6753565657034542e-05
17019,1.6767014226579184e-05
17020,1.678040326007083e-05
17021,1.6793743579895086e-05
17022,1.6807530366653214e-05
17023,1.6823703701436977e-05
17024,1.6840757857808452e-05
17025,1.6861536380235146e-05
17026,1.688085544251537e-05
17027,1.6893237363837765e-05
17028,1.6905354968827144e-05
17029,1.6917102049920754e-05
17030,1.6928077435002032e-05
17031,1.6939535442173142e-05
17032,1.6951693516081647e-05
17033,1.6963421108741922e-05
17034,1.6975759216779786e-05
17035,1.698714367210723e-05
17036,1.6998594752737845e-05
17037,1.7010237722643472e-05
17038,1.7020526114322074e-05
17039,1.7032274683890002e-05
17040,1.7042437454113874e-05
17041,1.705299653122432e-05
17042,1.706324176233105e-05
17043,1.707434934491125e-05
17044,1.7086277086505086e-05
17045,1.7097946717684664e-05
17046,1.710966732365457e-05
17047,1.712107434821103e-05
17048,1.7138866836764563e-05
17049,1.7148983681695045e-05
17050,1.715873491752024e-05
17051,1.716719911609554e-05
17052,1.717602052855611e-05
17053,1.7186532816402833e-05
17054,1.719671669740444e-05
17055,1.720866315559841e-05
17056,1.721982415537863e-05
17057,1.723074583625493e-05
17058,1.7240953141529374e-05
17059,1.725237460017887e-05
17060,1.7262223380172126e-05
17061,1.7271291219167628e-05
17062,1.7280366911519373e-05
17063,1.729041428033154e-05
17064,1.7303535654275788e-05
17065,1.7314982462736312e-05
17066,1.7325926891504563e-05
17067,1.7336085986819415e-05
17068,1.7346303742647854e-05
17069,1.7355735489225735e-05
17070,1.736613836865249e-05
17071,1.7376468827345446e-05
17072,1.7388424057063407e-05
17073,1.739978176881559e-05
17074,1.7411148550733678e-05
17075,1.7423653364910493e-05
17076,1.7436763411764814e-05
17077,1.7448640203645223e-05
17078,1.746022594410184e-05
17079,1.7472832313299555e-05
17080,1.7484721012684748e-05
17081,1.7498630305063623e-05
17082,1.7510801222320054e-05
17083,1.7522437109045122e-05
17084,1.753415550052868e-05
17085,1.7545489493534243e-05
17086,1.755789262416858e-05
17087,1.757053000690327e-05
17088,1.7582324760797223e-05
17089,1.7595552209000406e-05
17090,1.7608763392253113e-05
17091,1.762196708836991e-05
17092,1.7634963825377705e-05
17093,1.7647228537772083e-05
17094,1.7659953570843762e-05
17095,1.7672098011146172e-05
17096,1.7684488946115524e-05
17097,1.7696035023617315e-05
17098,1.7707577609103734e-05
17099,1.771932909136797e-05
17100,1.7730354002966787e-05
17101,1.7740555229424526e-05
17102,1.7753159388623137e-05
17103,1.7763646932868135e-05
17104,1.7774166364182246e-05
17105,1.7785119405482633e-05
17106,1.779635033926435e-05
17107,1.781044395243876e-05
17108,1.782819485568955e-05
17109,1.7841914412159145e-05
17110,1.7852511718095033e-05
17111,1.7862082137176658e-05
17112,1.7871638978431655e-05
17113,1.7881125790881777e-05
17114,1.788994896023028e-05
17115,1.789977535177794e-05
17116,1.790867409153645e-05
17117,1.7919392506515008e-05
17118,1.7929758943219445e-05
17119,1.794188712487839e-05
17120,1.7952842635637e-05
17121,1.7962769939368746e-05
17122,1.7974003824577683e-05
17123,1.79838443352103e-05
17124,1.799383706188791e-05
17125,1.80046461406527e-05
17126,1.8015333606619803e-05
17127,1.802482191710967e-05
17128,1.803485831862478e-05
17129,1.8044785792109162e-05
17130,1.80558447085044e-05
17131,1.806716612297172e-05
17132,1.807782754554483e-05
17133,1.809059474636583e-05
17134,1.8102171861738223e-05
17135,1.811442179647551e-05
17136,1.8127904436948835e-05
17137,1.8140992172325132e-05
17138,1.8152680599255155e-05
17139,1.8166319541420354e-05
17140,1.817865900278327e-05
17141,1.8190280403782798e-05
17142,1.8201901531792494e-05
17143,1.8214765709425663e-05
17144,1.8226941748070343e-05
17145,1.8238802120541846e-05
17146,1.8250780043943202e-05
17147,1.8263527456693744e-05
17148,1.8276584706542345e-05
17149,1.8289219784487424e-05
17150,1.8302600083312822e-05
17151,1.831629575840803e-05
17152,1.8328858579836064e-05
17153,1.834078829414793e-05
17154,1.8354643697452587e-05
17155,1.836624199873793e-05
17156,1.8377281737803887e-05
17157,1.838957060153182e-05
17158,1.8401609984489936e-05
17159,1.8414600647858393e-05
17160,1.8426581415577937e-05
17161,1.843856789796775e-05
17162,1.845048546101177e-05
17163,1.8461952531303574e-05
17164,1.847338477500641e-05
17165,1.8485192386778488e-05
17166,1.8496617866962496e-05
17167,1.850746798625295e-05
17168,1.8517440544217072e-05
17169,1.8526846502264415e-05
17170,1.8536615661743395e-05
17171,1.854652307173778e-05
17172,1.8561784145798594e-05
17173,1.8572538269765773e-05
17174,1.8582864487938875e-05
17175,1.8593954032261336e-05
17176,1.860461440101064e-05
17177,1.861643440033728e-05
17178,1.8626951360547044e-05
17179,1.8639405669068605e-05
17180,1.8650909123339543e-05
17181,1.8660827380900833e-05
17182,1.867112513117592e-05
17183,1.868186261772249e-05
17184,1.8692843988280383e-05
17185,1.8704899028232904e-05
17186,1.8716199965675584e-05
17187,1.872791389465462e-05
17188,1.874101837079435e-05
17189,1.8752881560346816e-05
17190,1.8763444326869524e-05
17191,1.8774916250025572e-05
17192,1.878654239031626e-05
17193,1.8797568033078314e-05
17194,1.8808129780986088e-05
17195,1.8819638797065467e-05
17196,1.8830991587049566e-05
17197,1.8844049359683134e-05
17198,1.885641047056918e-05
17199,1.8868354980740674e-05
17200,1.888101783704886e-05
17201,1.889212807408305e-05
17202,1.8903376796025613e-05
17203,1.8914236562339713e-05
17204,1.892462551465621e-05
17205,1.8935293834192506e-05
17206,1.8944913146293972e-05
17207,1.89543604648487e-05
17208,1.8963833075307748e-05
17209,1.897556564417244e-05
17210,1.8988938187297397e-05
17211,1.9000937942937762e-05
17212,1.9018660456948307e-05
17213,1.9038915418965914e-05
17214,1.9054530894243048e-05
17215,1.9065076668874382e-05
17216,1.9075298621265034e-05
17217,1.90870227416337e-05
17218,1.9099357812144722e-05
17219,1.911076534979199e-05
17220,1.9122997663341945e-05
17221,1.9136957788931263e-05
17222,1.9148717742563273e-05
17223,1.9162037161001744e-05
17224,1.91738359484862e-05
17225,1.9185655507230934e-05
17226,1.9198458731752455e-05
17227,1.9212727371930955e-05
17228,1.9224716500168594e-05
17229,1.923599138009873e-05
17230,1.9253334346872264e-05
17231,1.926344936566511e-05
17232,1.9274068197470124e-05
17233,1.9284633005521942e-05
17234,1.9295274496252846e-05
17235,1.930664573898736e-05
17236,1.9317419898776114e-05
17237,1.9330296417422772e-05
17238,1.934064384885522e-05
17239,1.935270143608665e-05
17240,1.936559589864561e-05
17241,1.9378193351204462e-05
17242,1.939062809619812e-05
17243,1.940344742264962e-05
17244,1.941463893241311e-05
17245,1.9429136046914822e-05
17246,1.9447662815055688e-05
17247,1.9461882137807512e-05
17248,1.947284836109675e-05
17249,1.948352839064427e-05
17250,1.9494324813170664e-05
17251,1.9505423328791818e-05
17252,1.9516701676091377e-05
17253,1.9527829765018168e-05
17254,1.953825913426716e-05
17255,1.95476266227921e-05
17256,1.955808375923691e-05
17257,1.9567820263651216e-05
17258,1.9577360345185574e-05
17259,1.958803483162395e-05
17260,1.960029143171613e-05
17261,1.9611849726294894e-05
17262,1.9624217963989563e-05
17263,1.9635673270960085e-05
17264,1.96480576936216e-05
17265,1.965915862331809e-05
17266,1.9671175623392994e-05
17267,1.9681334468787956e-05
17268,1.9691895171254036e-05
17269,1.9702442754955287e-05
17270,1.971379939048369e-05
17271,1.9725690798342613e-05
17272,1.973630973877238e-05
17273,1.9747729096899356e-05
17274,1.9759226691931413e-05
17275,1.9771495963917495e-05
17276,1.978323724892737e-05
17277,1.9794366143404272e-05
17278,1.980562764402813e-05
17279,1.9818302470360254e-05
17280,1.983142053902016e-05
17281,1.9842326231801912e-05
17282,1.985280025581505e-05
17283,1.9864742793340946e-05
17284,1.9875366332901563e-05
17285,1.9887031080229103e-05
17286,1.9899926711279505e-05
17287,1.9912297452572137e-05
17288,1.9923676224481e-05
17289,1.9934906144594143e-05
17290,1.994712662826052e-05
17291,1.995967292074774e-05
17292,1.997275026452978e-05
17293,1.998502899655715e-05
17294,1.9997077422179174e-05
17295,2.0009056937709326e-05
17296,2.0020394806927976e-05
17297,2.0031130531182697e-05
17298,2.004273078538292e-05
17299,2.0053813168479756e-05
17300,2.0065649138355927e-05
17301,2.0077262464692474e-05
17302,2.0088016827304695e-05
17303,2.0098785163883627e-05
17304,2.0110903830782626e-05
17305,2.0126493248727646e-05
17306,2.0137873217604304e-05
17307,2.014935765034988e-05
17308,2.0163078298455837e-05
17309,2.0175578548495436e-05
17310,2.0188830053341535e-05
17311,2.020473949263367e-05
17312,2.022354745486568e-05
17313,2.0238842398477002e-05
17314,2.0250697429404312e-05
17315,2.026380024884517e-05
17316,2.027639158104254e-05
17317,2.0290095007723928e-05
17318,2.030360875341611e-05
17319,2.031675301298885e-05
17320,2.0332552580272603e-05
17321,2.034649828102859e-05
17322,2.0362350384379408e-05
17323,2.0376876771690294e-05
17324,2.0390607406746482e-05
17325,2.0404009477095605e-05
17326,2.0418348746976603e-05
17327,2.043150331799858e-05
17328,2.0444470743265423e-05
17329,2.045739069337164e-05
17330,2.0469169795245914e-05
17331,2.0478879259282688e-05
17332,2.0490364221598047e-05
17333,2.0501977240457006e-05
17334,2.0513904369653287e-05
17335,2.052429928909746e-05
17336,2.0536180448993097e-05
17337,2.0548520373869565e-05
17338,2.0562764860275515e-05
17339,2.057653416279386e-05
17340,2.0589353154422442e-05
17341,2.0602132646735267e-05
17342,2.061507338228969e-05
17343,2.062666039207241e-05
17344,2.064021264581836e-05
17345,2.065171768128908e-05
17346,2.0663786272566487e-05
17347,2.067682535809295e-05
17348,2.068928115978222e-05
17349,2.0702662468484426e-05
17350,2.0714998831088984e-05
17351,2.0725675328078428e-05
17352,2.0738082985526698e-05
17353,2.0749886890996198e-05
17354,2.0759506575292594e-05
17355,2.0770248322054637e-05
17356,2.0789511226915266e-05
17357,2.0804112034691663e-05
17358,2.0816643310819598e-05
17359,2.0826869226452758e-05
17360,2.0837106944384064e-05
17361,2.08472359343468e-05
17362,2.0857754455919112e-05
17363,2.086887813403019e-05
17364,2.0880343432912937e-05
17365,2.089124700370479e-05
17366,2.0903358435012715e-05
17367,2.091455647326855e-05
17368,2.0925455990873655e-05
17369,2.0935164856379804e-05
17370,2.094636954074692e-05
17371,2.095714635292593e-05
17372,2.0968120544037832e-05
17373,2.09799947451943e-05
17374,2.0993017874280588e-05
17375,2.1005790593395762e-05
17376,2.1018490455102876e-05
17377,2.102972464094033e-05
17378,2.1041146542198383e-05
17379,2.1053475767104678e-05
17380,2.106607429397185e-05
17381,2.1076458375768466e-05
17382,2.108709119904841e-05
17383,2.109768113385623e-05
17384,2.1109194173081155e-05
17385,2.1120945269244357e-05
17386,2.113244824793405e-05
17387,2.1145797410419686e-05
17388,2.1158711296152474e-05
17389,2.1169985306392696e-05
17390,2.1180450370767946e-05
17391,2.1190651908531103e-05
17392,2.1200446581003785e-05
17393,2.1210017800754708e-05
17394,2.1220669644491635e-05
17395,2.1232139245411076e-05
17396,2.1244719941651083e-05
17397,2.1257947802388884e-05
17398,2.1272028688371945e-05
17399,2.1286129722874138e-05
17400,2.1300820710498296e-05
17401,2.1314597237537047e-05
17402,2.1327994655358417e-05
17403,2.1341728045757637e-05
17404,2.135613304359064e-05
17405,2.1368414564009257e-05
17406,2.1380213903272714e-05
17407,2.139216603886247e-05
17408,2.1404438975278782e-05
17409,2.141548086967169e-05
17410,2.142631672542679e-05
17411,2.1437379797670268e-05
17412,2.1448319054012697e-05
17413,2.146082347701243e-05
17414,2.147367781437682e-05
17415,2.1486981988469724e-05
17416,2.1498665398132884e-05
17417,2.1511646155953834e-05
17418,2.1524167982382405e-05
17419,2.1536824355827732e-05
17420,2.154898558717051e-05
17421,2.156056650838447e-05
17422,2.157339531150523e-05
17423,2.1586506943060134e-05
17424,2.1600286013250637e-05
17425,2.16131095934108e-05
17426,2.1624597969040584e-05
17427,2.163877237788997e-05
17428,2.164957162720667e-05
17429,2.1660763506198788e-05
17430,2.167250265949296e-05
17431,2.168360728363032e-05
17432,2.1695106233613792e-05
17433,2.171212380365032e-05
17434,2.1723415735684473e-05
17435,2.1735456661448315e-05
17436,2.174666750200877e-05
17437,2.1757412900779602e-05
17438,2.1768896446427275e-05
17439,2.1780715806825656e-05
17440,2.1793386554762584e-05
17441,2.180644194131464e-05
17442,2.1819080398434772e-05
17443,2.1830866526299973e-05
17444,2.1844048161859784e-05
17445,2.1856330683924256e-05
17446,2.1868183704722178e-05
17447,2.1880296183845144e-05
17448,2.1892474996807376e-05
17449,2.190433516943762e-05
17450,2.1917286355026307e-05
17451,2.1929805821307996e-05
17452,2.1942033155674584e-05
17453,2.1953940241149903e-05
17454,2.1965839183443957e-05
17455,2.197762667941501e-05
17456,2.1990258301476343e-05
17457,2.2003246704573436e-05
17458,2.201520972377014e-05
17459,2.2027642139000757e-05
17460,2.204039551595685e-05
17461,2.2054826877841164e-05
17462,2.206747658182956e-05
17463,2.208034064919093e-05
17464,2.2094700024107544e-05
17465,2.2108382716881657e-05
17466,2.212282101928606e-05
17467,2.2136388278849766e-05
17468,2.215176844925865e-05
17469,2.216490788853828e-05
17470,2.2179297010820234e-05
17471,2.219312513457737e-05
17472,2.220744892452339e-05
17473,2.222259186696484e-05
17474,2.223515429181938e-05
17475,2.2247602925797856e-05
17476,2.2260883521916368e-05
17477,2.2274890387809575e-05
17478,2.228924992136577e-05
17479,2.2303861029711864e-05
17480,2.2317853047118664e-05
17481,2.2332548904452018e-05
17482,2.234529621175247e-05
17483,2.235973037845736e-05
17484,2.2373922898964442e-05
17485,2.238790263223696e-05
17486,2.2400837040502925e-05
17487,2.241526427715003e-05
17488,2.242915751914976e-05
17489,2.2443533328177535e-05
17490,2.2456057428498463e-05
17491,2.2468774080534246e-05
17492,2.2481360100932184e-05
17493,2.249342206736925e-05
17494,2.2506443371480864e-05
17495,2.2517996526708674e-05
17496,2.2528750473385915e-05
17497,2.2541755765460034e-05
17498,2.2554322874463657e-05
17499,2.256571081645939e-05
17500,2.2578234642486654e-05
17501,2.2590054781492716e-05
17502,2.2604988876021157e-05
17503,2.262084284428423e-05
17504,2.2633810535985577e-05
17505,2.2647324450013787e-05
17506,2.2658751589479156e-05
17507,2.2670893069790135e-05
17508,2.2683713171796716e-05
17509,2.26980240836106e-05
17510,2.2711190573725244e-05
17511,2.2724028243161595e-05
17512,2.273679295240178e-05
17513,2.2748953795528377e-05
17514,2.2760478130779244e-05
17515,2.27733069856214e-05
17516,2.2787148935971233e-05
17517,2.2798703994018023e-05
17518,2.2809329152252483e-05
17519,2.2820026663198188e-05
17520,2.2830776051506318e-05
17521,2.284282625855981e-05
17522,2.285641878902762e-05
17523,2.286848289958432e-05
17524,2.2880578323141035e-05
17525,2.2892721672879642e-05
17526,2.290429187884844e-05
17527,2.2916173732423232e-05
17528,2.2928132324778604e-05
17529,2.2940252977256934e-05
17530,2.2953372038945084e-05
17531,2.2966193201994242e-05
17532,2.2978920478805586e-05
17533,2.299259329239366e-05
17534,2.3005510222867585e-05
17535,2.301868892136922e-05
17536,2.303165876971506e-05
17537,2.304290888013771e-05
17538,2.305647175045654e-05
17539,2.306860409025187e-05
17540,2.3080964627765546e-05
17541,2.309371579487076e-05
17542,2.3105855490761222e-05
17543,2.312082487384319e-05
17544,2.3133476969034896e-05
17545,2.3146549295722384e-05
17546,2.3160380663461414e-05
17547,2.3174068689966677e-05
17548,2.3188042059379568e-05
17549,2.3201621523321907e-05
17550,2.321437787900397e-05
17551,2.322834592814434e-05
17552,2.3242397064994984e-05
17553,2.3256332942082747e-05
17554,2.326995057242327e-05
17555,2.328291035499479e-05
17556,2.3295964838781942e-05
17557,2.3310513110463927e-05
17558,2.3323830728560784e-05
17559,2.333772755540598e-05
17560,2.3353686322660574e-05
17561,2.3367748102438966e-05
17562,2.3381523398178624e-05
17563,2.3396898008742607e-05
17564,2.3410908873980025e-05
17565,2.342379036891527e-05
17566,2.3436785689471014e-05
17567,2.3448480438775802e-05
17568,2.3460919245384045e-05
17569,2.3472928679995597e-05
17570,2.3484864819786307e-05
17571,2.3497302337681822e-05
17572,2.3509955719214727e-05
17573,2.3523447009488986e-05
17574,2.3536736914366903e-05
17575,2.3548274207010693e-05
17576,2.3560781532053088e-05
17577,2.357219184599372e-05
17578,2.3583148498901694e-05
17579,2.3593838686799808e-05
17580,2.3605222816024612e-05
17581,2.3618073599883034e-05
17582,2.362948960441158e-05
17583,2.3643154144441755e-05
17584,2.3656625733127936e-05
17585,2.366943001177534e-05
17586,2.368166252779923e-05
17587,2.3693083768483874e-05
17588,2.3704841164551785e-05
17589,2.3716899985713464e-05
17590,2.37282234338743e-05
17591,2.3739813346612402e-05
17592,2.3751991013448465e-05
17593,2.3763782943288384e-05
17594,2.3775105944401677e-05
17595,2.378630230631087e-05
17596,2.3797950897729836e-05
17597,2.3810195143868198e-05
17598,2.382196202782052e-05
17599,2.3834510772886195e-05
17600,2.38484104945344e-05
17601,2.3861408160405784e-05
17602,2.38769156938716e-05
17603,2.389074107915297e-05
17604,2.39041465644111e-05
17605,2.3916841872203853e-05
17606,2.3928852317417414e-05
17607,2.3941100610020952e-05
17608,2.3953413236713138e-05
17609,2.3964252629419008e-05
17610,2.3975919988392718e-05
17611,2.3988769207564487e-05
17612,2.400317141040048e-05
17613,2.401599680110585e-05
17614,2.4028348965978592e-05
17615,2.404055425233614e-05
17616,2.405304648561166e-05
17617,2.406631491896056e-05
17618,2.4079143308908683e-05
17619,2.4090198314301553e-05
17620,2.410214178464134e-05
17621,2.411610854525686e-05
17622,2.4129432204272994e-05
17623,2.4142321111062294e-05
17624,2.4153693346499298e-05
17625,2.416593473037385e-05
17626,2.4178200290677054e-05
17627,2.4191146695693407e-05
17628,2.4210241453246286e-05
17629,2.4225832012447083e-05
17630,2.423972998010512e-05
17631,2.4258880918489464e-05
17632,2.428592766382899e-05
17633,2.4297135472119025e-05
17634,2.4308245722334216e-05
17635,2.4321676853473917e-05
17636,2.4332982403842537e-05
17637,2.434347747058642e-05
17638,2.435420604359064e-05
17639,2.4364888670198185e-05
17640,2.4375846190455857e-05
17641,2.439124085825961e-05
17642,2.4410115906887974e-05
17643,2.442578897007704e-05
17644,2.4437096458668056e-05
17645,2.4449346118448975e-05
17646,2.445996699066797e-05
17647,2.447320907704932e-05
17648,2.448555283260928e-05
17649,2.449645517605166e-05
17650,2.4509538968553102e-05
17651,2.452303707635597e-05
17652,2.453616957281116e-05
17653,2.4551407975067448e-05
17654,2.4565938209320075e-05
17655,2.45786498426371e-05
17656,2.4590163926975252e-05
17657,2.4603583324201254e-05
17658,2.4614928095362924e-05
17659,2.462635773478356e-05
17660,2.4639681181680126e-05
17661,2.4652057098622895e-05
17662,2.4665523421138004e-05
17663,2.4677365317930516e-05
17664,2.4689928430047862e-05
17665,2.4700738357345402e-05
17666,2.4712867635026552e-05
17667,2.4725182552304224e-05
17668,2.473864695696667e-05
17669,2.4751625181489884e-05
17670,2.4763740490970374e-05
17671,2.4775110030065177e-05
17672,2.4787355051107328e-05
17673,2.479857089940537e-05
17674,2.4810490549651336e-05
17675,2.4824354572509555e-05
17676,2.4838080156358806e-05
17677,2.4851508017980964e-05
17678,2.48648430765559e-05
17679,2.4877003212817117e-05
17680,2.488945716158744e-05
17681,2.4903863732950053e-05
17682,2.4917253998067986e-05
17683,2.492997038375327e-05
17684,2.4942708643898132e-05
17685,2.4956132063167168e-05
17686,2.4968157946313982e-05
17687,2.498025667906706e-05
17688,2.499259783018681e-05
17689,2.5003674194174105e-05
17690,2.5014753847659936e-05
17691,2.5026694680213067e-05
17692,2.503837943258908e-05
17693,2.504899141091181e-05
17694,2.506149622524504e-05
17695,2.507299700059995e-05
17696,2.5083632065434297e-05
17697,2.5096368738472548e-05
17698,2.5110504465535197e-05
17699,2.512278418232227e-05
17700,2.51361839182332e-05
17701,2.514779689625441e-05
17702,2.515942247838555e-05
17703,2.517044837391624e-05
17704,2.5182058752117074e-05
17705,2.5194301282285473e-05
17706,2.5205514581428317e-05
17707,2.5216317700364264e-05
17708,2.522657235340205e-05
17709,2.5238967489473672e-05
17710,2.5251961280311074e-05
17711,2.5265031257892246e-05
17712,2.527707284969584e-05
17713,2.5289405675562155e-05
17714,2.5302753019549625e-05
17715,2.5314343927500115e-05
17716,2.5325837633217303e-05
17717,2.5337726313387795e-05
17718,2.5348990968408544e-05
17719,2.5362201206279447e-05
17720,2.53744613383623e-05
17721,2.5387387336876392e-05
17722,2.539960701420683e-05
17723,2.5414116611448685e-05
17724,2.5426430492658994e-05
17725,2.5437888769036923e-05
17726,2.5452708614095522e-05
17727,2.5468952848689783e-05
17728,2.5486462780523544e-05
17729,2.5502198715477064e-05
17730,2.5518092666241795e-05
17731,2.5531942498931476e-05
17732,2.5546868166280804e-05
17733,2.5560881587473256e-05
17734,2.5574731018145583e-05
17735,2.5587803612341653e-05
17736,2.560244005259641e-05
17737,2.561610884357509e-05
17738,2.5631315292469303e-05
17739,2.564519233487113e-05
17740,2.5661132225612672e-05
17741,2.567568198884301e-05
17742,2.5689908317844087e-05
17743,2.5703335447071963e-05
17744,2.5717025945303317e-05
17745,2.5731049159452545e-05
17746,2.574355956685159e-05
17747,2.575739804586489e-05
17748,2.5770785799438586e-05
17749,2.5782657953270193e-05
17750,2.5795298788865245e-05
17751,2.5808011276081984e-05
17752,2.5821243722761003e-05
17753,2.5838036224022702e-05
17754,2.5859305631826844e-05
17755,2.5876045972073636e-05
17756,2.5888640869869712e-05
17757,2.5901527657519432e-05
17758,2.5916252394772163e-05
17759,2.5930858680532932e-05
17760,2.5944769011420015e-05
17761,2.595834806923758e-05
17762,2.5975347220148603e-05
17763,2.599431385076868e-05
17764,2.601097373684327e-05
17765,2.6025594626005643e-05
17766,2.6039405738197278e-05
17767,2.6053460422803768e-05
17768,2.6066151859695267e-05
17769,2.6080480593656147e-05
17770,2.6093907632116907e-05
17771,2.6107311991084903e-05
17772,2.6120517664831872e-05
17773,2.6134308247479073e-05
17774,2.6147217876783474e-05
17775,2.615954455419194e-05
17776,2.61735643706982e-05
17777,2.6185723519066498e-05
17778,2.6199927114247235e-05
17779,2.6212486227390828e-05
17780,2.6225496050186327e-05
17781,2.6239073145227333e-05
17782,2.62529259031248e-05
17783,2.6265864567675176e-05
17784,2.6280251519846047e-05
17785,2.62946835482071e-05
17786,2.630937084777898e-05
17787,2.6323468928192804e-05
17788,2.633903569152756e-05
17789,2.6354235614993653e-05
17790,2.6367757535450547e-05
17791,2.6382985248971396e-05
17792,2.6398417417100322e-05
17793,2.6414334066309807e-05
17794,2.6432040531601093e-05
17795,2.644687507833178e-05
17796,2.6463269047059046e-05
17797,2.647898707388436e-05
17798,2.6493030455886e-05
17799,2.6506455975097584e-05
17800,2.6520520419244865e-05
17801,2.6534926609943065e-05
17802,2.6549149372815338e-05
17803,2.6562946409270486e-05
17804,2.657763347694271e-05
17805,2.6592010958631503e-05
17806,2.6605519556623615e-05
17807,2.6620940854368257e-05
17808,2.663525198419873e-05
17809,2.6650273908046944e-05
17810,2.666669632994316e-05
17811,2.6681625757332403e-05
17812,2.6696265406372664e-05
17813,2.6710094902583357e-05
17814,2.672464815270317e-05
17815,2.6739627650645015e-05
17816,2.675505868793673e-05
17817,2.676825096735272e-05
17818,2.678096651728017e-05
17819,2.6794666551999008e-05
17820,2.6809669429111415e-05
17821,2.6823639664855342e-05
17822,2.6839530176215787e-05
17823,2.6854817548816295e-05
17824,2.686901378272865e-05
17825,2.6884703104177705e-05
17826,2.6899218266562384e-05
17827,2.6915768806954265e-05
17828,2.6931744993242454e-05
17829,2.6947299008422404e-05
17830,2.6960901605893676e-05
17831,2.697617846149296e-05
17832,2.6992708969667975e-05
17833,2.7009342899340214e-05
17834,2.702723598625717e-05
17835,2.7043208251662434e-05
17836,2.7058154741087962e-05
17837,2.7071012151199723e-05
17838,2.7085102138670516e-05
17839,2.709944716712951e-05
17840,2.7111239765023704e-05
17841,2.712361626340757e-05
17842,2.7135572906070942e-05
17843,2.714864787248297e-05
17844,2.716172096547417e-05
17845,2.717376193090527e-05
17846,2.7185747628853904e-05
17847,2.7198004439509015e-05
17848,2.7211500339918694e-05
17849,2.7223967874811886e-05
17850,2.7237752376634556e-05
17851,2.725351267499844e-05
17852,2.726812947447488e-05
17853,2.728437595366111e-05
17854,2.729964646887535e-05
17855,2.7315594882912e-05
17856,2.7330669757426674e-05
17857,2.7345218205961163e-05
17858,2.7358916632519262e-05
17859,2.737350345199599e-05
17860,2.7388715186863795e-05
17861,2.7403340119036452e-05
17862,2.741717794544462e-05
17863,2.7431017347532104e-05
17864,2.7444253275646126e-05
17865,2.745913462243418e-05
17866,2.7472900080559744e-05
17867,2.748578592740362e-05
17868,2.749918717630301e-05
17869,2.7513230103029423e-05
17870,2.7528908865508608e-05
17871,2.754148396105578e-05
17872,2.7554317859496374e-05
17873,2.756643369871843e-05
17874,2.7582020105427646e-05
17875,2.7595173299156522e-05
17876,2.7608456910515103e-05
17877,2.7623669963053428e-05
17878,2.76386632767998e-05
17879,2.7651515275962493e-05
17880,2.7666482049737227e-05
17881,2.7677693289448426e-05
17882,2.769197184657315e-05
17883,2.7704803404941117e-05
17884,2.7718238614162115e-05
17885,2.7731947463935937e-05
17886,2.774559311676249e-05
17887,2.7758293998808176e-05
17888,2.777052636928615e-05
17889,2.778189392698526e-05
17890,2.7794983663929226e-05
17891,2.7806174775527273e-05
17892,2.781776771008336e-05
17893,2.7829508069786005e-05
17894,2.7841712433096173e-05
17895,2.7853493728620358e-05
17896,2.7865184226375005e-05
17897,2.7877800364744557e-05
17898,2.789033451827806e-05
17899,2.7902248190952868e-05
17900,2.791445865860385e-05
17901,2.7926311260913328e-05
17902,2.7939455112145925e-05
17903,2.7953425853355293e-05
17904,2.796456455084047e-05
17905,2.7977912983336474e-05
17906,2.7989925097689126e-05
17907,2.8004113152494175e-05
17908,2.8015970230877683e-05
17909,2.802799931221516e-05
17910,2.8040993771611554e-05
17911,2.8054070721300702e-05
17912,2.8067019768296477e-05
17913,2.8079916804190304e-05
17914,2.8095826990409497e-05
17915,2.811007368538242e-05
17916,2.8124140540098233e-05
17917,2.813658307870352e-05
17918,2.8147181595156108e-05
17919,2.815829369447088e-05
17920,2.8170618076273975e-05
17921,2.8183686438799117e-05
17922,2.8194914321081603e-05
17923,2.8206080907263813e-05
17924,2.8219797115791493e-05
17925,2.8233462126329268e-05
17926,2.8246149279030035e-05
17927,2.8259338771331898e-05
17928,2.8272308053498593e-05
17929,2.82834387277678e-05
17930,2.8295315110547125e-05
17931,2.8306892625826874e-05
17932,2.8317742663120773e-05
17933,2.832853926209447e-05
17934,2.8340901715752315e-05
17935,2.8351149656573504e-05
17936,2.8364430481552296e-05
17937,2.8374666996824088e-05
17938,2.8386403158495875e-05
17939,2.8398737753414066e-05
17940,2.841066160988244e-05
17941,2.84233241030466e-05
17942,2.8435118996907822e-05
17943,2.8447619885154492e-05
17944,2.846095104414761e-05
17945,2.8473211691804267e-05
17946,2.84861843252306e-05
17947,2.8501087827034413e-05
17948,2.851509030364502e-05
17949,2.852803589884849e-05
17950,2.8541588465156578e-05
17951,2.8554671692900524e-05
17952,2.85670627735255e-05
17953,2.8578163623946216e-05
17954,2.8595209424428855e-05
17955,2.8606476382904136e-05
17956,2.8618140859102536e-05
17957,2.8630112261439323e-05
17958,2.864134170022172e-05
17959,2.8656040839408317e-05
17960,2.8668353634049375e-05
17961,2.8680416102178738e-05
17962,2.869189122658466e-05
17963,2.8702240188888253e-05
17964,2.8714206800989368e-05
17965,2.8726542381231977e-05
17966,2.8741215585241304e-05
17967,2.8753861749224775e-05
17968,2.876626983835436e-05
17969,2.8780454172754844e-05
17970,2.879426043094136e-05
17971,2.880757958577961e-05
17972,2.8822056158814032e-05
17973,2.8834864089078842e-05
17974,2.8848387834809094e-05
17975,2.88623958489098e-05
17976,2.887671233997045e-05
17977,2.8890156882789436e-05
17978,2.890170308111055e-05
17979,2.8912762059839857e-05
17980,2.892373958042422e-05
17981,2.893538939070009e-05
17982,2.894580227388499e-05
17983,2.895819891103771e-05
17984,2.8972846026020202e-05
17985,2.898476913779289e-05
17986,2.8996184162205652e-05
17987,2.900898997436095e-05
17988,2.9022982739419926e-05
17989,2.9035591092807048e-05
17990,2.9047857975396927e-05
17991,2.9060991593903094e-05
17992,2.9074150427276558e-05
17993,2.908696393971813e-05
17994,2.910146940478684e-05
17995,2.911719314825535e-05
17996,2.9133821394167127e-05
17997,2.9148427093054024e-05
17998,2.916182065907226e-05
17999,2.917508729149839e-05
18000,2.918922481259528e-05
18001,2.9204168952806796e-05
18002,2.9219222081373906e-05
18003,2.9234493308986344e-05
18004,2.9251049172784837e-05
18005,2.9266442884119746e-05
18006,2.9280221632709016e-05
18007,2.9293541065658557e-05
18008,2.9305866173026294e-05
18009,2.932054372274504e-05
18010,2.9335932197126e-05
18011,2.9350340952406413e-05
18012,2.9367345434824332e-05
18013,2.9384178735488543e-05
18014,2.9399438730361456e-05
18015,2.9415442091844925e-05
18016,2.943006101830208e-05
18017,2.9446311095159225e-05
18018,2.9460538704603047e-05
18019,2.9476292361014982e-05
18020,2.9490874241053015e-05
18021,2.9506455687129352e-05
18022,2.9522646420894907e-05
18023,2.9539131467642324e-05
18024,2.9555118717090612e-05
18025,2.9573371585946125e-05
18026,2.9589118041184023e-05
18027,2.960570045624365e-05
18028,2.9622050875531146e-05
18029,2.9638017144110333e-05
18030,2.965533460658616e-05
18031,2.9670230919633708e-05
18032,2.9686876129694998e-05
18033,2.9703406973779787e-05
18034,2.9725143770454964e-05
18035,2.975307192371032e-05
18036,2.9769848006236702e-05
18037,2.9789700074493645e-05
18038,2.980748445866943e-05
18039,2.9822388955267523e-05
18040,2.9839353717893338e-05
18041,2.9856153593709786e-05
18042,2.9874223622681616e-05
18043,2.989130256941176e-05
18044,2.991047928789691e-05
18045,2.9928335146216567e-05
18046,2.9945965750676314e-05
18047,2.9963891869812043e-05
18048,2.9980758935403882e-05
18049,2.9997673682208927e-05
18050,3.001528665082872e-05
18051,3.003186171508239e-05
18052,3.004969356265739e-05
18053,3.0066578624956962e-05
18054,3.00828428524662e-05
18055,3.0099663717102408e-05
18056,3.01150398521146e-05
18057,3.0132111625314896e-05
18058,3.0147706402066454e-05
18059,3.0163858824879813e-05
18060,3.018471699572799e-05
18061,3.0203337368041613e-05
18062,3.0219470315710595e-05
18063,3.0235568339938308e-05
18064,3.0254076512514144e-05
18065,3.0273079321851028e-05
18066,3.0290871618996952e-05
18067,3.0307855790672586e-05
18068,3.0324902976067477e-05
18069,3.0342081786656862e-05
18070,3.036086754256763e-05
18071,3.0378368934666698e-05
18072,3.039579688571268e-05
18073,3.0411920948695353e-05
18074,3.0427904439882314e-05
18075,3.044546667526789e-05
18076,3.0460922232970176e-05
18077,3.0476946871564524e-05
18078,3.0493498272221695e-05
18079,3.0508627489185368e-05
18080,3.052567926222451e-05
18081,3.053992373828758e-05
18082,3.055647034840477e-05
18083,3.057138985580514e-05
18084,3.0587476107233544e-05
18085,3.060275348942535e-05
18086,3.0619032272383245e-05
18087,3.06347829294329e-05
18088,3.065161752714015e-05
18089,3.066991712823999e-05
18090,3.068285853172625e-05
18091,3.069847975608679e-05
18092,3.071551074256619e-05
18093,3.0731984067991354e-05
18094,3.0748712798262266e-05
18095,3.076607972251136e-05
18096,3.0784773191898184e-05
18097,3.080111550133229e-05
18098,3.081592856544917e-05
18099,3.0831778218248323e-05
18100,3.084729616499676e-05
18101,3.086253950423875e-05
18102,3.0877107714539486e-05
18103,3.0893003462836636e-05
18104,3.0911043406684364e-05
18105,3.092801224753247e-05
18106,3.0941916718409585e-05
18107,3.0956492160194814e-05
18108,3.097173469831949e-05
18109,3.098679607386966e-05
18110,3.100286070129329e-05
18111,3.10237085690334e-05
18112,3.1040737127467986e-05
18113,3.105750395190087e-05
18114,3.107312904859887e-05
18115,3.1088034772681734e-05
18116,3.110263224993299e-05
18117,3.1118382728235425e-05
18118,3.11333059934447e-05
18119,3.114817022301013e-05
18120,3.116403341047904e-05
18121,3.1179879516268145e-05
18122,3.1195614507098807e-05
18123,3.1210179547735e-05
18124,3.122813187367346e-05
18125,3.124454850080456e-05
18126,3.125953952297289e-05
18127,3.127375350443627e-05
18128,3.129038341142071e-05
18129,3.130622815925892e-05
18130,3.132027504120205e-05
18131,3.133835887611801e-05
18132,3.1353615035883316e-05
18133,3.136842924877381e-05
18134,3.13827971188617e-05
18135,3.13983828240336e-05
18136,3.1417429409484845e-05
18137,3.1441483473257014e-05
18138,3.145636718429351e-05
18139,3.147204042139272e-05
18140,3.148723010001069e-05
18141,3.150249849325989e-05
18142,3.151772839731176e-05
18143,3.153153614047499e-05
18144,3.154723748341372e-05
18145,3.156409086470773e-05
18146,3.1577975792378925e-05
18147,3.159273403521607e-05
18148,3.1606152778742974e-05
18149,3.161975005219447e-05
18150,3.1634261421577896e-05
18151,3.164724631153032e-05
18152,3.1664905700512256e-05
18153,3.1682286299358894e-05
18154,3.170293388168671e-05
18155,3.171959668195475e-05
18156,3.1734692450135044e-05
18157,3.174870658420095e-05
18158,3.176221120193455e-05
18159,3.1775998061934564e-05
18160,3.178832792954359e-05
18161,3.18011430188996e-05
18162,3.1813900734446355e-05
18163,3.182538643017256e-05
18164,3.183881297384156e-05
18165,3.185272367532233e-05
18166,3.186500179912441e-05
18167,3.187719026612936e-05
18168,3.1887863198642733e-05
18169,3.18998633808368e-05
18170,3.191193626102709e-05
18171,3.1925022907545025e-05
18172,3.194000683593444e-05
18173,3.195517023359562e-05
18174,3.1971445939963005e-05
18175,3.1986824148177256e-05
18176,3.200261551183089e-05
18177,3.201810514649968e-05
18178,3.203491072685511e-05
18179,3.204952065476066e-05
18180,3.206328374435802e-05
18181,3.207593646873229e-05
18182,3.208947606435125e-05
18183,3.210413440672662e-05
18184,3.212067595725386e-05
18185,3.213536005458832e-05
18186,3.214992806481895e-05
18187,3.216181451059194e-05
18188,3.2174117681502686e-05
18189,3.2189096384301087e-05
18190,3.2201806126733304e-05
18191,3.221402145931916e-05
18192,3.22268952841614e-05
18193,3.2241048633661245e-05
18194,3.225644046886688e-05
18195,3.227144785023916e-05
18196,3.228856191649193e-05
18197,3.23047423538663e-05
18198,3.2318545921464574e-05
18199,3.233371060215381e-05
18200,3.234708262470493e-05
18201,3.236223214341562e-05
18202,3.237607157836773e-05
18203,3.23903206908845e-05
18204,3.2405325504373474e-05
18205,3.2421633295732993e-05
18206,3.243635870595656e-05
18207,3.2451143117264376e-05
18208,3.2467016427158556e-05
18209,3.248188586629113e-05
18210,3.24967815340718e-05
18211,3.250882394063929e-05
18212,3.252326238029693e-05
18213,3.253887617429193e-05
18214,3.255452011646032e-05
18215,3.256854996325286e-05
18216,3.2584014372801836e-05
18217,3.2599761086188685e-05
18218,3.2615896426977284e-05
18219,3.263154048390843e-05
18220,3.2647248184009925e-05
18221,3.2663202957711986e-05
18222,3.267949998996642e-05
18223,3.269571255677994e-05
18224,3.2711763154800746e-05
18225,3.272788544037295e-05
18226,3.274457390738022e-05
18227,3.275917243222616e-05
18228,3.277418072164162e-05
18229,3.279048371337642e-05
18230,3.28079267679865e-05
18231,3.282346517658044e-05
18232,3.283872385143465e-05
18233,3.285370815594593e-05
18234,3.287043905056523e-05
18235,3.288727467296715e-05
18236,3.29032868614572e-05
18237,3.292151417818465e-05
18238,3.293878388356584e-05
18239,3.2956929752532546e-05
18240,3.297358476034906e-05
18241,3.2989835671825954e-05
18242,3.300691255566231e-05
18243,3.302720265770032e-05
18244,3.305140953148755e-05
18245,3.307950031885007e-05
18246,3.3100840592345396e-05
18247,3.3118297457460726e-05
18248,3.3136631163503416e-05
18249,3.315517600655014e-05
18250,3.31715811490627e-05
18251,3.318913717542948e-05
18252,3.320720197116907e-05
18253,3.322428575690948e-05
18254,3.3242312929723846e-05
18255,3.325860056069484e-05
18256,3.32760559191168e-05
18257,3.32923749268806e-05
18258,3.330948991636074e-05
18259,3.3326078616335676e-05
18260,3.334295129394824e-05
18261,3.335921019591027e-05
18262,3.3378128139347614e-05
18263,3.3394991464636125e-05
18264,3.3414593905214927e-05
18265,3.343221774119105e-05
18266,3.3448345494303125e-05
18267,3.3464544818156745e-05
18268,3.348176317638607e-05
18269,3.349807997083728e-05
18270,3.351525045691878e-05
18271,3.353234515618517e-05
18272,3.3547983403239275e-05
18273,3.356516226983742e-05
18274,3.3582953768036166e-05
18275,3.3601964779349895e-05
18276,3.3618891988126105e-05
18277,3.363636772103755e-05
18278,3.365414326130682e-05
18279,3.367240717363263e-05
18280,3.3691746495860826e-05
18281,3.370842108624084e-05
18282,3.372658978761988e-05
18283,3.3746461360592415e-05
18284,3.376378500198061e-05
18285,3.378296385257404e-05
18286,3.380186682522591e-05
18287,3.382157933580179e-05
18288,3.383887280855384e-05
18289,3.3855649007427275e-05
18290,3.387452075133229e-05
18291,3.3892107667261134e-05
18292,3.39098120370952e-05
18293,3.392833131348675e-05
18294,3.3944365100184086e-05
18295,3.3962188037179744e-05
18296,3.397857007829521e-05
18297,3.39946005787179e-05
18298,3.401007329746639e-05
18299,3.402751875706399e-05
18300,3.4045779815784365e-05
18301,3.4061458755073485e-05
18302,3.407667000250568e-05
18303,3.409225033127783e-05
18304,3.4109961982567154e-05
18305,3.412846020428461e-05
18306,3.414644906591241e-05
18307,3.416331227455529e-05
18308,3.417962660048138e-05
18309,3.419572559325517e-05
18310,3.421437625972298e-05
18311,3.4233181156480295e-05
18312,3.425131174529666e-05
18313,3.4268609232383446e-05
18314,3.429427044166395e-05
18315,3.431484151521157e-05
18316,3.433313266410324e-05
18317,3.43548038445064e-05
18318,3.4373836934100634e-05
18319,3.43885283805489e-05
18320,3.4405604505554405e-05
18321,3.4420421907114875e-05
18322,3.44359622987982e-05
18323,3.445333123650775e-05
18324,3.4472826716535e-05
18325,3.44924558296235e-05
18326,3.45073025196466e-05
18327,3.4525269481827016e-05
18328,3.454098818983098e-05
18329,3.455725490210396e-05
18330,3.457497759150666e-05
18331,3.459150505421822e-05
18332,3.460721720410905e-05
18333,3.462471136087713e-05
18334,3.4642432358627204e-05
18335,3.465929422058694e-05
18336,3.467560907329089e-05
18337,3.4693078904228035e-05
18338,3.471165331511227e-05
18339,3.472792470281446e-05
18340,3.474464401894951e-05
18341,3.476208529365502e-05
18342,3.477539596393071e-05
18343,3.479056752018551e-05
18344,3.480724692619128e-05
18345,3.4822508530116216e-05
18346,3.483950532639446e-05
18347,3.485676453044491e-05
18348,3.487282270213897e-05
18349,3.4888764137850836e-05
18350,3.490350438030117e-05
18351,3.491908668302761e-05
18352,3.493613493718546e-05
18353,3.495127197409701e-05
18354,3.496550266440338e-05
18355,3.4980099570724476e-05
18356,3.49936942193107e-05
18357,3.5006563914056506e-05
18358,3.5019402284479625e-05
18359,3.503310187443265e-05
18360,3.5046824812156776e-05
18361,3.50606124233837e-05
18362,3.507439682273666e-05
18363,3.509168343609407e-05
18364,3.510882994087667e-05
18365,3.5123750336638405e-05
18366,3.513694506726031e-05
18367,3.5151084165476776e-05
18368,3.516575855591304e-05
18369,3.5177943302694866e-05
18370,3.519236801939933e-05
18371,3.520660170690994e-05
18372,3.5221183722602866e-05
18373,3.52331876211974e-05
18374,3.524802195705148e-05
18375,3.5264179445732856e-05
18376,3.528071835871885e-05
18377,3.530075041319356e-05
18378,3.531879510336974e-05
18379,3.533458588781829e-05
18380,3.5348990287404414e-05
18381,3.53654831790229e-05
18382,3.538141410887167e-05
18383,3.5397177453492994e-05
18384,3.541242798708054e-05
18385,3.5429579625596654e-05
18386,3.544344283675541e-05
18387,3.545925874048117e-05
18388,3.547417331718407e-05
18389,3.5489882340922174e-05
18390,3.550488334886826e-05
18391,3.552070877632875e-05
18392,3.553541499282388e-05
18393,3.55508385218781e-05
18394,3.556657016911676e-05
18395,3.5581581739441263e-05
18396,3.5597067008432547e-05
18397,3.5613447459748825e-05
18398,3.562744046707203e-05
18399,3.564225520704266e-05
18400,3.5655764002998056e-05
18401,3.567187876616582e-05
18402,3.5689369721887535e-05
18403,3.570515338578689e-05
18404,3.571921594907047e-05
18405,3.5734426824066285e-05
18406,3.575330384463641e-05
18407,3.5771560652467676e-05
18408,3.579354979449892e-05
18409,3.5811205810521274e-05
18410,3.582554573587788e-05
18411,3.5840222248929264e-05
18412,3.585661740178121e-05
18413,3.5872964766577484e-05
18414,3.588999904288872e-05
18415,3.59065060960743e-05
18416,3.59220178617456e-05
18417,3.593792728822102e-05
18418,3.595432322801046e-05
18419,3.597182270005833e-05
18420,3.5990120266395536e-05
18421,3.600860946777382e-05
18422,3.602388681478175e-05
18423,3.603993698233512e-05
18424,3.605583310394975e-05
18425,3.607147550289893e-05
18426,3.6087292024694826e-05
18427,3.610270629457803e-05
18428,3.611777905307496e-05
18429,3.6132081645176946e-05
18430,3.614657041537622e-05
18431,3.616117889998313e-05
18432,3.617853038123696e-05
18433,3.6197018371619404e-05
18434,3.621326000767861e-05
18435,3.6229103056946584e-05
18436,3.6244385070322424e-05
18437,3.626067084724444e-05
18438,3.627726275749709e-05
18439,3.629519388410572e-05
18440,3.631147577192672e-05
18441,3.63277064642463e-05
18442,3.634475773089744e-05
18443,3.636246508050154e-05
18444,3.6379645936540026e-05
18445,3.639925099985987e-05
18446,3.641501691969008e-05
18447,3.643145027853988e-05
18448,3.6447755044825204e-05
18449,3.646508471341589e-05
18450,3.64809352756836e-05
18451,3.649609656699853e-05
18452,3.6512742366311645e-05
18453,3.6529187595599715e-05
18454,3.654555495557372e-05
18455,3.656216099814554e-05
18456,3.65790626196633e-05
18457,3.659453170215137e-05
18458,3.660903418317155e-05
18459,3.662347963364157e-05
18460,3.663977254976103e-05
18461,3.665570769296187e-05
18462,3.667031180995193e-05
18463,3.668665047270185e-05
18464,3.6704223477325424e-05
18465,3.672067698416728e-05
18466,3.673507914497809e-05
18467,3.674973943255093e-05
18468,3.676395430441344e-05
18469,3.6778348583812225e-05
18470,3.679240578386262e-05
18471,3.6805408585558444e-05
18472,3.682007388198274e-05
18473,3.6835577166271735e-05
18474,3.6850903737003575e-05
18475,3.686619379388417e-05
18476,3.687904559234491e-05
18477,3.689448088056137e-05
18478,3.690828558230904e-05
18479,3.6923114652249905e-05
18480,3.6939576480525025e-05
18481,3.69546243770168e-05
18482,3.6969251038575627e-05
18483,3.698412340281888e-05
18484,3.700013453694092e-05
18485,3.701557686094022e-05
18486,3.7030072251718425e-05
18487,3.704527332973069e-05
18488,3.7060323730745255e-05
18489,3.7074709953874855e-05
18490,3.70877648883326e-05
18491,3.710332576678012e-05
18492,3.7119685523600506e-05
18493,3.713505280605721e-05
18494,3.715127112382286e-05
18495,3.716860987709824e-05
18496,3.718462851591677e-05
18497,3.7203798935816365e-05
18498,3.722155426252885e-05
18499,3.723723977013799e-05
18500,3.725632234956964e-05
18501,3.7274451130965025e-05
18502,3.728970054549365e-05
18503,3.7308213237299626e-05
18504,3.7325003834527855e-05
18505,3.734174856321368e-05
18506,3.735939457686323e-05
18507,3.738277368445013e-05
18508,3.739911966760346e-05
18509,3.7414602177475884e-05
18510,3.743262825554996e-05
18511,3.744897070186567e-05
18512,3.746610676274907e-05
18513,3.7482142166409366e-05
18514,3.749741017890388e-05
18515,3.751178042611611e-05
18516,3.752781307204968e-05
18517,3.754357895924629e-05
18518,3.755930987310381e-05
18519,3.757575432109923e-05
18520,3.7593451160297514e-05
18521,3.7610695778285126e-05
18522,3.762633696508043e-05
18523,3.764327924017413e-05
18524,3.765948213384774e-05
18525,3.767602752873948e-05
18526,3.7692423981516166e-05
18527,3.7708554758798454e-05
18528,3.772459268077386e-05
18529,3.773937780394824e-05
18530,3.775447137377669e-05
18531,3.777071955749637e-05
18532,3.778836979644976e-05
18533,3.780428465753678e-05
18534,3.7821847881563505e-05
18535,3.7837035204123305e-05
18536,3.785429824345489e-05
18537,3.786899983630658e-05
18538,3.788621272430321e-05
18539,3.790333952937234e-05
18540,3.791833012170581e-05
18541,3.793469661522308e-05
18542,3.795123216672015e-05
18543,3.7966614709057665e-05
18544,3.798131076743022e-05
18545,3.799738764650289e-05
18546,3.801295602310748e-05
18547,3.803129401203885e-05
18548,3.804893542181416e-05
18549,3.806446757361144e-05
18550,3.80794849937715e-05
18551,3.8097266609777276e-05
18552,3.811285622669192e-05
18553,3.8130015167268065e-05
18554,3.814829023454366e-05
18555,3.816208952464617e-05
18556,3.8177788361032946e-05
18557,3.8192505420549084e-05
18558,3.8207403750368596e-05
18559,3.8222316902047e-05
18560,3.824004602045887e-05
18561,3.825650975391966e-05
18562,3.827379951688321e-05
18563,3.8292391558348095e-05
18564,3.8310764507708026e-05
18565,3.8333533781394404e-05
18566,3.8349111174452065e-05
18567,3.836512240837477e-05
18568,3.83825301430997e-05
18569,3.840031734148896e-05
18570,3.841883653705315e-05
18571,3.8436256122096184e-05
18572,3.845255124423354e-05
18573,3.847054953381069e-05
18574,3.8487273836675435e-05
18575,3.8505699501656574e-05
18576,3.852249693112501e-05
18577,3.853891331804034e-05
18578,3.855634928723178e-05
18579,3.85766241190761e-05
18580,3.859488214706369e-05
18581,3.8612132237937095e-05
18582,3.8628613502598804e-05
18583,3.864448594504234e-05
18584,3.865950660391939e-05
18585,3.867833650413942e-05
18586,3.869640472036112e-05
18587,3.871235074132705e-05
18588,3.872919843349718e-05
18589,3.874863630538498e-05
18590,3.876962619401122e-05
18591,3.878840420596724e-05
18592,3.88139293184498e-05
18593,3.883326821093719e-05
18594,3.8850733427889285e-05
18595,3.886948973434546e-05
18596,3.888748480819692e-05
18597,3.8904299858792445e-05
18598,3.8920938983985516e-05
18599,3.893897170293556e-05
18600,3.895460072664538e-05
18601,3.8974964147032255e-05
18602,3.8993380605978135e-05
18603,3.9010972378581755e-05
18604,3.9027221241792435e-05
18605,3.904420596056268e-05
18606,3.90619901304549e-05
18607,3.90782963304293e-05
18608,3.909607579138673e-05
18609,3.91132593512585e-05
18610,3.913114997954875e-05
18611,3.914676567257912e-05
18612,3.9163414083573377e-05
18613,3.917899131276518e-05
18614,3.919441063371855e-05
18615,3.9214137704412395e-05
18616,3.92294043297892e-05
18617,3.924579965019188e-05
18618,3.926487804338909e-05
18619,3.928353822252545e-05
18620,3.930076357576004e-05
18621,3.93198326093058e-05
18622,3.9337403615762055e-05
18623,3.9355778237802575e-05
18624,3.937297982633626e-05
18625,3.939011699537727e-05
18626,3.940787260617168e-05
18627,3.942482144518618e-05
18628,3.9440339753323384e-05
18629,3.945761157545077e-05
18630,3.9474622142399164e-05
18631,3.949243506603852e-05
18632,3.950975431117569e-05
18633,3.952754254631874e-05
18634,3.954494035467996e-05
18635,3.95616525071316e-05
18636,3.957803096521785e-05
18637,3.959562890740058e-05
18638,3.9614782146715054e-05
18639,3.9632038743567764e-05
18640,3.965615268633902e-05
18641,3.9675285111829574e-05
18642,3.969327742219628e-05
18643,3.971140343855208e-05
18644,3.9727886413687325e-05
18645,3.9744301557512466e-05
18646,3.976766372024569e-05
18647,3.978739675664885e-05
18648,3.9807118787705916e-05
18649,3.9824673196182674e-05
18650,3.984072763850757e-05
18651,3.985871205661156e-05
18652,3.987853293222683e-05
18653,3.98967498531268e-05
18654,3.9915060687707924e-05
18655,3.9931217718928865e-05
18656,3.9947438318897e-05
18657,3.996288862114151e-05
18658,3.9979630627675817e-05
18659,3.999621391710469e-05
18660,4.001303895207292e-05
18661,4.00290706404197e-05
18662,4.004488379278627e-05
18663,4.006031071429027e-05
18664,4.0077230521276454e-05
18665,4.0095103950402913e-05
18666,4.01152181743467e-05
18667,4.013055083934253e-05
18668,4.014643143358404e-05
18669,4.0163208333311236e-05
18670,4.017809291801408e-05
18671,4.0193418250146776e-05
18672,4.0208480242132525e-05
18673,4.022583984392298e-05
18674,4.024188834561175e-05
18675,4.025600542627729e-05
18676,4.0271356958122296e-05
18677,4.028524933976822e-05
18678,4.029987702076323e-05
18679,4.031512586345839e-05
18680,4.0331090649020344e-05
18681,4.0346850653076044e-05
18682,4.036289851561761e-05
18683,4.037845376148853e-05
18684,4.039498282728446e-05
18685,4.041208371216216e-05
18686,4.042785023428441e-05
18687,4.044487433123734e-05
18688,4.046491949187633e-05
18689,4.048171830045513e-05
18690,4.049858308176672e-05
18691,4.051344918444706e-05
18692,4.053090676468307e-05
18693,4.054658472934891e-05
18694,4.056399518834348e-05
18695,4.058008131873125e-05
18696,4.059652233519412e-05
18697,4.0610610696194304e-05
18698,4.062491006025747e-05
18699,4.0640708851603165e-05
18700,4.065634537583993e-05
18701,4.0671650468047695e-05
18702,4.0687106442947296e-05
18703,4.070343335405551e-05
18704,4.0720118334090936e-05
18705,4.073605032086385e-05
18706,4.075097957426981e-05
18707,4.076573410267853e-05
18708,4.078301215697564e-05
18709,4.080059832494445e-05
18710,4.081759995746607e-05
18711,4.0836474982964696e-05
18712,4.085437115369446e-05
18713,4.087175875818422e-05
18714,4.089160260162041e-05
18715,4.09075227826949e-05
18716,4.0925928467241646e-05
18717,4.094191467761269e-05
18718,4.095824507817345e-05
18719,4.097522832398526e-05
18720,4.09931763638119e-05
18721,4.1010764983320954e-05
18722,4.1029604308329116e-05
18723,4.104712388751419e-05
18724,4.1064195713760314e-05
18725,4.108099170761592e-05
18726,4.1099871291945074e-05
18727,4.111882419645791e-05
18728,4.113720824305123e-05
18729,4.1154887855316115e-05
18730,4.117399366015454e-05
18731,4.119106309518937e-05
18732,4.1208689935277105e-05
18733,4.1224934806886274e-05
18734,4.124094533994564e-05
18735,4.125732313589576e-05
18736,4.1273156006576644e-05
18737,4.1290044854278846e-05
18738,4.130757183867839e-05
18739,4.132453132434866e-05
18740,4.134239666506977e-05
18741,4.1361616964323535e-05
18742,4.138039864232882e-05
18743,4.1396290377614465e-05
18744,4.141386157289049e-05
18745,4.1431214103357246e-05
18746,4.144824487762015e-05
18747,4.146394240459915e-05
18748,4.14793480693666e-05
18749,4.149666832662487e-05
18750,4.151377314878183e-05
18751,4.1531150190238467e-05
18752,4.154839388000314e-05
18753,4.156605424649098e-05
18754,4.158327023886583e-05
18755,4.160071180551686e-05
18756,4.161974655079276e-05
18757,4.163733293883688e-05
18758,4.165503299190434e-05
18759,4.167496730684393e-05
18760,4.16918252575254e-05
18761,4.171109188589862e-05
18762,4.17294955389377e-05
18763,4.174715298726362e-05
18764,4.176401766985514e-05
18765,4.178317416602051e-05
18766,4.179824138382476e-05
18767,4.181493898927976e-05
18768,4.1832746853467554e-05
18769,4.184937750769251e-05
18770,4.186568878280429e-05
18771,4.188387636629953e-05
18772,4.1900299365461825e-05
18773,4.191799581827516e-05
18774,4.193513182969941e-05
18775,4.195378407536942e-05
18776,4.197569293273607e-05
18777,4.1995958151150564e-05
18778,4.20126810416319e-05
18779,4.202968020031096e-05
18780,4.2046904492662826e-05
18781,4.206575954383392e-05
18782,4.2088682594764655e-05
18783,4.2114262277446645e-05
18784,4.21374372728298e-05
18785,4.2153458211314555e-05
18786,4.217138599423839e-05
18787,4.2190718307851324e-05
18788,4.2208378398769756e-05
18789,4.2224453209267445e-05
18790,4.22416659568489e-05
18791,4.225706970884957e-05
18792,4.227536434117469e-05
18793,4.2293648503587246e-05
18794,4.2311037329929656e-05
18795,4.232899871273188e-05
18796,4.2346283548496624e-05
18797,4.236298264443694e-05
18798,4.238033660507724e-05
18799,4.23972602072685e-05
18800,4.241505719617248e-05
18801,4.243308729163581e-05
18802,4.2450173898771836e-05
18803,4.246636399561068e-05
18804,4.2484007093822845e-05
18805,4.250117799178374e-05
18806,4.251697791914184e-05
18807,4.253429884264153e-05
18808,4.2552946375538145e-05
18809,4.2571636793712036e-05
18810,4.2590403136684093e-05
18811,4.260854313514669e-05
18812,4.2625950717662486e-05
18813,4.2643499304051756e-05
18814,4.266093771512345e-05
18815,4.267688517686559e-05
18816,4.2695073594683255e-05
18817,4.271284233820399e-05
18818,4.272963993041085e-05
18819,4.274696987736384e-05
18820,4.276556909185902e-05
18821,4.278146165883605e-05
18822,4.2799113225149107e-05
18823,4.281785339388188e-05
18824,4.2833903623649554e-05
18825,4.2851976914977455e-05
18826,4.2868963492563724e-05
18827,4.288699435693193e-05
18828,4.290388801678476e-05
18829,4.292293752813816e-05
18830,4.294411302105504e-05
18831,4.296193268320186e-05
18832,4.297927857969563e-05
18833,4.2994809179022556e-05
18834,4.301268903350449e-05
18835,4.3032258540598195e-05
18836,4.305115753129912e-05
18837,4.307017141447796e-05
18838,4.308885779898075e-05
18839,4.3104772956927176e-05
18840,4.312428519903523e-05
18841,4.3141736143409995e-05
18842,4.315934955049429e-05
18843,4.317500806328061e-05
18844,4.31908851242003e-05
18845,4.3204844515496666e-05
18846,4.3221007415510987e-05
18847,4.323583707978431e-05
18848,4.3253303278102244e-05
18849,4.3270545020281894e-05
18850,4.328687408373718e-05
18851,4.330411922901435e-05
18852,4.3321397733210035e-05
18853,4.3337899048588684e-05
18854,4.335423149192171e-05
18855,4.3369088458024045e-05
18856,4.338484128597495e-05
18857,4.3402007959247094e-05
18858,4.3417838221731474e-05
18859,4.343477800675933e-05
18860,4.3449792039422245e-05
18861,4.346503669108271e-05
18862,4.348032752717392e-05
18863,4.349831770873383e-05
18864,4.351648811469487e-05
18865,4.353504717005951e-05
18866,4.355390861573006e-05
18867,4.356977855114143e-05
18868,4.3584450463812934e-05
18869,4.3601625546302533e-05
18870,4.361700811957199e-05
18871,4.363563756409277e-05
18872,4.3653841997411176e-05
18873,4.367213450085138e-05
18874,4.369007621767268e-05
18875,4.3706814367838163e-05
18876,4.372567436007063e-05
18877,4.3742258160158875e-05
18878,4.3761483018029053e-05
18879,4.378465912568747e-05
18880,4.3806932203274656e-05
18881,4.3823165059559354e-05
18882,4.3839398368344346e-05
18883,4.3854645288775245e-05
18884,4.387046194724715e-05
18885,4.3887805125168895e-05
18886,4.390265117187068e-05
18887,4.391750250454502e-05
18888,4.393217307198979e-05
18889,4.395660926528143e-05
18890,4.397360315212099e-05
18891,4.399085975068528e-05
18892,4.40066393176418e-05
18893,4.402347320440146e-05
18894,4.404079012328332e-05
18895,4.40569352482062e-05
18896,4.407334164432178e-05
18897,4.409061810159337e-05
18898,4.4107863441676525e-05
18899,4.412595685635769e-05
18900,4.414189584120538e-05
18901,4.415993730054499e-05
18902,4.417783341849748e-05
18903,4.4196936032916685e-05
18904,4.4215702937616436e-05
18905,4.42344281421929e-05
18906,4.42529527194247e-05
18907,4.42699928439926e-05
18908,4.428703956978385e-05
18909,4.430382607522146e-05
18910,4.432185521579164e-05
18911,4.4341475713594135e-05
18912,4.4359464842791354e-05
18913,4.437840999822758e-05
18914,4.4397351215703156e-05
18915,4.441468803158997e-05
18916,4.443300407501435e-05
18917,4.445162225628008e-05
18918,4.446989724806927e-05
18919,4.448915906902496e-05
18920,4.4508317711736255e-05
18921,4.452743341698427e-05
18922,4.454398488691376e-05
18923,4.45633384042233e-05
18924,4.458194935887442e-05
18925,4.459870465082807e-05
18926,4.46177636148075e-05
18927,4.4638359886786e-05
18928,4.4656713598726375e-05
18929,4.4675648785974666e-05
18930,4.469372486684971e-05
18931,4.471249744232065e-05
18932,4.472924681008351e-05
18933,4.4751222243592276e-05
18934,4.476963382140124e-05
18935,4.478875763689265e-05
18936,4.480688631785971e-05
18937,4.482592938008908e-05
18938,4.484622133193273e-05
18939,4.4865412811686085e-05
18940,4.4883036702645945e-05
18941,4.4902126211292026e-05
18942,4.492156841427144e-05
18943,4.494014949516929e-05
18944,4.495845000804046e-05
18945,4.4977669050080494e-05
18946,4.499749211986103e-05
18947,4.501685353099596e-05
18948,4.503434997408955e-05
18949,4.505204979427173e-05
18950,4.506945531898605e-05
18951,4.5088943979914973e-05
18952,4.5106428593316095e-05
18953,4.512224548034328e-05
18954,4.5139831159650046e-05
18955,4.515669330717594e-05
18956,4.517588885624689e-05
18957,4.519303204513826e-05
18958,4.521051778537577e-05
18959,4.5226734094284794e-05
18960,4.524486568497948e-05
18961,4.526311846380658e-05
18962,4.528111598166165e-05
18963,4.530106902009384e-05
18964,4.53194554244184e-05
18965,4.533891075414888e-05
18966,4.535553507597416e-05
18967,4.537242398352033e-05
18968,4.538759761120995e-05
18969,4.540373477198177e-05
18970,4.5420801625264157e-05
18971,4.543817907041659e-05
18972,4.5456286646171005e-05
18973,4.5472812696508066e-05
18974,4.549011008869904e-05
18975,4.550602331192954e-05
18976,4.552349250883287e-05
18977,4.5541038635507394e-05
18978,4.556171336384339e-05
18979,4.557966813487885e-05
18980,4.559768730987137e-05
18981,4.561569390793961e-05
18982,4.563281370591444e-05
18983,4.565078399055791e-05
18984,4.5669194325528724e-05
18985,4.568649813130143e-05
18986,4.57042760713313e-05
18987,4.572186934286635e-05
18988,4.574144158318022e-05
18989,4.576071755506252e-05
18990,4.577687543038468e-05
18991,4.579570185348077e-05
18992,4.581401451993981e-05
18993,4.583194157897134e-05
18994,4.585183272424015e-05
18995,4.586971882151094e-05
18996,4.588940049775376e-05
18997,4.590819741144631e-05
18998,4.5925077420192854e-05
18999,4.594312944171249e-05
19000,4.59616284447499e-05
19001,4.5979966672692354e-05
19002,4.599852675567235e-05
19003,4.601715297079275e-05
19004,4.603441747589034e-05
19005,4.605271736295676e-05
19006,4.607110542443589e-05
19007,4.608796875199926e-05
19008,4.610506006960688e-05
19009,4.612265693950037e-05
19010,4.614001216283231e-05
19011,4.615715385478628e-05
19012,4.617355580842317e-05
19013,4.619055540456158e-05
19014,4.6208922039995396e-05
19015,4.622649593015269e-05
19016,4.624585955444986e-05
19017,4.626356683050795e-05
19018,4.628247510841451e-05
19019,4.630163259517958e-05
19020,4.632669404272841e-05
19021,4.6345165029123584e-05
19022,4.6363394240353724e-05
19023,4.638169194220438e-05
19024,4.6399783773935755e-05
19025,4.6416096476581184e-05
19026,4.643295614563995e-05
19027,4.645088022969259e-05
19028,4.646665878608105e-05
19029,4.648455901923494e-05
19030,4.649911095238934e-05
19031,4.6516152459971954e-05
19032,4.653272967724648e-05
19033,4.654986355779669e-05
19034,4.656623437929174e-05
19035,4.658359640460961e-05
19036,4.6600575895090934e-05
19037,4.6618907444768714e-05
19038,4.66360716570381e-05
19039,4.665472263043882e-05
19040,4.6673766334755546e-05
19041,4.669259367115422e-05
19042,4.671016769062717e-05
19043,4.672821150286128e-05
19044,4.674717999183965e-05
19045,4.676445484267597e-05
19046,4.6780893598876755e-05
19047,4.679867530910498e-05
19048,4.6815216810732194e-05
19049,4.683079877348895e-05
19050,4.6848383663203105e-05
19051,4.6864173380529217e-05
19052,4.6881729395473023e-05
19053,4.689659502715671e-05
19054,4.6913378544625695e-05
19055,4.6930398540564584e-05
19056,4.694684735902062e-05
19057,4.696466993870005e-05
19058,4.6981360124356635e-05
19059,4.699667603944144e-05
19060,4.701316621957157e-05
19061,4.7030276085635075e-05
19062,4.704714728792564e-05
19063,4.706454479762649e-05
19064,4.708416367976886e-05
19065,4.71017136113005e-05
19066,4.711760374711916e-05
19067,4.7134969751109445e-05
19068,4.7151199062798725e-05
19069,4.716788014361799e-05
19070,4.718571172585175e-05
19071,4.7202276627972095e-05
19072,4.7218058554072534e-05
19073,4.7235840223272995e-05
19074,4.725240271083626e-05
19075,4.7267743895393e-05
19076,4.728449838975958e-05
19077,4.730094380621602e-05
19078,4.732161010505255e-05
19079,4.734015955387913e-05
19080,4.735642708182382e-05
19081,4.7375224616542264e-05
19082,4.73913705813876e-05
19083,4.740844894734446e-05
19084,4.742581027357611e-05
19085,4.744424061821327e-05
19086,4.746463923480154e-05
19087,4.748301671761168e-05
19088,4.7501476660277876e-05
19089,4.752170190304322e-05
19090,4.754019273925726e-05
19091,4.756099518711684e-05
19092,4.75794746869689e-05
19093,4.759739153629128e-05
19094,4.761821009265027e-05
19095,4.763739666013875e-05
19096,4.7655402210300354e-05
19097,4.767421139761865e-05
19098,4.7692635836371344e-05
19099,4.771220105842212e-05
19100,4.7730388039325056e-05
19101,4.774958523337133e-05
19102,4.776938722766352e-05
19103,4.778974003390539e-05
19104,4.780953679469451e-05
19105,4.782924187544642e-05
19106,4.784962609947681e-05
19107,4.786722579517141e-05
19108,4.78878034588408e-05
19109,4.79070340124408e-05
19110,4.79261735826495e-05
19111,4.794635359393969e-05
19112,4.796590933861291e-05
19113,4.7985694187987145e-05
19114,4.800591234676109e-05
19115,4.802473882726503e-05
19116,4.804355074748348e-05
19117,4.806443770630143e-05
19118,4.8084356433485255e-05
19119,4.8103005566443834e-05
19120,4.812452610369377e-05
19121,4.8143889058839586e-05
19122,4.816333149324721e-05
19123,4.818314939492745e-05
19124,4.8202779359749524e-05
19125,4.822448330222452e-05
19126,4.824650510537606e-05
19127,4.826607735767183e-05
19128,4.828607775964426e-05
19129,4.830743185043699e-05
19130,4.832674693722156e-05
19131,4.8345845264996775e-05
19132,4.836681865038704e-05
19133,4.838781695503842e-05
19134,4.840889195853641e-05
19135,4.842841954596246e-05
19136,4.844691387256745e-05
19137,4.8468478693850954e-05
19138,4.849301509826163e-05
19139,4.85154889825885e-05
19140,4.853795897497824e-05
19141,4.8560726357277916e-05
19142,4.858195770118938e-05
19143,4.8603970914598714e-05
19144,4.862754319539797e-05
19145,4.864871903188977e-05
19146,4.867030732295665e-05
19147,4.8691041310881865e-05
19148,4.871381687528279e-05
19149,4.873423500814633e-05
19150,4.875614042554882e-05
19151,4.877634329503577e-05
19152,4.8797905203170105e-05
19153,4.8817099533029595e-05
19154,4.8837385630928733e-05
19155,4.885974459541079e-05
19156,4.8881774579170805e-05
19157,4.890392704523693e-05
19158,4.892351871851097e-05
19159,4.8944469190231085e-05
19160,4.8963302685234657e-05
19161,4.8983457117384874e-05
19162,4.900133250519584e-05
19163,4.901948112434793e-05
19164,4.903876477594726e-05
19165,4.905987191916416e-05
19166,4.907812670911456e-05
19167,4.909822210968127e-05
19168,4.9116880709920196e-05
19169,4.913925239728604e-05
19170,4.916010569952196e-05
19171,4.9180599171451475e-05
19172,4.919964293552268e-05
19173,4.9220128783221994e-05
19174,4.925078163816729e-05
19175,4.927822033903932e-05
19176,4.9297554656624e-05
19177,4.931833369347165e-05
19178,4.933823663006492e-05
19179,4.9357839324930014e-05
19180,4.9376734446516777e-05
19181,4.939924396733629e-05
19182,4.9420571804632273e-05
19183,4.944102298115278e-05
19184,4.946179181315169e-05
19185,4.948103843662554e-05
19186,4.9502722995952666e-05
19187,4.952327617333963e-05
19188,4.9541832986439244e-05
19189,4.9560013768601114e-05
19190,4.9577369907957756e-05
19191,4.959440455035908e-05
19192,4.9616065900010676e-05
19193,4.963414706505306e-05
19194,4.965049657014215e-05
19195,4.967054165479977e-05
19196,4.969113399595154e-05
19197,4.97106698313859e-05
19198,4.972911112145489e-05
19199,4.9748174317431426e-05
19200,4.976525469179177e-05
19201,4.9785390024155325e-05
19202,4.980561229347902e-05
19203,4.9823498245365146e-05
19204,4.9843532833334675e-05
19205,4.9861876599333184e-05
19206,4.988064720940632e-05
19207,4.989734007547045e-05
19208,4.9916828736786554e-05
19209,4.993769398934713e-05
19210,4.995486767057258e-05
19211,4.997458345320174e-05
19212,4.999301061720409e-05
19213,5.001149871992434e-05
19214,5.002918531207965e-05
19215,5.004852827777482e-05
19216,5.006658683993271e-05
19217,5.008862094392744e-05
19218,5.010997216339495e-05
19219,5.013015097588941e-05
19220,5.0147934762672214e-05
19221,5.0166382722697535e-05
19222,5.0183868682637376e-05
19223,5.0201093009228184e-05
19224,5.021929024265577e-05
19225,5.023658303596275e-05
19226,5.0255092895052937e-05
19227,5.027595528076321e-05
19228,5.029156900370781e-05
19229,5.030826581477399e-05
19230,5.032518397708596e-05
19231,5.0342987532716314e-05
19232,5.0360072962468165e-05
19233,5.03766350465641e-05
19234,5.039458401473642e-05
19235,5.041318282808614e-05
19236,5.043295827856943e-05
19237,5.0452164687321754e-05
19238,5.0470140986844815e-05
19239,5.048931530648717e-05
19240,5.050673446401887e-05
19241,5.0526012960430625e-05
19242,5.054455960555549e-05
19243,5.056307952401651e-05
19244,5.058244096285399e-05
19245,5.0601202944230416e-05
19246,5.06190990901278e-05
19247,5.0637170814505976e-05
19248,5.0656192344256724e-05
19249,5.067622177841383e-05
19250,5.069666905465083e-05
19251,5.071520057728563e-05
19252,5.073220625623411e-05
19253,5.075162546947456e-05
19254,5.077369062532867e-05
19255,5.079351785954474e-05
19256,5.0813182926265894e-05
19257,5.083223737294528e-05
19258,5.0852147875564136e-05
19259,5.0871529073096086e-05
19260,5.0889855931469764e-05
19261,5.091193672240727e-05
19262,5.093219968265036e-05
19263,5.095074147938028e-05
19264,5.096791594484876e-05
19265,5.0984816879594666e-05
19266,5.100236510543076e-05
19267,5.102153170188164e-05
19268,5.1038685109637175e-05
19269,5.105633989448218e-05
19270,5.10751086725221e-05
19271,5.109401224572388e-05
19272,5.1113638377993056e-05
19273,5.113301734636023e-05
19274,5.115131081015761e-05
19275,5.1167770028922366e-05
19276,5.118655757198822e-05
19277,5.120495081454405e-05
19278,5.1222282869730764e-05
19279,5.1240359778278855e-05
19280,5.125904898351837e-05
19281,5.1276768425431e-05
19282,5.1294343690886197e-05
19283,5.131244128036906e-05
19284,5.133221280372337e-05
19285,5.1352268051279915e-05
19286,5.137119766277966e-05
19287,5.1390703934035256e-05
19288,5.14094705686378e-05
19289,5.143088368277971e-05
19290,5.145025444905944e-05
19291,5.146863404445533e-05
19292,5.148874663278158e-05
19293,5.150926242955853e-05
19294,5.1529614822980336e-05
19295,5.154957182489374e-05
19296,5.1568193708736055e-05
19297,5.158503809943554e-05
19298,5.1601984482501566e-05
19299,5.1622533502104244e-05
19300,5.164026227346309e-05
19301,5.165652621236227e-05
19302,5.1672014855603546e-05
19303,5.168929188484123e-05
19304,5.170627921424002e-05
19305,5.1724074291830684e-05
19306,5.1739675419264314e-05
19307,5.1756328747656814e-05
19308,5.177196098537802e-05
19309,5.1788328343274905e-05
19310,5.1805425958648354e-05
19311,5.182188558008241e-05
19312,5.1838209928629134e-05
19313,5.185610314803648e-05
19314,5.187257108487541e-05
19315,5.1889246493165395e-05
19316,5.190767206217045e-05
19317,5.192454947043164e-05
19318,5.194235611365738e-05
19319,5.195872457769926e-05
19320,5.1974479021161266e-05
19321,5.1991624036869336e-05
19322,5.201019157219342e-05
19323,5.202658247809713e-05
19324,5.204501086961266e-05
19325,5.2063020929161385e-05
19326,5.2080158165041315e-05
19327,5.20991959589507e-05
19328,5.211719266010836e-05
19329,5.2134238559541085e-05
19330,5.215331238779697e-05
19331,5.2172148428884466e-05
19332,5.219065806802187e-05
19333,5.220709821319634e-05
19334,5.22240351107386e-05
19335,5.2240609760134225e-05
19336,5.22590984137966e-05
19337,5.227599213017857e-05
19338,5.229714986991404e-05
19339,5.2316241692498865e-05
19340,5.233290388094627e-05
19341,5.2352194813396e-05
19342,5.236908019424666e-05
19343,5.2388998927751695e-05
19344,5.24075898638116e-05
19345,5.2425496076954065e-05
19346,5.2443795279236446e-05
19347,5.246128789345602e-05
19348,5.2479361977435666e-05
19349,5.2497021026822904e-05
19350,5.251462348169977e-05
19351,5.2533470789641395e-05
19352,5.255278814844829e-05
19353,5.25708357085301e-05
19354,5.258959880364946e-05
19355,5.2608211414383574e-05
19356,5.262580927476549e-05
19357,5.2643707660360104e-05
19358,5.2661588895524775e-05
19359,5.267830640832282e-05
19360,5.269612978357236e-05
19361,5.2714687808003346e-05
19362,5.273220839989268e-05
19363,5.274938012242737e-05
19364,5.2764954843790113e-05
19365,5.278341712700604e-05
19366,5.280107406199253e-05
19367,5.28186276131427e-05
19368,5.2837387091028436e-05
19369,5.285597171616691e-05
19370,5.2875821968111215e-05
19371,5.2893102290326074e-05
19372,5.291103527724084e-05
19373,5.2930277484020546e-05
19374,5.29480760537618e-05
19375,5.2968639457738915e-05
19376,5.298659893478784e-05
19377,5.301121452708096e-05
19378,5.302917084970129e-05
19379,5.304836317734481e-05
19380,5.306808881322637e-05
19381,5.308646556751475e-05
19382,5.3106546598469946e-05
19383,5.312685254398553e-05
19384,5.314610735442677e-05
19385,5.316580290577851e-05
19386,5.318635798057693e-05
19387,5.320532422446622e-05
19388,5.3225537614817654e-05
19389,5.324465358758334e-05
19390,5.326455565490325e-05
19391,5.3284328435375156e-05
19392,5.3304930299876166e-05
19393,5.332503499504552e-05
19394,5.3344483176177457e-05
19395,5.336448226217299e-05
19396,5.338217514288214e-05
19397,5.340296535577216e-05
19398,5.342297876675935e-05
19399,5.344316501185006e-05
19400,5.346274532622051e-05
19401,5.348317781303035e-05
19402,5.350348341491291e-05
19403,5.352283456227373e-05
19404,5.354322195990437e-05
19405,5.356407915455721e-05
19406,5.358496200056757e-05
19407,5.3603988504062264e-05
19408,5.36238824220992e-05
19409,5.364494018535973e-05
19410,5.3668219688779926e-05
19411,5.369029122391671e-05
19412,5.3712323834824946e-05
19413,5.3736405145354184e-05
19414,5.3757545872535976e-05
19415,5.377896170870421e-05
19416,5.3800471321721004e-05
19417,5.382151473104925e-05
19418,5.384408673672177e-05
19419,5.386693040034795e-05
19420,5.388782315702604e-05
19421,5.390993896132118e-05
19422,5.393323336807292e-05
19423,5.39552061234244e-05
19424,5.397872997824149e-05
19425,5.400223351929996e-05
19426,5.402412133831155e-05
19427,5.404307973842578e-05
19428,5.406528788801259e-05
19429,5.409076414421797e-05
19430,5.411117553878168e-05
19431,5.413165551761305e-05
19432,5.4153014705315065e-05
19433,5.4174591554276436e-05
19434,5.419674107082379e-05
19435,5.421929725775759e-05
19436,5.424071174369146e-05
19437,5.426353396333064e-05
19438,5.428644059107908e-05
19439,5.4306760406009065e-05
19440,5.43265257434852e-05
19441,5.434918037045903e-05
19442,5.436955657845493e-05
19443,5.4392618366848656e-05
19444,5.441341634419324e-05
19445,5.443322355770938e-05
19446,5.445435268344895e-05
19447,5.447671469361167e-05
19448,5.4499695071663306e-05
19449,5.4520227725081095e-05
19450,5.454109961471358e-05
19451,5.4562382529604506e-05
19452,5.4581655109928176e-05
19453,5.460268223796394e-05
19454,5.462341897954484e-05
19455,5.464542533184692e-05
19456,5.46663220770208e-05
19457,5.4686830208021454e-05
19458,5.470838855726161e-05
19459,5.472811859711688e-05
19460,5.474972228864006e-05
19461,5.4769617876431426e-05
19462,5.4794363933143364e-05
19463,5.4823025515951656e-05
19464,5.484920224451569e-05
19465,5.487138819493119e-05
19466,5.489433118503814e-05
19467,5.4914210044721636e-05
19468,5.49350514574884e-05
19469,5.495687976255962e-05
19470,5.4978296145592235e-05
19471,5.4999620865994684e-05
19472,5.502103733361353e-05
19473,5.5040093949761567e-05
19474,5.506338216961507e-05
19475,5.5085265416863e-05
19476,5.510482325758243e-05
19477,5.512635663298249e-05
19478,5.514902185403476e-05
19479,5.5169307500742724e-05
19480,5.51924897412036e-05
19481,5.521271700507578e-05
19482,5.523696983895348e-05
19483,5.5260207709983303e-05
19484,5.528102331728307e-05
19485,5.53023117682206e-05
19486,5.532403680965928e-05
19487,5.534714525406913e-05
19488,5.53686480734955e-05
19489,5.539109402632659e-05
19490,5.5410920025919e-05
19491,5.5432562124371336e-05
19492,5.545339417122013e-05
19493,5.547751099266811e-05
19494,5.549838674209296e-05
19495,5.5518609262693525e-05
19496,5.554153065421273e-05
19497,5.5564221354278154e-05
19498,5.5587460301633914e-05
19499,5.5608639207923876e-05
