cell_id,mu2,sigma,time,phi_root_deg,phi_cohort_deg,eta1_actual,eta2_actual,eta1_ideal,eta2_ideal,eta1_root_fixed,eta2_root_fixed,eta1_cohort_fixed,eta2_cohort_fixed
mu2_1p800__sigma_0p120,1.8,0.12,3.52,89.2454504051158,88.10179263686668,0.07877244906131012,0.06751500579265235,0.05279123303805644,0.05306269880826246,0.052852613987134006,0.053045111205929224,0.058146838539536665,0.058040336708583246
mu2_1p800__sigma_0p120,1.8,0.12,3.77,88.48523171615045,88.23208380593833,0.08123703064197905,0.05748670592621154,0.05279123303805644,0.05306269880826246,0.05288550412355042,0.05301684584172353,0.052890797889052876,0.05300311888145458
mu2_1p800__sigma_0p120,1.8,0.12,4.0200000000000005,87.62055459212648,88.21576229596928,0.08169938629879865,0.05281493598582067,0.05279123303805644,0.05306269880826246,0.06023624944200849,0.06011650941761318,0.0539126045093929,0.053826646633897184
mu2_1p800__sigma_0p120,1.8,0.12,4.2700000000000005,86.95113283919632,88.12334638720525,0.08094328920615802,0.05779558266169796,0.05279123303805644,0.05306269880826246,0.07014383005147695,0.06992594367502994,0.05735962501659455,0.05725733800217168
mu2_1p800__sigma_0p120,1.8,0.12,4.5200000000000005,86.41013558577787,88.00012204011294,0.0835552716474071,0.06143249975177576,0.05279123303805644,0.05306269880826246,0.08028886711890544,0.07986603047397385,0.059267014595772625,0.05915416183646704
mu2_1p800__sigma_0p120,1.8,0.12,4.7700000000000005,86.04122463607027,87.86938349493818,0.08568726718487729,0.06420212380534689,0.05279123303805644,0.05306269880826246,0.08504920970547589,0.08445108098912736,0.05932466611674648,0.059211466214970136
mu2_1p800__sigma_0p120,1.8,0.12,5.0200000000000005,85.89961642073769,87.74204851798018,0.08750140515062409,0.06643300361429867,0.05279123303805644,0.05306269880826246,0.0889890989950229,0.0882040909959132,0.05934831686781667,0.059234960927827755
mu2_1p800__sigma_0p120,1.8,0.12,5.2700000000000005,85.79712051009261,87.62301328280236,0.08911591499291184,0.06834002971505125,0.05279123303805644,0.05306269880826246,0.09058488635102632,0.08971113179345229,0.05984082216097091,0.059723999423213193
mu2_1p800__sigma_0p120,1.8,0.12,5.5200000000000005,85.73977499007249,87.51314251710654,0.09058583588784745,0.07005631994828011,0.05279123303805644,0.05306269880826246,0.09100533672886167,0.09010596097740806,0.06265399054230336,0.06251467580094106
mu2_1p800__sigma_0p120,1.8,0.12,5.7700000000000005,85.70495205306024,87.41229206751233,0.09194254446540502,0.07166254689551174,0.05279123303805644,0.05306269880826246,0.09108663934598027,0.09018216600485954,0.06640723486752094,0.06623248469863569
mu2_1p800__sigma_0p120,1.8,0.12,6.0200000000000005,85.63567782210264,87.31983955473905,0.09320003082208533,0.07320500541720038,0.05279123303805644,0.05306269880826246,0.0915420089621559,0.09060746538521952,0.06892307506946428,0.0687210551175301
mu2_1p800__sigma_0p120,1.8,0.12,6.2700000000000005,85.5851159934888,87.2347745912896,0.0943710266124618,0.07470953728944763,0.05279123303805644,0.05306269880826246,0.09181326544579832,0.09085983803264842,0.06945733667101933,0.06924900240878923
mu2_1p800__sigma_0p120,1.8,0.12,6.5200000000000005,85.52923006819525,87.15628929806579,0.09546592905805514,0.07618969201398963,0.05279123303805644,0.05306269880826246,0.09291077291368745,0.091873306044883,0.06958747896021233,0.06937752859837189
mu2_1p800__sigma_0p120,1.8,0.12,6.7700000000000005,85.50328676985482,87.08355845402266,0.09649261597070656,0.07765075079201547,0.05279123303805644,0.05306269880826246,0.09292838590756544,0.0918895083013464,0.06962898707971912,0.06941849313909436
mu2_1p800__sigma_0p120,1.8,0.12,7.0200000000000005,85.48498788069412,87.0158622078931,0.0974587715120314,0.07909351819906571,0.05279123303805644,0.05306269880826246,0.0929283905182128,0.09188951253434846,0.06974371990035091,0.06953164799074962
mu2_1p800__sigma_0p120,1.8,0.12,7.2700000000000005,85.47051736067405,86.95264755931672,0.09837035617453462,0.08051771421636121,0.05279123303805644,0.05306269880826246,0.09378221182106779,0.09267126262768406,0.07014383005147695,0.06992594367502994
mu2_1p800__sigma_0p120,1.8,0.12,7.5200000000000005,85.44532198713834,86.89342786148153,0.09923234017562925,0.08192190468088406,0.05279123303805644,0.05306269880826246,0.09378881940632142,0.0926772945423016,0.07115128623668796,0.07091766422017781
mu2_1p800__sigma_0p120,1.8,0.12,7.7700000000000005,85.43827273176667,86.83775530733429,0.1000495325050868,0.08330442945663699,0.05279123303805644,0.05306269880826246,0.09378881940632142,0.0926772945423016,0.07197489873886456,0.07172756206707878
mu2_1p800__sigma_0p120,1.8,0.12,8.02,85.3490902976841,86.78532990397245,0.10082545435161401,0.08466363262623926,0.05279123303805644,0.05306269880826246,0.09616193833626294,0.09482448405781929,0.07426084661627504,0.07397208604724943
mu2_1p800__sigma_0p120,1.8,0.12,8.27,85.33299331282026,86.73577536836383,0.10156358380117352,0.085997383996083,0.05279123303805644,0.05306269880826246,0.09616233584802415,0.09482484126812356,0.07560007199699259,0.07528487339476558
mu2_1p800__sigma_0p120,1.8,0.12,8.52,85.31702267072984,86.68882068157404,0.10226677592630963,0.08730448653425334,0.05279123303805644,0.05306269880826246,0.09616233584802415,0.09482484126812356,0.07691427594180542,0.07657154840169027
mu2_1p800__sigma_0p120,1.8,0.12,8.77,85.3074090843035,86.6442399914354,0.10293858259396281,0.08858421052706647,0.05279123303805644,0.05306269880826246,0.09616306584151961,0.09482549474553145,0.0780671988761379,0.07769892257411333
mu2_1p800__sigma_0p120,1.8,0.12,9.02,85.28160897443965,86.60184747204494,0.1035810142265255,0.08983611044530486,0.05279123303805644,0.05306269880826246,0.09756986275407811,0.10087577374647792,0.07896161719906905,0.0785724735113935
mu2_1p800__sigma_0p120,1.8,0.12,9.27,85.24910647199768,86.56137556583526,0.10419650133457446,0.09106003763630137,0.05279123303805644,0.05306269880826246,0.0975698627540824,0.10087577374654469,0.07957236824903852,0.07916830018856548
mu2_1p800__sigma_0p120,1.8,0.12,9.52,85.24312105939946,86.52270036327667,0.10478691168928154,0.09225615532939035,0.05279123303805644,0.05306269880826246,0.09896738477982872,0.10741881746263346,0.0799409595340339,0.07952749738590277
mu2_1p800__sigma_0p120,1.8,0.12,9.770000000000001,85.23562136457467,86.48569131672136,0.10535396700281802,0.09342490834133814,0.05279123303805644,0.05306269880826246,0.0989725377647991,0.10744223908706944,0.07994726761080005,0.07953364191922428
mu2_1p800__sigma_0p150,1.8,0.15,3.52,88.84036857985939,87.94109644765565,0.07676693375512288,0.06320856132008165,0.06555384459421074,0.06608339114154951,0.06567315244600858,0.06604883454449444,0.06573801687516806,0.0659913444977758
mu2_1p800__sigma_0p150,1.8,0.15,3.77,87.91837926101121,88.03957104987363,0.07897693565551053,0.052471092986418055,0.06555384459421074,0.06608339114154951,0.0657389742430169,0.06598936174816164,0.06573701212099566,0.06599330008641678
mu2_1p800__sigma_0p150,1.8,0.15,4.0200000000000005,86.89430260085443,87.9889571963696,0.07909524940709058,0.05606596986884888,0.06555384459421074,0.06608339114154951,0.07840008269276469,0.07812491963642298,0.06573745355354059,0.06599245993114848
mu2_1p800__sigma_0p150,1.8,0.15,4.2700000000000005,86.0862747077875,87.86229563286454,0.08231217493087063,0.06092817011803778,0.06555384459421074,0.06608339114154951,0.09005533904124217,0.08956750980870189,0.06574244272075015,0.06598126878442342
mu2_1p800__sigma_0p150,1.8,0.15,4.5200000000000005,85.48024962233778,87.70579507050309,0.08560234852253636,0.06463490948225702,0.06555384459421074,0.06608339114154951,0.10049792183948468,0.09965980509206104,0.06899030092853613,0.0688097968504619
mu2_1p800__sigma_0p150,1.8,0.15,4.7700000000000005,85.01942552565757,87.54317820124191,0.08825866855500274,0.06761352453164757,0.06555384459421074,0.06608339114154951,0.10827048658633201,0.10696981805620535,0.07368736159345884,0.0734684813229416
mu2_1p800__sigma_0p150,1.8,0.15,5.0200000000000005,84.86646269606719,87.38632511891049,0.09055143577259313,0.0701480998814859,0.06555384459421074,0.06608339114154951,0.11142477589552133,0.10987781004498047,0.07402782101925426,0.07380574917022642
mu2_1p800__sigma_0p150,1.8,0.15,5.2700000000000005,84.75087169264872,87.24011711696818,0.09260307550983546,0.07241735764833317,0.06555384459421074,0.06608339114154951,0.112680498971575,0.11102315629682492,0.07408245793127757,0.07385984092811264
mu2_1p800__sigma_0p150,1.8,0.15,5.5200000000000005,84.69572807692555,87.10496890329476,0.0944795528616239,0.0745293137477402,0.06555384459421074,0.06608339114154951,0.11362715220280326,0.11187991997481088,0.07474534159275019,0.07451556650887475
mu2_1p800__sigma_0p150,1.8,0.15,5.7700000000000005,84.62461058424923,86.9810815280248,0.09621019367088006,0.07654594022219396,0.06555384459421074,0.06608339114154951,0.11397636667250814,0.1121940706217655,0.07603782207697807,0.07579297784736255
mu2_1p800__sigma_0p150,1.8,0.15,6.0200000000000005,84.52751274489319,86.86714521675935,0.09781503662084352,0.0785016083575876,0.06555384459421074,0.06608339114154951,0.11499621644548488,0.11310604208642136,0.0799275132401554,0.07963102299754106
mu2_1p800__sigma_0p150,1.8,0.15,6.2700000000000005,84.49462535475593,86.76198905166315,0.09931156322036587,0.08041375237004239,0.06555384459421074,0.06608339114154951,0.11524047958224821,0.11332288417598964,0.0831032917774212,0.0827582274024641
mu2_1p800__sigma_0p150,1.8,0.15,6.5200000000000005,84.46796330641553,86.66477657329956,0.10071254911088733,0.0822900487776239,0.06555384459421074,0.06608339114154951,0.11607625946432755,0.11406143896575381,0.08544882397300513,0.08506388443574098
mu2_1p800__sigma_0p150,1.8,0.15,6.7700000000000005,84.3921740608095,86.57449839327522,0.10202722116205801,0.08413429503934713,0.06555384459421074,0.06608339114154951,0.11732918317399213,0.11515664762331787,0.08613103857992105,0.0857336739993863
mu2_1p800__sigma_0p150,1.8,0.15,7.0200000000000005,84.36421660231285,86.49029437584177,0.1032656514621398,0.08594685739926809,0.06555384459421074,0.06608339114154951,0.11732964489860002,0.11515705008620303,0.08675278952693716,0.08634353803875697
mu2_1p800__sigma_0p150,1.8,0.15,7.2700000000000005,84.33067540358181,86.41154068393084,0.10443446471952039,0.08772664558290376,0.06555384459421074,0.06608339114154951,0.11732964489860002,0.11515705008620303,0.08692398539607939,0.08651128029819627
mu2_1p800__sigma_0p150,1.8,0.15,7.5200000000000005,84.29370329664765,86.33764439859146,0.10554027186749883,0.08947195791596203,0.06555384459421074,0.06608339114154951,0.11880856537978751,0.11643243253302733,0.08707089891516888,0.08665512648644338
mu2_1p800__sigma_0p150,1.8,0.15,7.7700000000000005,84.2653104133463,86.26809799326406,0.10658900958225596,0.09118101559309932,0.06555384459421074,0.06608339114154951,0.11880856545560807,0.11643243259817117,0.08762945384793389,0.08720140269184465
mu2_1p800__sigma_0p150,1.8,0.15,8.02,84.18166960524026,86.20241417871661,0.10758629099138904,0.09285316460276669,0.06555384459421074,0.06608339114154951,0.1204938814542265,0.11865914585922897,0.08817933667746303,0.08773853504755319
mu2_1p800__sigma_0p150,1.8,0.15,8.27,84.13198546217332,86.14024075521424,0.10853588534866415,0.09448794830924369,0.06555384459421074,0.06608339114154951,0.12050691754860356,0.1187197473431915,0.08897671332598144,0.08851653456895628
mu2_1p800__sigma_0p150,1.8,0.15,8.52,84.11859196852043,86.08120922285381,0.10944191321528735,0.09608518580040719,0.06555384459421074,0.06608339114154951,0.12228356991256403,0.12685449319275396,0.09005533904124217,0.08956750980870189
mu2_1p800__sigma_0p150,1.8,0.15,8.77,84.11278599928161,86.02503582650202,0.11030885229281091,0.09764501684571052,0.06555384459421074,0.06608339114154951,0.12228356991256403,0.12685449319275396,0.09141133369506588,0.09088660979185874
mu2_1p800__sigma_0p150,1.8,0.15,9.02,84.10767888258184,85.97143412545972,0.11113980830363598,0.09916792504181399,0.06555384459421074,0.06608339114154951,0.12228356991256403,0.12685449319275396,0.09298885578395748,0.09241835759517704
mu2_1p800__sigma_0p150,1.8,0.15,9.27,84.10532139967111,85.9202108638836,0.11193735381052707,0.10065416187776632,0.06555384459421074,0.06608339114154951,0.12228356993647096,0.1268544933007714,0.0946708621428988,0.09404818353974184
mu2_1p800__sigma_0p150,1.8,0.15,9.52,84.07940703199476,85.87117159076087,0.112703434773062,0.10210448368434365,0.06555384459421074,0.06608339114154951,0.12229415215906686,0.1269026963069188,0.09467153473846181,0.09404883428514811
mu2_1p800__sigma_0p150,1.8,0.15,9.770000000000001,84.07692723463092,85.82418766054836,0.11344004125893518,0.10352009849807092,0.06555384459421074,0.06608339114154951,0.12229415215906686,0.1269026963069188,0.09629409014280305,0.09561758238933485
mu2_1p800__sigma_0p180,1.8,0.18,3.5100000000000002,88.45569118117766,87.769410868426,0.07573628494612433,0.05879329687754244,0.07802777779031551,0.07894138514620869,0.07826720042596338,0.07885948480786856,0.07834190401540696,0.07878523385969645
mu2_1p800__sigma_0p180,1.8,0.18,3.7600000000000002,87.41910213088414,87.84174419004839,0.07776233816595363,0.053957383625697,0.07802777779031551,0.07894138514620869,0.07835617935726444,0.07875136659076852,0.07834188215115309,0.07878527152250026
mu2_1p800__sigma_0p180,1.8,0.18,4.01,86.19858485793446,87.75865218025525,0.07949501092763527,0.060454160845897095,0.07802777779031551,0.07894138514620869,0.09601320690035228,0.09549430755531466,0.07834190401540696,0.07878523385969645
mu2_1p800__sigma_0p180,1.8,0.18,4.26,85.24022444533628,87.59672205077781,0.08470900297047324,0.06536008364066948,0.07802777779031551,0.07894138514620869,0.10982288312665645,0.10890563561405502,0.0783439161140093,0.07878138458484489
mu2_1p800__sigma_0p180,1.8,0.18,4.51,84.58526576613654,87.40468791115504,0.08865199175362677,0.06924624499019069,0.07802777779031551,0.07894138514620869,0.12075126355102024,0.11928211611492832,0.07835617935726437,0.07875136659076844
mu2_1p800__sigma_0p180,1.8,0.18,4.76,84.05675996779615,87.20812212013486,0.09188270941352683,0.07250341044785746,0.07802777779031551,0.07894138514620869,0.1281037774297993,0.12604059710056875,0.08457762943763189,0.08424264536360074
mu2_1p800__sigma_0p180,1.8,0.18,5.010000000000001,83.81323463820578,87.01982462663972,0.09469131532618238,0.0753823066997383,0.07802777779031551,0.07894138514620869,0.13236672606802763,0.12985580370425073,0.08788013360431904,0.08750474294332745
mu2_1p800__sigma_0p180,1.8,0.18,5.260000000000001,83.73758711623252,86.84435679760604,0.09721170878736234,0.07803462369093847,0.07802777779031551,0.07894138514620869,0.1343000838299701,0.13155558779341753,0.08865310183605699,0.08826724429777796
mu2_1p800__sigma_0p180,1.8,0.18,5.510000000000001,83.62802296828274,86.68257260233811,0.09952015628784246,0.08054805493002656,0.07802777779031551,0.07894138514620869,0.13601612184161913,0.133043876002514,0.088930048598648,0.08854013952540905
mu2_1p800__sigma_0p180,1.8,0.18,5.760000000000001,83.51178694533299,86.53391983564273,0.10164824010161322,0.08297081275783659,0.07802777779031551,0.07894138514620869,0.13758633753546012,0.13438544698910104,0.08959953454894942,0.08919926813694266
mu2_1p800__sigma_0p180,1.8,0.18,6.010000000000001,83.42597548293007,86.39707859825187,0.10362390244793798,0.08532801148529764,0.07802777779031551,0.07894138514620869,0.13860025889852295,0.13523944711832084,0.09253091606679917,0.09208030473027265
mu2_1p800__sigma_0p180,1.8,0.18,6.260000000000001,83.39125056837877,86.27079288949983,0.10546549893838605,0.08763234345908108,0.07802777779031551,0.07894138514620869,0.1391565433910767,0.1357052023963224,0.09415256395149889,0.09367124093791196
mu2_1p800__sigma_0p180,1.8,0.18,6.510000000000001,83.36149025343684,86.15378811065365,0.10719014998667967,0.0898888124921331,0.07802777779031551,0.07894138514620869,0.13915833913058037,0.1357066985946151,0.09796290008137717,0.09740195037784548
mu2_1p800__sigma_0p180,1.8,0.18,6.760000000000001,83.30979805372928,86.04504666713235,0.10880970930305325,0.09209908078712033,0.07802777779031551,0.07894138514620869,0.14055513428294472,0.1368613854116303,0.10136475967716946,0.10072342136673358
mu2_1p800__sigma_0p180,1.8,0.18,7.010000000000001,83.27037746046699,85.94354292052333,0.1103347182955589,0.09426283009583067,0.07802777779031551,0.07894138514620869,0.140871309199776,0.13712008308107285,0.10254053173853067,0.10186894439039586
mu2_1p800__sigma_0p180,1.8,0.18,7.260000000000001,83.20893281935318,85.84852256291327,0.1117744110670999,0.09637922929660635,0.07802777779031551,0.07894138514620869,0.1426320178740862,0.13854365560835238,0.10333312189868636,0.10264014192246373
mu2_1p800__sigma_0p180,1.8,0.18,7.510000000000001,83.07780360792684,85.75933476701076,0.11313617631386869,0.09844823394011913,0.07802777779031551,0.07894138514620869,0.1448435961584062,0.14299449686688964,0.10384319620764554,0.10313583675170444
mu2_1p800__sigma_0p180,1.8,0.18,7.760000000000001,83.07342830275049,85.67536206980795,0.11442755256495656,0.10047057062715645,0.07802777779031551,0.07894138514620869,0.1448435961584062,0.14299449686688964,0.10446660669011057,0.10374081186642761
mu2_1p800__sigma_0p180,1.8,0.18,8.01,83.05665065382415,85.59598950191116,0.11565542216654785,0.10244610932458983,0.07802777779031551,0.07894138514620869,0.14484359615840603,0.14299449686688967,0.10501694422264987,0.10427400644654182
mu2_1p800__sigma_0p180,1.8,0.18,8.26,83.03287361524937,85.52080989228291,0.11682505011802959,0.10437506409883131,0.07802777779031551,0.07894138514620869,0.144885213902375,0.14317355454209407,0.10571045180387094,0.10494490717500135
mu2_1p800__sigma_0p180,1.8,0.18,8.51,83.01429896925272,85.44943875397178,0.11794131618656224,0.10625746202936262,0.07802777779031551,0.07894138514620869,0.144885213902375,0.14317355454209407,0.10676521882042686,0.10596351115004035
mu2_1p800__sigma_0p180,1.8,0.18,8.76,82.95748225782638,85.38145642278772,0.11900936726254427,0.10809394216529901,0.07802777779031551,0.07894138514620869,0.14495910745829127,0.1435140908187857,0.10678416790207501,0.10598178999973118
mu2_1p800__sigma_0p180,1.8,0.18,9.01,82.93834071729849,85.31660980817006,0.12003294821200992,0.10988523355322545,0.07802777779031551,0.07894138514620869,0.14721400259514844,0.15365077969067262,0.10813551722389658,0.10728390869322633
mu2_1p800__sigma_0p180,1.8,0.18,9.26,82.93233455274715,85.25463722128356,0.12101509124765805,0.11163211224012237,0.07802777779031551,0.07894138514620869,0.14721400259514844,0.15365077969067262,0.10982288312665645,0.10890563561405504
mu2_1p800__sigma_0p180,1.8,0.18,9.51,82.93191310499269,85.19531689547924,0.12195830135543485,0.11333580878762066,0.07802777779031551,0.07894138514620869,0.14721400259514844,0.15365077969067262,0.11175224038711243,0.11075442297155551
mu2_1p800__sigma_0p180,1.8,0.18,9.76,82.91145869825387,85.13839501594789,0.12286557348213274,0.1149970618389177,0.07802777779031551,0.07894138514620869,0.14721400259514844,0.15365077969067262,0.11175745134196517,0.11075940888335016
mu2_2p000__sigma_0p120,2.0,0.12,2.92,89.51748062514945,88.50072501607194,0.08312090764774932,0.06342873392824994,0.04759500269772482,0.0478014076999879,0.047640728168873936,0.0477868290644097,0.04954343274337643,0.049470937622559864
mu2_2p000__sigma_0p120,2.0,0.12,3.1700000000000004,88.39479202651616,88.60589163771832,0.09085647006671217,0.060205946523293204,0.04759500269772482,0.0478014076999879,0.04956501244975504,0.04949245948299023,0.049543430545536976,0.049470935430361074
mu2_2p000__sigma_0p120,2.0,0.12,3.4200000000000004,87.35133066176957,88.53992210267447,0.0966160180020846,0.06809849456326815,0.04759500269772482,0.0478014076999879,0.06835273455498762,0.06815616250801881,0.04954343063362795,0.04947093551822914
mu2_2p000__sigma_0p120,2.0,0.12,3.6700000000000004,86.56927090835104,88.40107778230959,0.10010331206376914,0.07323470255441837,0.04759500269772482,0.0478014076999879,0.07957593524017532,0.07917188025413625,0.049551278755366704,0.04947876275702874
mu2_2p000__sigma_0p120,2.0,0.12,3.9200000000000004,86.08882077407321,88.24078653603608,0.10254756683588831,0.07670869917245883,0.04759500269772482,0.0478014076999879,0.08378867556442397,0.08324325977205381,0.05177361465671109,0.05169404337595886
mu2_2p000__sigma_0p120,2.0,0.12,4.17,85.9079123878422,88.08349256940247,0.10451624310275384,0.07924001716057524,0.04759500269772482,0.0478014076999879,0.08899149434935083,0.08820769383497014,0.058692006796542254,0.05858072783049361
mu2_2p000__sigma_0p120,2.0,0.12,4.42,85.80296921157215,87.93744040885221,0.10623238253723755,0.08126332911168005,0.04759500269772482,0.0478014076999879,0.09058709092092783,0.08971479097953854,0.059326689098476194,0.05921178536320757
mu2_2p000__sigma_0p120,2.0,0.12,4.67,85.74995047377861,87.80386741276779,0.10779757645729253,0.0830268198775209,0.04759500269772482,0.0478014076999879,0.0910074950561665,0.09010964254421952,0.059336670519122926,0.05922170508351776
mu2_2p000__sigma_0p120,2.0,0.12,4.92,85.73916586684446,87.68271815769872,0.10924959302711598,0.08466499838246155,0.04759500269772482,0.0478014076999879,0.0910074950561665,0.09010964254421952,0.059463958659758016,0.05934813395317715
mu2_2p000__sigma_0p120,2.0,0.12,5.17,85.7049521827619,87.57272494076999,0.11060123804649512,0.08624477996809297,0.04759500269772482,0.0478014076999879,0.09108878904879712,0.09018585243239416,0.06083136288905354,0.06070544470160591
mu2_2p000__sigma_0p120,2.0,0.12,5.42,85.65999142836682,87.4724559812873,0.11186285390213131,0.08779812479268205,0.04759500269772482,0.0478014076999879,0.09144800936097165,0.09052168135683179,0.0638643868165079,0.06371285266453387
mu2_2p000__sigma_0p120,2.0,0.12,5.67,85.58837210463584,87.38067804197394,0.11304130158308606,0.0893367049094963,0.04759500269772482,0.0478014076999879,0.09181534765572331,0.09086358227818694,0.06750805125042467,0.06732064338072571
mu2_2p000__sigma_0p120,2.0,0.12,5.92,85.55909201430323,87.29620643605645,0.11414429819402656,0.09086417013714408,0.04759500269772482,0.0478014076999879,0.09228613323002831,0.09129971359018461,0.06927642257861628,0.06906933336820958
mu2_2p000__sigma_0p120,2.0,0.12,6.17,85.50969839858,87.21818705093735,0.11517961456908041,0.09237799648924229,0.04759500269772482,0.0478014076999879,0.09293038578555385,0.09189337872296106,0.06955204465251748,0.06934164271537865
mu2_2p000__sigma_0p120,2.0,0.12,6.42,85.48845700453649,87.14586646522042,0.11615277469689593,0.0938739363304137,0.04759500269772482,0.0478014076999879,0.09293039039589797,0.09189338295656284,0.06960774192891289,0.06939663736860019
mu2_2p000__sigma_0p120,2.0,0.12,6.67,85.48490225600078,87.07853075966221,0.11706944469752706,0.0953481443779474,0.04759500269772482,0.0478014076999879,0.09293039039589797,0.09189338295656284,0.06967084256858178,0.06945889946246561
mu2_2p000__sigma_0p120,2.0,0.12,6.92,85.44749277113696,87.01555090060167,0.11793566561169508,0.09679651716097377,0.04759500269772482,0.0478014076999879,0.09379074114878609,0.09268126141565021,0.0697492361385374,0.06953621315799667
mu2_2p000__sigma_0p120,2.0,0.12,7.17,85.44372830580434,86.95649082800675,0.11875604083721175,0.09821663378659248,0.04759500269772482,0.0478014076999879,0.09379076320793857,0.09268128154758101,0.07014926108074529,0.06993045728346839
mu2_2p000__sigma_0p120,2.0,0.12,7.42,85.43008993910455,86.90084972568643,0.11953500052592653,0.09960517233203564,0.04759500269772482,0.0478014076999879,0.09379076320793857,0.09268128154758101,0.07115652128323353,0.07092206570782844
mu2_2p000__sigma_0p120,2.0,0.12,7.67,85.3460580177173,86.84832279317257,0.12027635699752566,0.10095999970138281,0.04759500269772482,0.0478014076999879,0.09616413287372685,0.09677219799709551,0.07197997916751252,0.0717318795246995
mu2_2p000__sigma_0p120,2.0,0.12,7.920000000000001,85.32021933363468,86.79859958576289,0.12098296881947587,0.10228063115455814,0.04759500269772482,0.0478014076999879,0.09616413287372685,0.09677219799709551,0.07302871965137415,0.07276229497882722
mu2_2p000__sigma_0p120,2.0,0.12,8.17,85.3122274513099,86.75146804446605,0.12165723867494019,0.10356651913826613,0.04759500269772482,0.0478014076999879,0.09616486282538882,0.0967755907927707,0.07426549503374408,0.0739761815731445
mu2_2p000__sigma_0p120,2.0,0.12,8.42,85.3074092750398,86.70666451713501,0.12230192069107707,0.10481768027374355,0.04759500269772482,0.0478014076999879,0.09616486282538882,0.0967755907927707,0.07691838611253511,0.07657537641055007
mu2_2p000__sigma_0p120,2.0,0.12,8.67,85.28160879896502,86.6639924553703,0.12291919068476785,0.1060344969068958,0.04759500269772482,0.0478014076999879,0.0975715710733271,0.10318180060332656,0.07807103601107254,0.07770260395338226
mu2_2p000__sigma_0p120,2.0,0.12,8.92,85.24910641859336,86.62323147474984,0.12351123090109435,0.10721727966575224,0.04759500269772482,0.0478014076999879,0.09757157107333128,0.10318180060339188,0.07807124450166272,0.07770280768553288
mu2_2p000__sigma_0p120,2.0,0.12,9.17,85.24312125013576,86.58425905801266,0.1240796431181839,0.10836633968665707,0.04759500269772482,0.0478014076999879,0.09896900184679883,0.10960304597560148,0.07896594804949976,0.07857673263034119
mu2_2p000__sigma_0p120,2.0,0.12,9.42,85.23562131117035,86.54695619807806,0.1246257784839008,0.10948254789703249,0.04759500269772482,0.0478014076999879,0.09897415445549676,0.10962605880921666,0.0795780762321931,0.07917396787784582
mu2_2p000__sigma_0p120,2.0,0.12,9.67,85.2340965919315,86.51121045984843,0.1251511546796209,0.11056707823653758,0.04759500269772482,0.0478014076999879,0.09897415445549676,0.10962605880921666,0.07994445334715071,0.07953104637202471
mu2_2p000__sigma_0p120,2.0,0.12,9.92,85.23409665296609,86.47685079451111,0.12565727128861168,0.11162041052955549,0.04759500269772482,0.0478014076999879,0.09897415445549676,0.10962605880921666,0.08014544729139969,0.07972673379899238
mu2_2p000__sigma_0p150,2.0,0.15,2.91,89.19823099135968,88.34678346180743,0.08497416610458736,0.05990466255583592,0.05915975105484866,0.05956267380589973,0.05924869921091523,0.059534093564637736,0.06182683710378287,0.06168459620325694
mu2_2p000__sigma_0p150,2.0,0.15,3.16,87.86810495376153,88.42790104904279,0.08717705698020532,0.06172907721626841,0.05915975105484866,0.05956267380589973,0.06372608422639352,0.0635748923543357,0.06180446591961354,0.06166230951883825
mu2_2p000__sigma_0p150,2.0,0.15,3.41,86.58718753432748,88.32905923782933,0.09269694555848317,0.06944721056516144,0.05915975105484866,0.05956267380589973,0.08613949668058478,0.08574069311874401,0.061826837103932906,0.061684596203406356
mu2_2p000__sigma_0p150,2.0,0.15,3.66,85.70047970961991,88.15333107480348,0.09686780608786677,0.07463800360740078,0.05915975105484866,0.05956267380589973,0.09879141281748127,0.0980253461201685,0.061827544340971125,0.06168530070035709
mu2_2p000__sigma_0p150,2.0,0.15,3.91,85.13768484877957,87.9575481002386,0.09990224030328528,0.07834269301129511,0.05915975105484866,0.05956267380589973,0.10491972207065291,0.10384552589302104,0.06217151227033634,0.06202779168969649
mu2_2p000__sigma_0p150,2.0,0.15,4.16,84.88151156997046,87.76757944054557,0.10238452880988594,0.0812240451716487,0.05915975105484866,0.05956267380589973,0.10997863122326383,0.10855364746063154,0.06746702223754594,0.06729361884401908
mu2_2p000__sigma_0p150,2.0,0.15,4.41,84.76743838881755,87.59058524648064,0.10456974658198125,0.08366781529480172,0.05915975105484866,0.05956267380589973,0.11268497441115648,0.11103232075116079,0.07268559119016853,0.07247252134215171
mu2_2p000__sigma_0p150,2.0,0.15,4.66,84.72558749770374,87.42873025270515,0.1065703298975385,0.08588670440658311,0.05915975105484866,0.05956267380589973,0.1126849746261888,0.11103232094647987,0.07400353424593104,0.07377874584830767
mu2_2p000__sigma_0p150,2.0,0.15,4.91,84.68364322280088,87.28170185892823,0.1084220643207551,0.08799114582802622,0.05915975105484866,0.05956267380589973,0.113631475497617,0.11188927288014558,0.0740775842070565,0.0738520834189122
mu2_2p000__sigma_0p150,2.0,0.15,5.16,84.62461044692145,87.14757010961824,0.11014668428393323,0.09003439283333446,0.05915975105484866,0.05956267380589973,0.11398063772882241,0.11220350186919474,0.07443421631872629,0.07420497572489992
mu2_2p000__sigma_0p150,2.0,0.15,5.41,84.55584451674511,87.02509482764576,0.11175446491908377,0.09203971118084617,0.05915975105484866,0.05956267380589973,0.11500034059641578,0.11311572289035958,0.07528508020620597,0.07504634239790631
mu2_2p000__sigma_0p150,2.0,0.15,5.66,84.50219894789689,86.91260607604667,0.11325566369819864,0.09401346422083429,0.05915975105484866,0.05956267380589973,0.1152445747654188,0.1133326347834242,0.07841513702359376,0.07813727480226788
mu2_2p000__sigma_0p150,2.0,0.15,5.91,84.47021365736897,86.8087800378034,0.11466174650522439,0.09595507707130149,0.05915975105484866,0.05956267380589973,0.11608024969404727,0.11407143319280295,0.08156191210633656,0.08123908060244071
mu2_2p000__sigma_0p150,2.0,0.15,6.16,84.39220932387235,86.71264517917052,0.1159820642138231,0.09786159601519047,0.05915975105484866,0.05956267380589973,0.11733302965442735,0.11516705402575395,0.08444849995493779,0.08407944792103779
mu2_2p000__sigma_0p150,2.0,0.15,6.41,84.37143448256319,86.62326682740397,0.117224360892942,0.09972991725404222,0.05915975105484866,0.05956267380589973,0.11733349132377024,0.11516745664213636,0.08546133471748978,0.08507476345426065
mu2_2p000__sigma_0p150,2.0,0.15,6.66,84.3490614967228,86.53979664702193,0.1183965743285463,0.10155626420704039,0.05915975105484866,0.05956267380589973,0.11733349132377024,0.11516745664213636,0.08654413769407611,0.08613776036041138
mu2_2p000__sigma_0p150,2.0,0.15,6.91,84.32906558607768,86.46162046716327,0.11950477683774778,0.10333775477329603,0.05915975105484866,0.05956267380589973,0.11733349132377024,0.11516745664213636,0.08678546558335741,0.08637441085660696
mu2_2p000__sigma_0p150,2.0,0.15,7.16,84.27079758070599,86.38814915146767,0.12055476221390543,0.1050730036887052,0.05915975105484866,0.05956267380589973,0.11881225388487654,0.11644338743846858,0.08693493690282665,0.08652088227091931
mu2_2p000__sigma_0p150,2.0,0.15,7.41,84.24199759291245,86.31891382693392,0.12155219126592905,0.10676187896701556,0.05915975105484866,0.05956267380589973,0.11881225388521004,0.11644338743875367,0.08728057201991259,0.08685923286556817
mu2_2p000__sigma_0p150,2.0,0.15,7.66,84.13198532484552,86.2535273295308,0.1225011354089337,0.10840426514952133,0.05915975105484866,0.05956267380589973,0.12051043241598688,0.12159455478351619,0.08764014538128344,0.0872108611312857
mu2_2p000__sigma_0p150,2.0,0.15,7.91,84.11859207533325,86.19151884052013,0.12340573961280418,0.11000039402760853,0.05915975105484866,0.05956267380589973,0.12228690699306678,0.12955990384488292,0.08818984457093912,0.08774789901492906
mu2_2p000__sigma_0p150,2.0,0.15,8.16,84.11278610609443,86.13262585129921,0.1242699204297252,0.11155041726495543,0.05915975105484866,0.05956267380589973,0.12228690699306678,0.12955990384488292,0.08898696729944792,0.08852577508755297
mu2_2p000__sigma_0p150,2.0,0.15,8.41,84.10767898939466,86.07649868649813,0.12509745313066536,0.11305566079126647,0.05915975105484866,0.05956267380589973,0.12228690699306678,0.12955990384488292,0.09006525985791249,0.08957659813098577
mu2_2p000__sigma_0p150,2.0,0.15,8.66,84.10532138441359,86.0229065761443,0.1258915247939868,0.11451714077890228,0.05915975105484866,0.05956267380589973,0.12228690701697115,0.12955990395078337,0.09142084251193376,0.09089552266299077
mu2_2p000__sigma_0p150,2.0,0.15,8.91,84.07940689466693,85.97164354473138,0.12665422544873609,0.11593558371070656,0.05915975105484866,0.05956267380589973,0.12229748813603171,0.1296071606041457,0.09299788518308699,0.09242707993453143
mu2_2p000__sigma_0p150,2.0,0.15,9.16,84.07940707777182,85.92251149155155,0.12738777680523336,0.11731250513799862,0.05915975105484866,0.05956267380589973,0.12229748813603171,0.1296071606041457,0.09467937494725288,0.09405671365182602
mu2_2p000__sigma_0p150,2.0,0.15,9.41,84.07692703626736,85.8753595218471,0.1280942372243087,0.11864910781488128,0.05915975105484866,0.05956267380589973,0.12229748813603171,0.1296071606041457,0.09468004734138172,0.09405736432799551
mu2_2p000__sigma_0p150,2.0,0.15,9.66,84.06171542738007,85.83012162877817,0.12877476441060534,0.1199461163643229,0.05915975105484866,0.05956267380589973,0.12233235985520509,0.12976754919326133,0.09630209865803822,0.09562593678958087
mu2_2p000__sigma_0p150,2.0,0.15,9.91,84.05798648450839,85.78664198460521,0.12943056142054693,0.1212052659568651,0.05915975105484866,0.05956267380589973,0.12233235985520509,0.12976754919326133,0.09770107362594255,0.09697573028443213
mu2_2p000__sigma_0p180,2.0,0.18,2.9000000000000004,88.87154176711661,88.19866969155285,0.08699527673808957,0.05593164302290706,0.0705024076094401,0.07119817288970283,0.07065534151123648,0.07114856408449978,0.07325880756948948,0.07301576963470861
mu2_2p000__sigma_0p180,2.0,0.18,3.1500000000000004,87.28503999709653,88.25223859911301,0.08898896676213158,0.0644931845321909,0.0705024076094401,0.07119817288970283,0.08100862784854983,0.0807059466577838,0.07257994436724725,0.07234023099816812
mu2_2p000__sigma_0p180,2.0,0.18,3.4000000000000004,85.87807130813121,88.11740070028132,0.08988391440123825,0.07214460951734106,0.0705024076094401,0.07119817288970283,0.10335278939491618,0.10265833841600687,0.0739752924859809,0.07372851297631276
mu2_2p000__sigma_0p180,2.0,0.18,3.6500000000000004,84.81420015334558,87.90220703011587,0.09479593792451063,0.07747065233613215,0.0705024076094401,0.07119817288970283,0.11878246261409925,0.1174391264716235,0.07404258799795367,0.07379543899088885
mu2_2p000__sigma_0p180,2.0,0.18,3.9000000000000004,84.15558839797396,87.66860834252026,0.09845831319424395,0.08146001306060473,0.0705024076094401,0.07119817288970283,0.12608219594108633,0.12421175184077822,0.07413810778179124,0.07389039054335417
mu2_2p000__sigma_0p180,2.0,0.18,4.15,83.83035554885228,87.44321517890558,0.10148617732899384,0.08472117264316043,0.0705024076094401,0.07119817288970283,0.13237182081868848,0.1298716238409129,0.0764307741734917,0.07616746352300403
mu2_2p000__sigma_0p180,2.0,0.18,4.4,83.74379030226967,87.23362969842337,0.10416876344052162,0.08759729220727372,0.0705024076094401,0.07119817288970283,0.1343081715639567,0.13157522086170126,0.0828640400427269,0.08254262361472023
mu2_2p000__sigma_0p180,2.0,0.18,4.65,83.67388399123396,87.04220702499916,0.10662351384809902,0.09027096211352172,0.0705024076094401,0.07119817288970283,0.13558681324780422,0.13268555433556703,0.08791058868744477,0.08753029400438195
mu2_2p000__sigma_0p180,2.0,0.18,4.9,83.58713014601858,86.86789203837296,0.10889338740669144,0.09283275557554047,0.0705024076094401,0.07119817288970283,0.13602382141653896,0.13306428901900913,0.08856763462541171,0.08817861713882287
mu2_2p000__sigma_0p180,2.0,0.18,5.15,83.52489961623283,86.70864779183758,0.11100785591645829,0.09532345984983415,0.0705024076094401,0.07119817288970283,0.13759371028042033,0.13440668198626285,0.08883137134179447,0.08843863661273722
mu2_2p000__sigma_0p180,2.0,0.18,5.4,83.42937074660333,86.56283284561985,0.11297902074985942,0.09775842953407726,0.0705024076094401,0.07119817288970283,0.13860743852350327,0.13526127902522422,0.08962673145651566,0.08922188342501781
mu2_2p000__sigma_0p180,2.0,0.18,5.65,83.40806978224731,86.42868592143425,0.1148208659513986,0.10014276481759014,0.0705024076094401,0.07119817288970283,0.13916361688410353,0.13572737350862102,0.09125722350445648,0.09082547726238312
mu2_2p000__sigma_0p180,2.0,0.18,5.9,83.38378969191476,86.3046767219589,0.11654624532392562,0.10247578003069124,0.0705024076094401,0.07119817288970283,0.13916361688410353,0.13572737350862102,0.09417845800607902,0.09369330601189509
mu2_2p000__sigma_0p180,2.0,0.18,6.15,83.31490449904317,86.18959526511613,0.11816793478797044,0.10475429477226461,0.0705024076094401,0.07119817288970283,0.14056196062032336,0.1368844873688514,0.09798624302988852,0.09742233211142988
mu2_2p000__sigma_0p180,2.0,0.18,6.4,83.2808252143746,86.08237193127792,0.11969541964700446,0.10697499838844571,0.0705024076094401,0.07119817288970283,0.14056196062032336,0.1368844873688514,0.09983046850741052,0.09922461409522869
mu2_2p000__sigma_0p180,2.0,0.18,6.65,83.22858491896392,85.98208091538235,0.12113797477526901,0.10913708617063099,0.0705024076094401,0.07119817288970283,0.14087808203793126,0.13714340864505653,0.10138920594693498,0.10074573897876861
mu2_2p000__sigma_0p180,2.0,0.18,6.9,83.14225893019386,85.88807626662067,0.1225022789447564,0.11124050344944904,0.0705024076094401,0.07119817288970283,0.14265427787282983,0.1385809587859059,0.10258712668169447,0.10191313713592533
mu2_2p000__sigma_0p180,2.0,0.18,7.15,83.07778535841592,85.79965576242122,0.12379531873368844,0.11328533297129509,0.0705024076094401,0.07119817288970283,0.14484974134450976,0.146201518617159,0.10341612431648167,0.10271992836390803
mu2_2p000__sigma_0p180,2.0,0.18,7.4,83.07342836378646,85.71623466612208,0.1250237855398145,0.11527212192057158,0.0705024076094401,0.07119817288970283,0.14484974134450976,0.146201518617159,0.10399725845738432,0.10328472393912992
mu2_2p000__sigma_0p180,2.0,0.18,7.65,83.05665071486013,85.63719574767627,0.1261943377048326,0.11720141721070586,0.0705024076094401,0.07119817288970283,0.14484974134450976,0.14620151861715905,0.10448558883851182,0.10375865171611437
mu2_2p000__sigma_0p180,2.0,0.18,7.9,83.03287355421503,85.56220892370473,0.12731189592325828,0.11907403645731554,0.0705024076094401,0.07119817288970283,0.1448913523798128,0.14637667083326586,0.10503562895306447,0.10429170580747295
mu2_2p000__sigma_0p180,2.0,0.18,8.15,83.0142990302887,85.49091275354212,0.12838043074584274,0.12089158411043507,0.0705024076094401,0.07119817288970283,0.1448913523798128,0.14637667083326586,0.10577674927408494,0.1050088426524846
mu2_2p000__sigma_0p180,2.0,0.18,8.4,82.95748231886236,85.42300270019338,0.12940374558507117,0.12265566495011493,0.0705024076094401,0.07119817288970283,0.1449652362650867,0.14670968453835787,0.10678305048204026,0.10598085971187308
mu2_2p000__sigma_0p180,2.0,0.18,8.65,82.93834077833446,85.35817957826997,0.1303846794630551,0.12436699158946231,0.0705024076094401,0.07119817288970283,0.14721980401030949,0.15663643156327983,0.10815265511309942,0.10730097257872759
mu2_2p000__sigma_0p180,2.0,0.18,8.9,82.93233461378313,85.296154095228,0.13132665492423512,0.12602672036959162,0.0705024076094401,0.07119817288970283,0.14721980401030949,0.15663643156327983,0.10815957950137524,0.10730763490174836
mu2_2p000__sigma_0p180,2.0,0.18,9.15,82.93191316602866,85.23671689655576,0.1322322738612211,0.1276367247143563,0.0705024076094401,0.07119817288970283,0.14721980401030949,0.15663643156327983,0.10983930940004677,0.10892250767800545
mu2_2p000__sigma_0p180,2.0,0.18,9.4,82.91145875928984,85.17965305487908,0.13310415890144783,0.12919843909973164,0.0705024076094401,0.07119817288970283,0.14721980401030949,0.15663643156327983,0.11177045959991433,0.11077360204304552
mu2_2p000__sigma_0p180,2.0,0.18,9.65,82.89177827833225,85.12479263407053,0.13394474505591422,0.13071369583509113,0.0705024076094401,0.07119817288970283,0.14721980401030949,0.15663643156327983,0.11177301896325809,0.11077605024575278
mu2_2p000__sigma_0p180,2.0,0.18,9.9,82.89177858350746,85.07200032506235,0.13475586208453932,0.13218492919911073,0.0705024076094401,0.07119817288970283,0.14721980401030949,0.15663643156327983,0.11379816347654519,0.11271078993665327
mu2_2p200__sigma_0p120,2.2,0.12,2.42,89.67028734534037,88.90767084390443,0.09769489029214391,0.06311360626476653,0.043325031890109174,0.04348644661215337,0.043325632996932824,0.04348632998880128,0.04570614826782854,0.04563969614246943
mu2_2p200__sigma_0p120,2.2,0.12,2.67,88.59903292465087,89.04430126287872,0.11101019369812198,0.075891129696064,0.043325031890109174,0.04348644661215337,0.04955311332089564,0.04947942491531674,0.04336028385293669,0.043474104328778414
mu2_2p200__sigma_0p120,2.2,0.12,2.92,87.30823647689648,88.95279417559279,0.11768026501887502,0.08516416323849536,0.043325031890109174,0.04348644661215337,0.06893323174029797,0.06872944460433866,0.04336583989319981,0.04346967340625684
mu2_2p200__sigma_0p120,2.2,0.12,3.1700000000000004,86.4269604148842,88.77642564768674,0.12126619098544204,0.09053987183956,0.043325031890109174,0.04348644661215337,0.08029493507713839,0.07987229021270188,0.049546205364237164,0.04947253374038603
mu2_2p200__sigma_0p120,2.2,0.12,3.4200000000000004,85.96980373763756,88.5828172901046,0.12364265652757118,0.09385194274443125,0.043325031890109174,0.04348644661215337,0.08778981948663346,0.08706788006961509,0.049553113345729594,0.04947942494008706
mu2_2p200__sigma_0p120,2.2,0.12,3.6700000000000004,85.84537069320348,88.39631712441587,0.1255634459557872,0.09615131520554614,0.043325031890109174,0.04348644661215337,0.08993464559757444,0.08910096314873034,0.049560959108106366,0.04948724920542031
mu2_2p200__sigma_0p120,2.2,0.12,3.9200000000000004,85.79712051009747,88.22551138551735,0.12728851892371784,0.0979890330305961,0.043325031890109174,0.04348644661215337,0.09058880725713817,0.08971762356556834,0.052775037865513755,0.05269038539233129
mu2_2p200__sigma_0p120,2.2,0.12,4.17,85.74995028304609,88.07210269900652,0.12888177831299713,0.09963573688225955,0.043325031890109174,0.04348644661215337,0.09100917625096669,0.09011249171507117,0.058698814499739724,0.0585862683168349
mu2_2p200__sigma_0p120,2.2,0.12,4.42,85.73969338607287,87.9337710325302,0.13036810338058305,0.10121395467878844,0.043325031890109174,0.04348644661215337,0.09100917625096669,0.09011249171507117,0.05933326613976779,0.05921713080592905
mu2_2p200__sigma_0p120,2.2,0.12,4.67,85.71702767562309,87.80862184725163,0.13176504027422142,0.10277610373037253,0.043325031890109174,0.04348644661215337,0.09109046369436184,0.09018870522306094,0.05934128160811864,0.059225097574046204
mu2_2p200__sigma_0p120,2.2,0.12,4.92,85.69937905501709,87.6952267414858,0.13307528439301897,0.10433753317034679,0.043325031890109174,0.04348644661215337,0.09129329395666921,0.09037846093532206,0.05947050205376088,0.059353449614092856
mu2_2p200__sigma_0p120,2.2,0.12,5.17,85.65999154280951,87.59177078325472,0.13430341312760657,0.10589883753467164,0.043325031890109174,0.04348644661215337,0.0914496572363373,0.0905245532994244,0.06083761807740309,0.0607105068947756
mu2_2p200__sigma_0p120,2.2,0.12,5.42,85.58706972884416,87.49699073034027,0.13545483960706564,0.10745580399486447,0.043325031890109174,0.04348644661215337,0.09181697128029853,0.09086647863625107,0.06386999623646848,0.06371739289450976
mu2_2p200__sigma_0p120,2.2,0.12,5.67,85.54714730452719,87.40987250284083,0.1365340834992359,0.10900125772801404,0.043325031890109174,0.04348644661215337,0.09228772920924706,0.09130264713884399,0.06641884946371762,0.06624189144756333
mu2_2p200__sigma_0p120,2.2,0.12,5.92,85.50969851302271,87.32928514547415,0.13754770448232748,0.1105278947622489,0.043325031890109174,0.04348644661215337,0.0929319477154071,0.0918963710257211,0.06893322965559662,0.06872944254322864
mu2_2p200__sigma_0p120,2.2,0.12,6.17,85.48845711897917,87.25447114277806,0.13850243242810775,0.11202824920467927,0.043325031890109174,0.04348644661215337,0.09293195232552523,0.09189637525978006,0.06946700293618126,0.06925700189114098
mu2_2p200__sigma_0p120,2.2,0.12,6.42,85.48490212630284,87.18479767733731,0.13940299347428656,0.11349816540035716,0.043325031890109174,0.04348644661215337,0.09293195232552523,0.09189637525978006,0.06959514282415175,0.06938357293748446
mu2_2p200__sigma_0p120,2.2,0.12,6.67,85.44749288557965,87.1196498180302,0.14025461197879313,0.11493291581591329,0.043325031890109174,0.04348644661215337,0.0937922612187855,0.09268434253561021,0.06961803622285789,0.06940617410494568
mu2_2p200__sigma_0p120,2.2,0.12,6.92,85.4437280540361,87.05856032316994,0.1410611326645854,0.11632969962733093,0.043325031890109174,0.04348644661215337,0.09379228327690038,0.09268436266995139,0.06967664739474967,0.06946400699086352
mu2_2p200__sigma_0p120,2.2,0.12,7.17,85.43008980940664,87.00106875425149,0.1418267448256305,0.11768736122495037,0.043325031890109174,0.04348644661215337,0.09379228327690038,0.09268436266995139,0.06989922038518026,0.06968347049272608
mu2_2p200__sigma_0p120,2.2,0.12,7.42,85.34605813216001,86.94676337322117,0.1425554062054451,0.11900419425241664,0.043325031890109174,0.04348644661215337,0.09616554304154074,0.09874089612599851,0.07015339877371372,0.06993394860544627
mu2_2p200__sigma_0p120,2.2,0.12,7.67,85.32021920393677,86.89540639066215,0.14324999581031278,0.12028016174849746,0.043325031890109174,0.04348644661215337,0.09616554304154074,0.09874089612599851,0.07116051334375735,0.07092547235203303
mu2_2p200__sigma_0p120,2.2,0.12,7.920000000000001,85.31222756575261,86.84665719531729,0.14391297361336547,0.12151653229024575,0.043325031890109174,0.04348644661215337,0.0961662729618809,0.09874422992292484,0.07198385630652004,0.07173522270459073
mu2_2p200__sigma_0p120,2.2,0.12,8.17,85.3074091453419,86.8002586929578,0.1445474239105912,0.12271338283572794,0.043325031890109174,0.04348644661215337,0.0961662729618809,0.09874422992292484,0.073032450369504,0.07276556022118631
mu2_2p200__sigma_0p120,2.2,0.12,8.42,85.28160891340774,86.7561239032469,0.14515518261785582,0.12387091874288099,0.043325031890109174,0.04348644661215337,0.09757291426785177,0.10504588839060736,0.07426904965835956,0.0739793559936051
mu2_2p200__sigma_0p120,2.2,0.12,8.67,85.24910653303607,86.71398355411662,0.14573782041238892,0.12499018284699141,0.043325031890109174,0.04348644661215337,0.09757291426785622,0.10504588839067143,0.07560781634224303,0.07529191548610406
mu2_2p200__sigma_0p120,2.2,0.12,8.92,85.24312112043785,86.67364628410003,0.14629759182579036,0.12607256083291338,0.043325031890109174,0.04348644661215337,0.09897027567747256,0.11137325179635563,0.07692155226171607,0.07657836108641536
mu2_2p200__sigma_0p120,2.2,0.12,9.17,85.23562142561306,86.63503494507214,0.1468357530218986,0.12711931297405432,0.043325031890109174,0.04348644661215337,0.09897542799806114,0.1113959485944177,0.07807405565237723,0.0777055339971898
mu2_2p200__sigma_0p120,2.2,0.12,9.42,85.23409670637422,86.59804282888466,0.14735329605154074,0.12813156651562174,0.043325031890109174,0.04348644661215337,0.09897542799806114,0.1113959485944177,0.0789681459303193,0.07857893121088505
mu2_2p200__sigma_0p120,2.2,0.12,9.67,85.2340967674088,86.56250345404666,0.147851763738891,0.12910986641959007,0.043325031890109174,0.04348644661215337,0.09897542799806114,0.1113959485944177,0.07957867610322064,0.07917465791185861
mu2_2p200__sigma_0p120,2.2,0.12,9.92,85.23326211164652,86.52831985936412,0.1483326338794513,0.13005562255172642,0.043325031890109174,0.04348644661215337,0.09897542799806114,0.1113959485944177,0.07994713888533442,0.07953379986543453
mu2_2p200__sigma_0p150,2.2,0.15,2.41,89.8167357673644,88.79538124231154,0.09306383993385305,0.06103260208963726,0.05389233474047929,0.05420758453192168,0.05389233474047929,0.05420758453192168,0.053961244821477156,0.05418322918989796
mu2_2p200__sigma_0p150,2.2,0.15,2.66,88.07228899002017,88.90640691860634,0.10021102561547164,0.07671199385156123,0.05389233474047929,0.05420758453192168,0.0618571992568954,0.06171272608954177,0.05396093871252437,0.05418343574987567
mu2_2p200__sigma_0p150,2.2,0.15,2.91,86.54063072585957,88.77673939268469,0.10770291638376392,0.08600596674373667,0.05389233474047929,0.05420758453192168,0.08655261521375733,0.0861452623354409,0.05396238182896698,0.05418244036665225
mu2_2p200__sigma_0p150,2.2,0.15,3.16,85.53902507400363,88.55964506767532,0.11195710149858325,0.09161213685171683,0.05389233474047929,0.05420758453192168,0.10008380290646855,0.099266606886093,0.06056314132630088,0.06042326452457246
mu2_2p200__sigma_0p150,2.2,0.15,3.41,84.96960753249921,88.32536819380813,0.11490934376061258,0.09530313958284821,0.05389233474047929,0.05420758453192168,0.10828675674408904,0.10699138210184249,0.061845789098977505,0.06170136379390058
mu2_2p200__sigma_0p150,2.2,0.15,3.66,84.8272266120885,88.10150265402203,0.11735584938820602,0.09807362654206175,0.05389233474047929,0.05420758453192168,0.11147908064259024,0.1099358490826671,0.061847498853923155,0.06170306659632962
mu2_2p200__sigma_0p150,2.2,0.15,3.91,84.76081932449028,87.89767093827233,0.11955204486355055,0.10043023645780076,0.05389233474047929,0.05420758453192168,0.11268846008917013,0.11103939017162157,0.06300395949045788,0.06285415377087612
mu2_2p200__sigma_0p150,2.2,0.15,4.16,84.70547771072019,87.71399430817779,0.12157134343898512,0.10261186228289768,0.05389233474047929,0.05420758453192168,0.11288063463051544,0.11121368114692202,0.06902663699356662,0.06883999700065924
mu2_2p200__sigma_0p150,2.2,0.15,4.41,84.6919637336689,87.54761130317135,0.12345723716136904,0.10472173913002059,0.05389233474047929,0.05420758453192168,0.11363484585542112,0.1118964845531576,0.07333720041077746,0.07311633167301214
mu2_2p200__sigma_0p150,2.2,0.15,4.66,84.64047172927383,87.39688082359287,0.1252247284385135,0.10679726125691119,0.05389233474047929,0.05420758453192168,0.11363486055339592,0.11189649781397366,0.07405782680894507,0.07383046488740427
mu2_2p200__sigma_0p150,2.2,0.15,4.91,84.57308116530844,87.25955304741674,0.12688052955211243,0.10884983312093786,0.05389233474047929,0.05420758453192168,0.11443661013005482,0.11261700041423477,0.0741124066659052,0.07388450910109833
mu2_2p200__sigma_0p150,2.2,0.15,5.16,84.53451286696802,87.13391842169348,0.12843285612084626,0.11087587762834954,0.05389233474047929,0.05420758453192168,0.11500356492155693,0.11312318703059476,0.07444699638841216,0.07421559791333708
mu2_2p200__sigma_0p150,2.2,0.15,5.41,84.49841246413543,87.01848991459502,0.12988733781972236,0.11286858312961001,0.05389233474047929,0.05420758453192168,0.1152477727044631,0.11334014786464204,0.07606616565407241,0.07581631050391252
mu2_2p200__sigma_0p150,2.2,0.15,5.66,84.46976347731847,86.91195239082843,0.13125178094128942,0.11482141509631326,0.05389233474047929,0.05420758453192168,0.11608336852065138,0.11407913133771645,0.07842656496960142,0.07814680538677744
mu2_2p200__sigma_0p150,2.2,0.15,5.91,84.39220958327495,86.81318176670712,0.13253447841424504,0.1167276812917501,0.05389233474047929,0.05420758453192168,0.11733604034102846,0.11517506566137721,0.08157223477717954,0.08124780916675714
mu2_2p200__sigma_0p150,2.2,0.15,6.16,84.37143474196579,86.72134158047535,0.13374297633388665,0.11858222757880905,0.05389233474047929,0.05420758453192168,0.11733650196863049,0.11517546839438816,0.08445769495330967,0.08408739308758892
mu2_2p200__sigma_0p150,2.2,0.15,6.41,84.34906126784416,86.63557277653564,0.134883629776758,0.1203828842253916,0.05389233474047929,0.05420758453192168,0.11733650196863049,0.11517546839438816,0.08546934604342078,0.08508167094585489
mu2_2p200__sigma_0p150,2.2,0.15,6.66,84.32906547926936,86.55513665669281,0.13596355622036063,0.12212814959969694,0.05389233474047929,0.05420758453192168,0.11733650196863049,0.11517546839438816,0.08655261521375733,0.0861452623354409
mu2_2p200__sigma_0p150,2.2,0.15,6.91,84.27079784010861,86.47959216672447,0.13698748507623382,0.12381797023297754,0.05389233474047929,0.05420758453192168,0.11881514568481938,0.11662254642557193,0.08679386127849431,0.0863818624176482
mu2_2p200__sigma_0p150,2.2,0.15,7.16,84.25707988356508,86.40834162748392,0.13796033253725856,0.12545341777470184,0.05389233474047929,0.05420758453192168,0.11881514568481938,0.11662254642557193,0.0869432851683971,0.08652830532902368
mu2_2p200__sigma_0p150,2.2,0.15,7.41,84.13198558424814,86.34100032663257,0.13888684620923214,0.12703482835835347,0.05389233474047929,0.05420758453192168,0.12051319338656476,0.12392610388063,0.08709009675168371,0.08667209253752074
mu2_2p200__sigma_0p150,2.2,0.15,7.66,84.11859184645465,86.27715409368031,0.1397706819066694,0.1285627335071967,0.05389233474047929,0.05420758453192168,0.1222895334317052,0.13176100299194668,0.08764829913823349,0.08721817468651678
mu2_2p200__sigma_0p150,2.2,0.15,7.91,84.11278587721583,86.21649056168268,0.14061562638346603,0.13003819612776732,0.05389233474047929,0.05420758453192168,0.1222895334317052,0.13176100299194668,0.08819786129444661,0.08775514076514024
mu2_2p200__sigma_0p150,2.2,0.15,8.16,84.10767876051605,86.15878158693924,0.14142396535644922,0.13146243277633574,0.05389233474047929,0.05420758453192168,0.1222895334317052,0.13176100299194668,0.08899479423356549,0.08853292267058858
mu2_2p200__sigma_0p150,2.2,0.15,8.41,84.10532127760533,86.10364502282114,0.1421992857288738,0.13283708480170794,0.05389233474047929,0.05420758453192168,0.12228953345560764,0.1317610030962111,0.09007226454563998,0.08958307127939664
mu2_2p200__sigma_0p150,2.2,0.15,8.66,84.07940715406959,86.05090967658427,0.14294443231433224,0.13416399287155892,0.05389233474047929,0.05420758453192168,0.12230011373577465,0.1318075283932337,0.09142810518076065,0.09090241320525327
mu2_2p200__sigma_0p150,2.2,0.15,8.91,84.07940697096356,86.00040801635173,0.14366093794484805,0.13544566836027097,0.05389233474047929,0.05420758453192168,0.12230011373577465,0.1318075283932337,0.09142827156705562,0.09090257493455767
mu2_2p200__sigma_0p150,2.2,0.15,9.16,84.07692729567002,85.95191660709402,0.14435101176105994,0.136684172208043,0.05389233474047929,0.05420758453192168,0.12230011373577465,0.1318075283932337,0.09300479793509628,0.09243383344388095
mu2_2p200__sigma_0p150,2.2,0.15,9.41,84.06171519850149,85.90535563066985,0.14501623154088603,0.1378809145538703,0.05389233474047929,0.05420758453192168,0.12233498293526161,0.1319654192805591,0.09468590013730876,0.0940633194319564
mu2_2p200__sigma_0p150,2.2,0.15,9.66,84.06096916578608,85.86061495836935,0.1456575207475725,0.13903755188090988,0.05389233474047929,0.05420758453192168,0.12233498293526161,0.1319654192805591,0.09630823417989857,0.09563239668288255
mu2_2p200__sigma_0p150,2.2,0.15,9.91,84.05798607252379,85.81755157627853,0.14627617190594874,0.14015623539553518,0.05389233474047929,0.05420758453192168,0.12233498293526161,0.1319654192805591,0.09631065082355027,0.09563473082001944
mu2_2p200__sigma_0p180,2.2,0.18,2.4,89.54720655441074,88.31539542581581,0.09069524216256418,0.0767059155887532,0.06428384262899592,0.06482854050972942,0.06428398518338227,0.064828512988624,0.07022912721200669,0.06999652340620527
mu2_2p200__sigma_0p180,2.2,0.18,2.65,87.57328413009378,88.44520875282018,0.10025276638826922,0.07206852260106347,0.06428384262899592,0.06482854050972942,0.07451642051549252,0.07426302671825222,0.06442191720897444,0.06477067865689388
mu2_2p200__sigma_0p180,2.2,0.18,2.9000000000000004,85.78874402999568,88.29812309829458,0.10873486123521593,0.08158035314810658,0.06428384262899592,0.06482854050972942,0.1038773075047633,0.10316779380746038,0.07159427855507987,0.07135596908510831
mu2_2p200__sigma_0p180,2.2,0.18,3.1500000000000004,84.62180158614748,88.04923397989764,0.11372889207049038,0.08748880452284324,0.06428384262899592,0.06482854050972942,0.12029138308224357,0.11886081305194447,0.07405133502835623,0.07380085212789089
mu2_2p200__sigma_0p180,2.2,0.18,3.4000000000000004,84.04226453780714,87.7805679827133,0.11730638146933244,0.0915841583049977,0.06428384262899592,0.06482854050972942,0.12812090863428066,0.12607167650204992,0.07408073226498903,0.07383008223521681
mu2_2p200__sigma_0p180,2.2,0.18,3.6500000000000004,83.79982282638085,87.52491242295666,0.12030723624191875,0.0948256427882937,0.06428384262899592,0.06482854050972942,0.13238193563668782,0.1298892185737646,0.07491118728762204,0.07465518510887648
mu2_2p200__sigma_0p180,2.2,0.18,3.9000000000000004,83.73831312179041,87.2927136885925,0.12299561504817207,0.09768227837544097,0.06428384262899592,0.06482854050972942,0.1343144728300568,0.13159033326945363,0.08103687442887737,0.08073020039872719
mu2_2p200__sigma_0p180,2.2,0.18,4.15,83.67388410567659,87.08242643542205,0.1254680365375776,0.10036692857889715,0.06428384262899592,0.06482854050972942,0.13559289919867665,0.13270110852895042,0.08720587440489054,0.08683135849398892
mu2_2p200__sigma_0p180,2.2,0.18,4.4,83.63824598311746,86.89205589988266,0.12777467197555784,0.10296787237071979,0.06428384262899592,0.06482854050972942,0.13602982881566256,0.1330799928183444,0.08859024152990025,0.08819790987847857
mu2_2p200__sigma_0p180,2.2,0.18,4.65,83.54361982344892,86.71924216281504,0.12993190715473057,0.1055148943678825,0.06428384262899592,0.06482854050972942,0.13759947040217815,0.13442300994271772,0.08885380509138009,0.0884577881892458
mu2_2p200__sigma_0p180,2.2,0.18,4.9,83.45933729171009,86.56148677234312,0.131950935956135,0.10801221541404563,0.06428384262899592,0.06482854050972942,0.13760030399937592,0.1344237173800731,0.08965050901961014,0.08924243255200225
mu2_2p200__sigma_0p180,2.2,0.18,5.15,83.42937055586967,86.41684886817917,0.13384238143808333,0.11045644654134124,0.06428384262899592,0.06482854050972942,0.13861305277653757,0.1352780608166374,0.09127838167284574,0.09084360796884389
mu2_2p200__sigma_0p180,2.2,0.18,5.4,83.39125013350585,86.28367838060659,0.1356154638846302,0.11284134668812207,0.06428384262899592,0.06482854050972942,0.13916915083382994,0.13574441315122618,0.0941982002947149,0.09371039653622389
mu2_2p200__sigma_0p180,2.2,0.18,5.65,83.3650492668061,86.16049357089409,0.13727946312530043,0.11516032705769923,0.06428384262899592,0.06482854050972942,0.13917094599767907,0.13574591135199554,0.09800402794461932,0.09743809047826817
mu2_2p200__sigma_0p180,2.2,0.18,5.9,83.31490491866103,86.04605103388549,0.13884584392585572,0.11741026685135728,0.06428384262899592,0.06482854050972942,0.14056730789242786,0.1369022352605268,0.10140176076034196,0.10075701968874781
mu2_2p200__sigma_0p180,2.2,0.18,6.15,83.28082502364092,85.93939304057795,0.14032313264660423,0.11959036953420635,0.06428384262899592,0.06482854050972942,0.14056730789242786,0.1369022352605268,0.10257612282644536,0.10190172116558337
mu2_2p200__sigma_0p180,2.2,0.18,6.4,83.22858533858178,85.83961707860911,0.14171953681317215,0.12169988575893409,0.06428384262899592,0.06482854050972942,0.14088338889857388,0.13716132672442027,0.10336779444103282,0.10267240230638944
mu2_2p200__sigma_0p180,2.2,0.18,6.65,83.14225873946015,85.74594954779934,0.14304194664340025,0.12373927197487782,0.06428384262899592,0.06482854050972942,0.1426593646019933,0.13966490950799468,0.10401196089099454,0.10329862298921388
mu2_2p200__sigma_0p180,2.2,0.18,6.9,83.07778577803379,85.65775251892448,0.14429747833502282,0.12570940396304497,0.06428384262899592,0.06482854050972942,0.14485457376744007,0.1488234290938095,0.10450007871453859,0.10377244139168344
mu2_2p200__sigma_0p180,2.2,0.18,7.15,83.07342817305275,85.574541826441,0.1454913716121127,0.1276120574275016,0.06428384262899592,0.06482854050972942,0.14485457376744007,0.1488234290938095,0.10504989586479473,0.1043053878207235
mu2_2p200__sigma_0p180,2.2,0.18,7.4,83.05665052412641,85.49569311679782,0.14662936519605355,0.12944909824626796,0.06428384262899592,0.06482854050972942,0.1448545737674399,0.14882342909380952,0.1057907318662042,0.1050223961114678
mu2_2p200__sigma_0p180,2.2,0.18,7.65,83.03287336348131,85.42094975246393,0.14771615607714475,0.13122213297405905,0.06428384262899592,0.06482854050972942,0.14489617970323962,0.1489955642388898,0.10679667139733828,0.10599426597711738
mu2_2p200__sigma_0p180,2.2,0.18,7.9,83.01429883955498,85.34993039984006,0.1487544378431011,0.13293267505282017,0.06428384262899592,0.06482854050972942,0.14489617970323962,0.1489955642388898,0.10816584974818746,0.10731425136589032
mu2_2p200__sigma_0p180,2.2,0.18,8.15,82.95748212812865,85.28223031311316,0.14974872811471868,0.1345830864177937,0.06428384262899592,0.06482854050972942,0.1449700563205517,0.14932276249837034,0.109851886581489,0.10893555691552184
mu2_2p200__sigma_0p180,2.2,0.18,8.4,82.93834058760075,85.21757565285311,0.15070269280632828,0.13617540729502806,0.06428384262899592,0.06482854050972942,0.14722437583283432,0.1590866530134061,0.10985188658149567,0.10893555691552824
mu2_2p200__sigma_0p180,2.2,0.18,8.65,82.93233442304941,85.15569966644144,0.15161921393591016,0.13771232173921827,0.06428384262899592,0.06482854050972942,0.14722437583283432,0.1590866530134061,0.11178239394844987,0.11078647369259285
mu2_2p200__sigma_0p180,2.2,0.18,8.9,82.93191297529495,85.09642711970963,0.1525007219084473,0.13919695640935625,0.06428384262899592,0.06482854050972942,0.14722437583283432,0.1590866530134061,0.11380942629750766,0.11272350574170797
mu2_2p200__sigma_0p180,2.2,0.18,9.15,82.91145856855613,85.03955380312092,0.15334931308226032,0.14063159154781738,0.06428384262899592,0.06482854050972942,0.14722437583283432,0.1590866530134061,0.11381845462453366,0.1127321170370967
mu2_2p200__sigma_0p180,2.2,0.18,9.4,82.91145887373133,84.98489971637125,0.15416711021253254,0.14201881063516367,0.06428384262899592,0.06482854050972942,0.14722437583283432,0.1590866530134061,0.11573918140264293,0.11456095527388566
mu2_2p200__sigma_0p180,2.2,0.18,9.65,82.89177839277374,84.93230137272927,0.1549561553202404,0.1433612310436263,0.06428384262899592,0.06482854050972942,0.14722437583283432,0.1590866530134061,0.11576295797724197,0.1145835576780896
mu2_2p200__sigma_0p180,2.2,0.18,9.9,82.86755994794893,84.88164164584184,0.15571809573438763,0.14466029746836515,0.06428384262899592,0.06482854050972942,0.14722437583283202,0.1590866530134071,0.11744673210643865,0.11618061512739641
